0,,"少しでも食堂の立て直しが進むように
まずは木材でも調達してこようかと思うんだ","I'm thinking of gathering timber to assist in 
the reconstruction of the dining hall, 
even if it's just a little help.",ui\00_message\quest\q10300700.gmd,\quest\q10300700.arc,q10300700.arc,8,Brad
0,,"手分けした方が早く集まるだろうから
この近くをそれぞれ探してみよう","It'll be faster if we split up and gather, 
so let's each explore this area.",ui\00_message\quest\q10300700.gmd,\quest\q10300700.arc,q10300700.arc,9,Brad
0,,"この近くにある木材を手分けして探そう
俺も大体の目星を付けてから探しに行くよ","Let's search separately for wood around here.

I'll help look after getting my bearings first.",ui\00_message\quest\q10300700.gmd,\quest\q10300700.arc,q10300700.arc,10,Brad
0,,"ちょうどいいところに！
木材を集めていたらこいつらが
急に襲ってきやがった
悪いが手を貸してくれ！","Just at the right moment! 
I was gathering wood when these 
creatures suddenly attacked me. 
Sorry, but please lend a hand!",ui\00_message\quest\q10300700.gmd,\quest\q10300700.arc,q10300700.arc,11,Brad
0,,"助かったよ、ありがとう
――あいたた
前に負傷した足が本調子じゃないみたいだ","You saved me, thank you
—tch.
It seems my injured leg is not fully healed yet.",ui\00_message\quest\q10300700.gmd,\quest\q10300700.arc,q10300700.arc,12,Brad
0,,"ちょっとヤバい目にあったが、
かなりの木材を集められたことだし
大食堂に戻るとしようか","Let us divide the search for the nearby lumber. 
I will head out once I have 
an idea of where to look.",ui\00_message\quest\q10300700.gmd,\quest\q10300700.arc,q10300700.arc,13,Brad
0,,"木材は家具を作るのにも
料理する時の燃料にも使うから
たくさんあるに越したことはないよな","Wood is used for making furniture 
and as fuel for cooking, so 
it's better to have plenty of it.",ui\00_message\quest\q10300700.gmd,\quest\q10300700.arc,q10300700.arc,14,Brad
0,,"そうそう、ローナがあなたを探してたわ
何か用事があるみたいだったから
話を聞きに行ってもらえない？","Oh yeah, Lorna was looking for you.
She seemed to have something for you.
Could you go talk to her?",ui\00_message\quest\q10300701.gmd,\quest\q10300701.arc,q10300701.arc,0,Carrie
0,,"ありがと！
どうも、アタシじゃダメな用事みたいでさ――
じゃあ詳しくはローナから聞いてみてね","Thank you! 
Seems like I'm not the right person for the task. 
Try asking Lorna for the details.",ui\00_message\quest\q10300701.gmd,\quest\q10300701.arc,q10300701.arc,1,Carrie
0,,"ローナがあなたに用があるみたいなの
どうも、アタシじゃダメな用事みたいでさ――
詳しくはローナから聞いてみて","It appears Lorna has something for you. 
Yeah, it seems it's something I can't do. 
Ask Lorna for more details.",ui\00_message\quest\q10300701.gmd,\quest\q10300701.arc,q10300701.arc,2,Carrie
0,,"ローナも覚者さんも
こんなにたくさんのお肉をありがとう！
これでしばらくは飢える心配も無さそうね
ふふ、どんな風に料理しようかな――","Lorna and Ser Arisen, 
thank you for all this meat! 
Now we won't have to worry about 
hunger for a while. 
Hehe, I wonder how I should cook it...",ui\00_message\quest\q10300701.gmd,\quest\q10300701.arc,q10300701.arc,3,Carrie
0,,"ブラッドと一緒に木材を
調達しに行ったんだってね","I heard you and Brad went to
to procure wood.",ui\00_message\quest\q10300701.gmd,\quest\q10300701.arc,q10300701.arc,4,Lorna
0,,"私も大食堂復旧に一肌脱ぎたいんだ
よければ、手を貸してくれない？","I'd also like to help restore the dining hall.

Would you mind lending me a hand?",ui\00_message\quest\q10300701.gmd,\quest\q10300701.arc,q10300701.arc,5,Lorna
0,,"この近くに罠を仕掛けておいたから
獣がかかってないか見に行きたくてね
危険な場所だから一緒に来てくれると助かる","I placed a trap nearby and wish to see if a 
beast has been ensnared. 
It's a perilous area, so it would be helpful 
if you could accompany me.",ui\00_message\quest\q10300701.gmd,\quest\q10300701.arc,q10300701.arc,6,Lorna
0,,"ほら、見える？
あっちに檻の罠をしかけておいたんだ
ちゃんと魔物の少ない場所を選んだから
無事のはず――","Look, do you see it? 
I placed a cage trap over there. 
I made sure to pick a spot with few 
monsters, so it should be fine―",ui\00_message\quest\q10300701.gmd,\quest\q10300701.arc,q10300701.arc,7,Lorna
0,,"――――うそ
こんなところに魔物！？","―What?
A monster? Here?",ui\00_message\quest\q10300701.gmd,\quest\q10300701.arc,q10300701.arc,8,Lorna
0,,"まったく、タイミングが悪いね――
とりあえず、檻に気付かれる前に
邪魔者は片付けよう","Truly, the timing is unfortunate―
Let's dispose of the nuisance 
before we're spotted by the cage.",ui\00_message\quest\q10300701.gmd,\quest\q10300701.arc,q10300701.arc,9,Lorna
0,,"ん？　これは――ウサギ？
こんなおおきな罠を用意してこれだけか
まぁ、仕方ないね",,ui\00_message\quest\q10300701.gmd,\quest\q10300701.arc,q10300701.arc,10,Lorna
0,,"ちょっと待って――
――――",,ui\00_message\quest\q10300701.gmd,\quest\q10300701.arc,q10300701.arc,11,Lorna
0,,"今の声は？
――ちょっと、あそこを見て！",,ui\00_message\quest\q10300701.gmd,\quest\q10300701.arc,q10300701.arc,12,Lorna
0,,"あのクラッガー、きっとウサギの臭いを
嗅ぎつけてきたんだ！
横取りされないように追い払わないと！",,ui\00_message\quest\q10300701.gmd,\quest\q10300701.arc,q10300701.arc,13,Lorna
0,,"サルの肉と一緒にしていたせいで
ウサギの肉にも臭いが付いちゃったみたい",,ui\00_message\quest\q10300701.gmd,\quest\q10300701.arc,q10300701.arc,14,Lorna
0,,"臭い消しに使えそうなハーブでもあると
いいんだけど――
この辺りには、香りのいい植物は生えてないんだ
もし持ってたら、分けてもらえない？",,ui\00_message\quest\q10300701.gmd,\quest\q10300701.arc,q10300701.arc,15,Lorna
0,,"うーん――いい香りのハーブだね！
これならキャリーに渡せそう
料理してみんなに出してもらえるといいな",,ui\00_message\quest\q10300701.gmd,\quest\q10300701.arc,q10300701.arc,16,Lorna
0,,"本当に、協力ありがとう――
あんたのおかげで思わぬ収穫もあったしね
恩返しってわけじゃないけど、もし私の力が要る時は
いつでも協力するから声かけてよ",,ui\00_message\quest\q10300701.gmd,\quest\q10300701.arc,q10300701.arc,17,Lorna
0,,"お疲れ様！
おかげでかなりの収穫があったからね
こんなにたくさんの肉、きっとみんなも喜ぶよ",,ui\00_message\quest\q10300701.gmd,\quest\q10300701.arc,q10300701.arc,18,Lorna
0,,"だけど――さっき獲れたサルの肉がさ
やっぱり臭いが気になるんだよね
こんなんじゃキャリーに渡すのも
ちょっと気が引けるなってくらい――",,ui\00_message\quest\q10300701.gmd,\quest\q10300701.arc,q10300701.arc,19,Lorna
0,,"臭い消しに使えそうなハーブでもあると
いいんだけど――
この辺りには、香りのいい植物は生えてないんだ
もし持ってたら、分けてもらえない？",,ui\00_message\quest\q10300701.gmd,\quest\q10300701.arc,q10300701.arc,20,Lorna
0,,"――ビックリしたね
それじゃ、檻を確認しに行こう",,ui\00_message\quest\q10300701.gmd,\quest\q10300701.arc,q10300701.arc,21,Lorna
0,,"サルの肉っておいしいのかな？
確か、臭みがあったような――
まぁいいや、食べごたえだけはありそうだし
贅沢言ってられないよね",,ui\00_message\quest\q10300701.gmd,\quest\q10300701.arc,q10300701.arc,22,Lorna
0,,"さてと、これでウサギとサルの肉が手に入った！
手伝ってくれてありがとう
肉が痛んじゃう前に戻ろうか",,ui\00_message\quest\q10300701.gmd,\quest\q10300701.arc,q10300701.arc,23,Lorna
0,,一緒に罠を見に行く準備はいい？,,ui\00_message\quest\q10300701.gmd,\quest\q10300701.arc,q10300701.arc,24,Lorna
0,,出発する,Depart,ui\00_message\quest\q10300701.gmd,\quest\q10300701.arc,q10300701.arc,25,Lorna
0,,ちょっと待ってくれ,Wait a moment,ui\00_message\quest\q10300701.gmd,\quest\q10300701.arc,q10300701.arc,26,Lorna
0,,"じゃあ、早速行こうか
食べごたえのある獲物がかかってると良いな",,ui\00_message\quest\q10300701.gmd,\quest\q10300701.arc,q10300701.arc,27,Lorna
0,,"あんまりゆっくりしてると
獲物が逃げ出しちゃうかも――
なるべく早めに準備してきて",,ui\00_message\quest\q10300701.gmd,\quest\q10300701.arc,q10300701.arc,28,Lorna
0,,"もう、あんまり暴れるなって！
獲物が逃げるじゃない！",,ui\00_message\quest\q10300701.gmd,\quest\q10300701.arc,q10300701.arc,29,Lorna
0,,"そういえば、コイツは確か――
皮は固くても、毒は持っていなかったはず！
狩るには手強い相手だけど
今日は二人だし――思わぬ収穫になりそうだね",,ui\00_message\quest\q10300701.gmd,\quest\q10300701.arc,q10300701.arc,30,Lorna
0,,"大食堂にも、前は店員さんがいて
接客をしてくれてたんだけどね
この混乱で行方不明になっちゃったんだ",,ui\00_message\quest\q10300702.gmd,\quest\q10300702.arc,q10300702.arc,0,Carrie
0,,"彼女――ヘザーが今どこにいるのか
無事かどうかすらわからなくて――",,ui\00_message\quest\q10300702.gmd,\quest\q10300702.arc,q10300702.arc,1,Carrie
0,,"もし無事でいるなら
ティネス砦が安全になったことを伝えたいし
前みたいに彼女に手伝ってもらえたらなって――",,ui\00_message\quest\q10300702.gmd,\quest\q10300702.arc,q10300702.arc,2,Carrie
0,,"ヘザーを探してくれるの？
ほ、ホントに！？
えっと、それじゃあまずは情報収集よね",,ui\00_message\quest\q10300702.gmd,\quest\q10300702.arc,q10300702.arc,3,Carrie
0,,"ティネス砦の中だと、心当たりは――
彼女と仲が良かったセダなら
何か情報を持ってないかしら？",,ui\00_message\quest\q10300702.gmd,\quest\q10300702.arc,q10300702.arc,4,Carrie
0,,"彼女と仲が良かったセダなら
なにか情報をもっているかもしれないわ
無事でいてくれたらいいんだけど",,ui\00_message\quest\q10300702.gmd,\quest\q10300702.arc,q10300702.arc,5,Carrie
0,,"ヘザーが戻って来たわ！
ケガも無くて、いつもの笑顔が素敵なヘザーだった！
それに少し休んだら食堂を手伝ってくれるって――
あなたのおかげよ、どうも有り難う！",,ui\00_message\quest\q10300702.gmd,\quest\q10300702.arc,q10300702.arc,6,Carrie
0,,"ヘザーの行方？
――そうですね、途中までは
確かに一緒に逃げていたんです",,ui\00_message\quest\q10300702.gmd,\quest\q10300702.arc,q10300702.arc,7,Seda
0,,"でも、魔物に追われるうちに
はぐれてしまいまして――
ロスギルの近くまでは一緒だったはずなんです",,ui\00_message\quest\q10300702.gmd,\quest\q10300702.arc,q10300702.arc,8,Seda
0,,"ヘザーという女性？
詳しいことはわからないが
ティネス砦から逃げ延びた人々が
この近くにいたのは確かだ",,ui\00_message\quest\q10300702.gmd,\quest\q10300702.arc,q10300702.arc,9,Victor
0,,"近くに麦畑があって
そこに使われていない小屋があるんだが――
あの辺りを使っていたようだな",,ui\00_message\quest\q10300702.gmd,\quest\q10300702.arc,q10300702.arc,10,Victor
0,,もしかして、誰か助けにきてくれたの？,,ui\00_message\quest\q10300702.gmd,\quest\q10300702.arc,q10300702.arc,11,Heather
0,,"ヘザーは私よ
一緒に逃げていたみんなとはぐれちゃって――
外は魔物だらけだし、怖くてずっとここに隠れてたの",,ui\00_message\quest\q10300702.gmd,\quest\q10300702.arc,q10300702.arc,12,Heather
0,,"みんなはもうティネス砦に戻ってるのね
私も早く帰りたいわ！
ああ、またみんなに会えるなんて夢みたい",,ui\00_message\quest\q10300702.gmd,\quest\q10300702.arc,q10300702.arc,13,Heather
0,,"助けに来てくれて、ありがとう――！
これでやっと私もティネス砦に帰れるわ",,ui\00_message\quest\q10300702.gmd,\quest\q10300702.arc,q10300702.arc,14,Heather
0,,"《ベルタ盗賊団のアジト》から物資要請があったんだ
だから解放軍の人に運搬を頼んだんだけど
魔物に襲われて積み荷がダメになっちゃったらしいの",,ui\00_message\quest\q10300703.gmd,\quest\q10300703.arc,q10300703.arc,0,Carrie
0,,"今度こそちゃんと届けたいから
洞窟に巣食った魔物たちの討伐――
なんとかお願いできない？",,ui\00_message\quest\q10300703.gmd,\quest\q10300703.arc,q10300703.arc,1,Carrie
0,,"ん、覚者さん
どうしたんだい",,ui\00_message\quest\q10300703.gmd,\quest\q10300703.arc,q10300703.arc,2,Lorna
0,,"えっ、盗賊のアジトへ食料を？
うーん――悪いけど、これから一仕事あってね
ヘザーに手伝いを頼まれてさ",,ui\00_message\quest\q10300703.gmd,\quest\q10300703.arc,q10300703.arc,3,Lorna
0,,"盗賊のアジトへ食料を届ける手伝い！？
――覚者さん、何を考えてるんだ？
盗賊どもを助けるために、危険を冒すなんて",,ui\00_message\quest\q10300703.gmd,\quest\q10300703.arc,q10300703.arc,4,Brad
0,,"だいたい、物資要請が本当って証拠はあるのか？
盗むことを悪いと感じないような奴らだろ
食う物くらい自力でなんとかできるんじゃないのか？",,ui\00_message\quest\q10300703.gmd,\quest\q10300703.arc,q10300703.arc,5,Brad
0,,"――俺の爺ちゃんは国を護る兵士だったけど
盗賊とのいざこざで殉職したんだ
覚者さんには悪いけど――今回は力になれないな",,ui\00_message\quest\q10300703.gmd,\quest\q10300703.arc,q10300703.arc,6,Brad
0,,"聞いた話だとかなりの数の魔物がいるみたい
ローナやブラッドみたいな、戦える人に
手を貸してもらった方が良いんじゃないかな",,ui\00_message\quest\q10300703.gmd,\quest\q10300703.arc,q10300703.arc,7,Carrie
0,,"出発前に声をかけてみて！
二人とも良い人だもの
きっと、どちらかは手を貸してくれるはずよ",,ui\00_message\quest\q10300703.gmd,\quest\q10300703.arc,q10300703.arc,8,Carrie
0,,"それから、もし戦力が足りないと思ったら
あなたの――ええと、ぽーん？　だっけ
その人たちの力を借りるのもいいと思うわ
とにかく、一人で何とかしようとしないでね",,ui\00_message\quest\q10300703.gmd,\quest\q10300703.arc,q10300703.arc,9,Carrie
0,,"よう覚者さん――お困りみてぇで？
話は聞かせてもらいやしたぜ",,ui\00_message\quest\q10300703.gmd,\quest\q10300703.arc,q10300703.arc,10,Sunika
0,,"盗賊にいい顔しない奴らは
どうしたっているもんです
いや、覚者さんやキャリーの姐さんが
珍しい部類なんでさ",,ui\00_message\quest\q10300703.gmd,\quest\q10300703.arc,q10300703.arc,11,Sunika
0,,"俺で良けりゃ、力になりますぜ！
これでも足にはちっと自信があるんでね",,ui\00_message\quest\q10300703.gmd,\quest\q10300703.arc,q10300703.arc,12,Sunika
0,,"さて、それじゃ早速行きますかい――
準備の方はもうよろしいんで？",,ui\00_message\quest\q10300703.gmd,\quest\q10300703.arc,q10300703.arc,13,Sunika
0,,出発する,Depart,ui\00_message\quest\q10300703.gmd,\quest\q10300703.arc,q10300703.arc,14,Sunika
0,,――少し待ってほしい,...I want to wait awhile,ui\00_message\quest\q10300703.gmd,\quest\q10300703.arc,q10300703.arc,15,Sunika
0,,"道案内なら俺に任してくだせぇ
ここの道なら、誰よりも分かってんだ",,ui\00_message\quest\q10300703.gmd,\quest\q10300703.arc,q10300703.arc,16,Sunika
0,,"ふぅ――まさかマンティコアがいたとはなぁ
そりゃあ、騒がしくもなる訳だ",,ui\00_message\quest\q10300703.gmd,\quest\q10300703.arc,q10300703.arc,17,Sunika
0,,"これでキャリーの姐さんも一安心でしょうや
貴重な食料、そう何度も無駄にできませんからね",,ui\00_message\quest\q10300703.gmd,\quest\q10300703.arc,q10300703.arc,18,Sunika
0,,"さてと――それじゃあ報告しに戻りますかね
なぁに、近道を通ればティネスまですぐでさ",,ui\00_message\quest\q10300703.gmd,\quest\q10300703.arc,q10300703.arc,19,Sunika
0,,"損得抜きで盗賊のためにひと肌脱ごうなんて
気軽に言い切るような人間――
キャリーの姐さんの他には見たことありませんや",,ui\00_message\quest\q10300703.gmd,\quest\q10300703.arc,q10300703.arc,20,Sunika
0,,"俺らは盗賊だが、義理は大事にする方です
姐さんが困ってるってなら、俺はいつだって
すぐに馳せ参じますぜ",,ui\00_message\quest\q10300703.gmd,\quest\q10300703.arc,q10300703.arc,21,Sunika
0,,"あ、覚者さん
スニーカーさんと一緒に行ってきてくれたんだ！
助かったわ、ありがとう！",,ui\00_message\quest\q10300703.gmd,\quest\q10300703.arc,q10300703.arc,22,Carrie
0,,"さてと、それじゃあまた邪魔者が来る前に
急いで運搬しなおさなきゃね",,ui\00_message\quest\q10300703.gmd,\quest\q10300703.arc,q10300703.arc,23,Carrie
0,,"この辺りもだいぶ魔物が増えてきやしてね
酷いのはこっちだ、ついて来てくだせえ",,ui\00_message\quest\q10300703.gmd,\quest\q10300703.arc,q10300703.arc,24,Sunika
0,,おっと、さっそく歓迎されてるみてぇで――,,ui\00_message\quest\q10300703.gmd,\quest\q10300703.arc,q10300703.arc,25,Sunika
0,,ひぇっ――実をいうと不気味なのは苦手なんでさ,,ui\00_message\quest\q10300703.gmd,\quest\q10300703.arc,q10300703.arc,26,Sunika
0,,"この奥に、魔物の吹き溜まりがあるんです
そこにきっと――",,ui\00_message\quest\q10300703.gmd,\quest\q10300703.arc,q10300703.arc,27,Sunika
0,,やっぱりな――大将のお出ましってやつですぜ！,,ui\00_message\quest\q10300703.gmd,\quest\q10300703.arc,q10300703.arc,28,Sunika
0,,"聞いた話だとかなりの数の魔物がいるみたい
ローナやブラッドみたいな、戦える人に
手を貸してもらった方が良いんじゃないかな",,ui\00_message\quest\q10300703.gmd,\quest\q10300703.arc,q10300703.arc,29,Carrie
0,,"出発前に声をかけてみて！
二人とも良い人だもの
きっと、どちらかは手を貸してくれるはずよ",,ui\00_message\quest\q10300703.gmd,\quest\q10300703.arc,q10300703.arc,30,Carrie
0,,"それから、もし戦力が足りないと思ったら
あなたの――ええと、ぽーん？　だっけ
その人たちの力を借りるのもいいと思うわ
とにかく、一人で何とかしようとしないでね",,ui\00_message\quest\q10300703.gmd,\quest\q10300703.arc,q10300703.arc,31,Carrie
0,,"ねぇ、ほら――
ちょっと変でしょ",,ui\00_message\quest\q10300704.gmd,\quest\q10300704.arc,q10300704.arc,0,Carrie
0,,"見て――ヘザーの表情
なんだか、ずっと物憂げな顔してるの
心配だよ――",,ui\00_message\quest\q10300704.gmd,\quest\q10300704.arc,q10300704.arc,1,Carrie
0,,"覚者さんなら、ヘザーの力になれるはず
だって覚者さんの強さは
アタシもよく知ってるから！
――ヘザーのこと、お願いね！",,ui\00_message\quest\q10300704.gmd,\quest\q10300704.arc,q10300704.arc,2,Carrie
0,,"実はね――
私、逃げている時に
ピレモスに隠れていたこともあるの",,ui\00_message\quest\q10300704.gmd,\quest\q10300704.arc,q10300704.arc,3,Heather
0,,"その時に仲良くなった友達がいたんだけど
彼女、故郷が気になるからって出て行ったのよね
確か""デニスィル""って名前の村だったわ",,ui\00_message\quest\q10300704.gmd,\quest\q10300704.arc,q10300704.arc,4,Heather
0,,"最近、そのデニスィルがすでに魔軍に
潰されてたっていう話を聞いちゃって――
私、彼女のことが心配になって――",,ui\00_message\quest\q10300704.gmd,\quest\q10300704.arc,q10300704.arc,5,Heather
0,,"ねぇ、覚者さま
私の友達――アイダンが今どうしてるか
探してくれない？",,ui\00_message\quest\q10300704.gmd,\quest\q10300704.arc,q10300704.arc,6,Heather
0,,"《廃村デニスィル》の辺りに行けば
何か手がかりがあるかもしれないわ
お願い、どんな結果でも受け入れるから――",,ui\00_message\quest\q10300704.gmd,\quest\q10300704.arc,q10300704.arc,7,Heather
0,,"私の友達――アイダンが今どうしてるか
探してほしいの",,ui\00_message\quest\q10300704.gmd,\quest\q10300704.arc,q10300704.arc,8,Heather
0,,"故郷の村に帰るって言っていたから
《廃村デニスィル》の辺りに行けば
何か手がかりがあるかもしれないわ
お願い、どんな結果でも受け入れるから――",,ui\00_message\quest\q10300704.gmd,\quest\q10300704.arc,q10300704.arc,9,Heather
0,,"何者かが野営をした跡がある――
食い散らかされた肉が散乱している",,ui\00_message\quest\q10300704.gmd,\quest\q10300704.arc,q10300704.arc,10,The White Dragon
0,,"豪奢なブレスレットが落ちている――
何者かが争ったような痕跡も残されている",,ui\00_message\quest\q10300704.gmd,\quest\q10300704.arc,q10300704.arc,11,The White Dragon
0,,こ、来ないで――,,ui\00_message\quest\q10300704.gmd,\quest\q10300704.arc,q10300704.arc,12,Aidan
0,,"あなたは――人間？
ここは危険よ、来ては駄目――
あの人のように、奴らにやられてしまう",,ui\00_message\quest\q10300704.gmd,\quest\q10300704.arc,q10300704.arc,13,Aidan
0,,ほら、奴らが帰ってきた――！,,ui\00_message\quest\q10300704.gmd,\quest\q10300704.arc,q10300704.arc,14,Aidan
0,,"あ、あなた――奴らを倒したの？
それじゃあ、私はもう自由なの？
ありがとう――本当に、なんとお礼を言えばいいか",,ui\00_message\quest\q10300704.gmd,\quest\q10300704.arc,q10300704.arc,15,Aidan
0,,"私はアイダン
これまでは、そうね――
流れの踊り子をして暮らしてたわ",,ui\00_message\quest\q10300704.gmd,\quest\q10300704.arc,q10300704.arc,16,Aidan
0,,"故郷のデニスィルが
魔軍に襲われたって聞いて
いてもたってもいられず帰ってみたら
こんなことに――",,ui\00_message\quest\q10300704.gmd,\quest\q10300704.arc,q10300704.arc,17,Aidan
0,,"まぁ、ヘザーが？
そうだったの、探しに来てくれてありがとう
私もヘザーと一緒に解放軍のために
働いてみようかしら",,ui\00_message\quest\q10300704.gmd,\quest\q10300704.arc,q10300704.arc,18,Aidan
0,,"さぁ、それじゃあ帰りましょう
私たちの拠り所、ティネス砦へ――",,ui\00_message\quest\q10300704.gmd,\quest\q10300704.arc,q10300704.arc,19,Aidan
0,,"故郷を恋しく思ったことなんて無かったけど
あんなことになっているのを
目の当たりにするとね――
でも、落ち込んでばかりいられないものね",,ui\00_message\quest\q10300704.gmd,\quest\q10300704.arc,q10300704.arc,20,Aidan
0,,"ふぅん、食堂を復旧しようとしてるのね
それじゃあ盛り上げ役は任せて！
こう見えて、王宮でダンスを披露したことも
あるんだから！",,ui\00_message\quest\q10300704.gmd,\quest\q10300704.arc,q10300704.arc,21,Aidan
0,,"アイダン、そんな酷い目にあっていたなんて――
手遅れになる前に救い出せて良かった――
友達を助けてくれて、本当にありがとう",,ui\00_message\quest\q10300704.gmd,\quest\q10300704.arc,q10300704.arc,22,Heather
0,,"アイダンがここを手伝ってくれるってことは
あの素敵なダンスがまた見られるのね、楽しみだわ
彼女目当てに来る人も増えるはずだし
忙しくなるわね！",,ui\00_message\quest\q10300704.gmd,\quest\q10300704.arc,q10300704.arc,23,Heather
0,,"そういえば、逃げている時のことを話していたわ
もしかして関係あるのかしら？",,ui\00_message\quest\q10300704.gmd,\quest\q10300704.arc,q10300704.arc,24,Carrie
0,,"何とか力になりたいけど
アタシじゃ頼りないのかなぁ――",,ui\00_message\quest\q10300704.gmd,\quest\q10300704.arc,q10300704.arc,25,Carrie
0,,"覚者さんになら、話してくれるかも
ねぇ、力になってあげてくれない？",,ui\00_message\quest\q10300704.gmd,\quest\q10300704.arc,q10300704.arc,26,Carrie
0,,"解放軍兵士とオークの争った跡がある――
血は乾いておらず、死体は新しいようだ",,ui\00_message\quest\q10300704.gmd,\quest\q10300704.arc,q10300704.arc,27,The White Dragon
0,,"綺麗な石が点々と落ちている――
どこかへ続いているようだ",,ui\00_message\quest\q10300704.gmd,\quest\q10300704.arc,q10300704.arc,28,The White Dragon
0,,"大変なの！
各村に配分するために集めた食料が
ごっそり無くなってて――！",,ui\00_message\quest\q10300705.gmd,\quest\q10300705.arc,q10300705.arc,0,Carrie
0,,"食料を盗んだ犯人の足跡は
どうやらゴブリンのものみたい！
お願い、ブラッドと協力して取り返してきて！",,ui\00_message\quest\q10300705.gmd,\quest\q10300705.arc,q10300705.arc,1,Carrie
0,,"さて、ゴブリンの目撃情報があったらしいから
まずはそこへ行ってみよう
それじゃあ出発するか？",,ui\00_message\quest\q10300705.gmd,\quest\q10300705.arc,q10300705.arc,2,Brad
0,,出発する,Depart,ui\00_message\quest\q10300705.gmd,\quest\q10300705.arc,q10300705.arc,3,Brad
0,,――少し待ってほしい,...I want to wait awhile,ui\00_message\quest\q10300705.gmd,\quest\q10300705.arc,q10300705.arc,4,Brad
0,,"目撃情報によるとここらへんみたいだな
――お、いたぞ
見るからに怪しげなゴブリンどもじゃないか",,ui\00_message\quest\q10300705.gmd,\quest\q10300705.arc,q10300705.arc,5,Brad
0,,やつらが逃げたぞ！　追いかけろ！,,ui\00_message\quest\q10300705.gmd,\quest\q10300705.arc,q10300705.arc,6,Brad
0,,援護に来たよ！　こいつらが犯人？,,ui\00_message\quest\q10300705.gmd,\quest\q10300705.arc,q10300705.arc,7,Lorna
0,,あっ、逃げるな！,,ui\00_message\quest\q10300705.gmd,\quest\q10300705.arc,q10300705.arc,8,Lorna
0,,スニーカー！　なんでここに？,,ui\00_message\quest\q10300705.gmd,\quest\q10300705.arc,q10300705.arc,9,Brad
0,,"戦士の兄さん方、助太刀に来てくれたんですね！
残党共なんざ、さっさとやっちまいましょう",,ui\00_message\quest\q10300705.gmd,\quest\q10300705.arc,q10300705.arc,10,Sunika
0,,"スニーカーの言う""首領""――本当にいたのか？
盗賊の言うことは信用できないからな
――食料は後で回収するとして
俺達は先に戻ろうか？",,ui\00_message\quest\q10300705.gmd,\quest\q10300705.arc,q10300705.arc,11,Brad
0,,砦に戻る,Return to the fort,ui\00_message\quest\q10300705.gmd,\quest\q10300705.arc,q10300705.arc,12,Brad
0,,――少し待ってほしい,...I want to wait awhile,ui\00_message\quest\q10300705.gmd,\quest\q10300705.arc,q10300705.arc,13,Brad
0,,"スニーカーの言う""首領""に逃げられちゃったのは
残念だけど――ひとまずはやったね
食料は後で回収するとして
疲れもあるし、砦に戻ろうよ",,ui\00_message\quest\q10300705.gmd,\quest\q10300705.arc,q10300705.arc,14,Lorna
0,,砦に戻る,Return to the fort,ui\00_message\quest\q10300705.gmd,\quest\q10300705.arc,q10300705.arc,15,Lorna
0,,――少し待ってほしい,...I want to wait awhile,ui\00_message\quest\q10300705.gmd,\quest\q10300705.arc,q10300705.arc,16,Lorna
0,,"皆さんの助太刀に感謝しやす！
実はさっきまで、奴らの首領がいたんです
逃げられちまいましたが――",,ui\00_message\quest\q10300705.gmd,\quest\q10300705.arc,q10300705.arc,17,Sunika
0,,"俺がいながら、不甲斐無くてすんません――
実は、奴ら俺らのアジトも荒らしていきまして
なんとか首領の奴をとっちめたかったんですがね
――おっと、お帰りなら近道を案内しますぜ？",,ui\00_message\quest\q10300705.gmd,\quest\q10300705.arc,q10300705.arc,18,Sunika
0,,砦に戻る,Return to the fort,ui\00_message\quest\q10300705.gmd,\quest\q10300705.arc,q10300705.arc,19,Sunika
0,,――少し待ってほしい,...I want to wait awhile,ui\00_message\quest\q10300705.gmd,\quest\q10300705.arc,q10300705.arc,20,Sunika
0,,"やっぱり、犯人はゴブリンたちだったんだね！
行ってきてくれてありがとう！",,ui\00_message\quest\q10300705.gmd,\quest\q10300705.arc,q10300705.arc,21,Carrie
0,,"ふう、やれやれ――
倉庫の警備を強化したほうが
いいんじゃないのか？",,ui\00_message\quest\q10300705.gmd,\quest\q10300705.arc,q10300705.arc,22,Brad
0,,"んー、一汗かいたらお腹すいたよ！
今日のメニューは何かな",,ui\00_message\quest\q10300705.gmd,\quest\q10300705.arc,q10300705.arc,23,Lorna
0,,"なんだか、この砦に来るのも慣れちまって
衛兵とも顔見知りになっちまいました
いっそ俺もここに置いてもらうってのはどうです？",,ui\00_message\quest\q10300705.gmd,\quest\q10300705.arc,q10300705.arc,24,Sunika
0,,"犯人の足跡がべったり残ってたの！
犯人は――ゴブリンよ！",,ui\00_message\quest\q10300705.gmd,\quest\q10300705.arc,q10300705.arc,25,Carrie
0,,"ねぇ、覚者さん
ブラッドたちと一緒に食料を取り返してきて！",,ui\00_message\quest\q10300705.gmd,\quest\q10300705.arc,q10300705.arc,26,Carrie
0,,"やつらが逃げたぞ！
くそ――先に追いかけてくれ！",,ui\00_message\quest\q10300705.gmd,\quest\q10300705.arc,q10300705.arc,27,Brad
0,,"俺は奴らが何者か、痕跡を調べてから行く
大丈夫だ、すぐ追いつくからな！",,ui\00_message\quest\q10300705.gmd,\quest\q10300705.arc,q10300705.arc,28,Brad
0,,"また逃げやがった！
――奴ら、どこに向かっているんだ？",,ui\00_message\quest\q10300705.gmd,\quest\q10300705.arc,q10300705.arc,29,Brad
0,,"すまないが、先に追いかけてくれ！
俺はローナの手当てをしてから行く――",,ui\00_message\quest\q10300705.gmd,\quest\q10300705.arc,q10300705.arc,30,Brad
0,,"ねぇ、ちょっと待って
奴らが逃げて行った方向って――痛っ！",,ui\00_message\quest\q10300705.gmd,\quest\q10300705.arc,q10300705.arc,31,Lorna
0,,"だ、大丈夫――こんなのかすり傷
布で縛ればすぐ動けるようになるから――
先に行ってていいよ、すぐ追いつくから",,ui\00_message\quest\q10300705.gmd,\quest\q10300705.arc,q10300705.arc,32,Lorna
0,,"いやー、驚いたよ
君たち、よその国から来た覚者なんだって？",,ui\00_message\quest\q10310100.gmd,\quest\q10310100.arc,q10310100.arc,0,Sonel
0,,"しかもだ
ネド王子を救い、この展望城を奪還しただなんて
かなりいい腕を持ってるみたいじゃないか",,ui\00_message\quest\q10310100.gmd,\quest\q10310100.arc,q10310100.arc,1,Sonel
0,,"改めて自己紹介するよ、ボクの名前はソネル
こう見えてもこの展望城を取りしきる
参謀官という立場なんだ、意外かな？",,ui\00_message\quest\q10310100.gmd,\quest\q10310100.arc,q10310100.arc,2,Sonel
0,,"メイロワ将軍から話は聞いているよ
魔軍から城外を取り戻そうってね",,ui\00_message\quest\q10310100.gmd,\quest\q10310100.arc,q10310100.arc,3,Sonel
0,,"――さ、準備ができたら教えてくれ
協力してくれるよね？",,ui\00_message\quest\q10310100.gmd,\quest\q10310100.arc,q10310100.arc,4,Sonel
0,,"キミなら引き受けてくれると思っていたよ
それじゃあ、さっそくだけど
作戦の概要を説明させてもらうよ",,ui\00_message\quest\q10310100.gmd,\quest\q10310100.arc,q10310100.arc,5,Sonel
0,,"今、ボクらがいる場所は展望城の城内――
キミたちのおかげで、この城は奪還できた",,ui\00_message\quest\q10310100.gmd,\quest\q10310100.arc,q10310100.arc,6,Sonel
0,,"だが、この城を占拠していた魔軍の残党が
この城の城外へ立て籠もっているんだ",,ui\00_message\quest\q10310100.gmd,\quest\q10310100.arc,q10310100.arc,7,Sonel
0,,"そこは""３つの防衛区画""に分かれていてね
それぞれが城門で区切られて独立している",,ui\00_message\quest\q10310100.gmd,\quest\q10310100.arc,q10310100.arc,8,Sonel
0,,"皮肉なことに、元々はこの城の防衛設備さ
そこを魔軍の手から取り戻すのが
この作戦の目的というわけだ",,ui\00_message\quest\q10310100.gmd,\quest\q10310100.arc,q10310100.arc,9,Sonel
0,,"城外にはまだかなりの数の敵がいて
そいつらを束ねている奴もいるらしい
言ってみれば、魔軍残党のボスかな",,ui\00_message\quest\q10310100.gmd,\quest\q10310100.arc,q10310100.arc,10,Sonel
0,,"こちらの戦力も十分とは言えない今
正面から力で制圧するのは難しい",,ui\00_message\quest\q10310100.gmd,\quest\q10310100.arc,q10310100.arc,11,Sonel
0,,"肝心のこの城が手薄になって攻められたら
本末転倒だからね
みんなにはこの城の防衛に専念してもらう",,ui\00_message\quest\q10310100.gmd,\quest\q10310100.arc,q10310100.arc,12,Sonel
0,,"そこで――
少数で潜入し、攪乱し、奪還する作戦を立てたんだ",,ui\00_message\quest\q10310100.gmd,\quest\q10310100.arc,q10310100.arc,13,Sonel
0,,"もちろん、その少数はこちらで選ばせてもらった
この作戦の立案者であるボクと――",,ui\00_message\quest\q10310100.gmd,\quest\q10310100.arc,q10310100.arc,14,Sonel
0,,キミさ！,,ui\00_message\quest\q10310100.gmd,\quest\q10310100.arc,q10310100.arc,15,Sonel
0,,"主には潜入任務になるからね
大所帯だとかえって目立ってしまう",,ui\00_message\quest\q10310100.gmd,\quest\q10310100.arc,q10310100.arc,16,Sonel
0,,"詳しい作戦内容は現地で説明する
さぁ、準備ができたら
いつでも声をかけてくれ",,ui\00_message\quest\q10310100.gmd,\quest\q10310100.arc,q10310100.arc,17,Sonel
0,,"準備が整ったようだね！
まず手始めに《第一防衛区画》から
攻略していこうと思う",,ui\00_message\quest\q10310100.gmd,\quest\q10310100.arc,q10310100.arc,18,Sonel
0,,"この展望城からは一番遠い
最も外側の城壁のある区画さ",,ui\00_message\quest\q10310100.gmd,\quest\q10310100.arc,q10310100.arc,19,Sonel
0,,"もちろん、敵が城門を開けて
ボクたちを歓迎してくれるはずもないからね
ちょっとした""抜け道""を用意してある",,ui\00_message\quest\q10310100.gmd,\quest\q10310100.arc,q10310100.arc,20,Sonel
0,,"さて、じゃあさっそく――
城外奪還作戦を始めようか！",,ui\00_message\quest\q10310100.gmd,\quest\q10310100.arc,q10310100.arc,21,Sonel
0,,始めよう！,Start!,ui\00_message\quest\q10310100.gmd,\quest\q10310100.arc,q10310100.arc,22,Sonel
0,,ちょっと待って,Wait a little,ui\00_message\quest\q10310100.gmd,\quest\q10310100.arc,q10310100.arc,23,Sonel
0,,"城外へ続く""抜け道""は
ちょっと暗くて狭いけど
なぁに、すぐ慣れるさ",,ui\00_message\quest\q10310100.gmd,\quest\q10310100.arc,q10310100.arc,24,Sonel
0,,"この潜入任務では、頼れるのは己のみだ
しっかり準備してきてくれ",,ui\00_message\quest\q10310100.gmd,\quest\q10310100.arc,q10310100.arc,25,Sonel
0,,"""古井戸""の探検はどうだったかな？
存在は知っていたけど
実際に使うのはボクも初めてさ",,ui\00_message\quest\q10310100.gmd,\quest\q10310100.arc,q10310100.arc,26,Sonel
0,,"展望城周辺には、昔からいくつも井戸があってね
枯れて使えなくなったものが
迷路のように繋がっているのさ",,ui\00_message\quest\q10310100.gmd,\quest\q10310100.arc,q10310100.arc,27,Sonel
0,,"どうやらここは――
《第一防衛区画》の城門の傍のようだ",,ui\00_message\quest\q10310100.gmd,\quest\q10310100.arc,q10310100.arc,28,Sonel
0,,"すでに敵陣真っ只中
ここからは慎重に進もう",,ui\00_message\quest\q10310100.gmd,\quest\q10310100.arc,q10310100.arc,29,Sonel
0,,さ、ボクに付いて来てくれ,,ui\00_message\quest\q10310100.gmd,\quest\q10310100.arc,q10310100.arc,30,Sonel
0,,"見張りのオークがいるな――
今のところアイツだけだが
見つかったら増援を呼ばれる可能性がある",,ui\00_message\quest\q10310100.gmd,\quest\q10310100.arc,q10310100.arc,31,Sonel
0,,"ここは、目立たないように一人ずつ移動しよう
キミが先に行って、安全を確認したら
ボクにエモートの＜手招き＞で合図を送ってくれ",,ui\00_message\quest\q10310100.gmd,\quest\q10310100.arc,q10310100.arc,32,Sonel
0,,"そうだな――
すぐ目の前に篝火が見えるだろ？
まずはそこまで進んでくれ",,ui\00_message\quest\q10310100.gmd,\quest\q10310100.arc,q10310100.arc,33,Sonel
0,,"そこで合図をくれたら、ボクも移動を開始する
なに、ここは奴らからもほぼ死角だ
練習のつもりでやってくれて大丈夫だ",,ui\00_message\quest\q10310100.gmd,\quest\q10310100.arc,q10310100.arc,34,Sonel
0,,"ここはから先は
明らかに見張りの視界に入る場所だな
横切るには、タイミングが重要だ",,ui\00_message\quest\q10310100.gmd,\quest\q10310100.arc,q10310100.arc,35,Sonel
0,,"オークは我々人間より遥かに鼻がいい――
背を向けているからといって安心はできない",,ui\00_message\quest\q10310100.gmd,\quest\q10310100.arc,q10310100.arc,36,Sonel
0,,"十分離れた位置で立ち止まっていれば
気づかれないはずだ
こちらに振り向く前に、横切ってしまおう",,ui\00_message\quest\q10310100.gmd,\quest\q10310100.arc,q10310100.arc,37,Sonel
0,,"ボクはここでキミの合図を待つ
さ、気をつけて行ってくれ",,ui\00_message\quest\q10310100.gmd,\quest\q10310100.arc,q10310100.arc,38,Sonel
0,,"よし、ここまでは順調
地下牢で会った時から只者じゃないと思ってたけど
なかなかの身のこなしだ",,ui\00_message\quest\q10310100.gmd,\quest\q10310100.arc,q10310100.arc,39,Sonel
0,,"ここは――
立札を見たところ《第一捕虜収容所》のようだ
奴ら、こんなものまで――",,ui\00_message\quest\q10310100.gmd,\quest\q10310100.arc,q10310100.arc,40,Sonel
0,,"ボクは扉越しに中の様子を探ろう
さっき、ここよりもっと奥にも扉が見えた
キミは先に進んでくれたまえ",,ui\00_message\quest\q10310100.gmd,\quest\q10310100.arc,q10310100.arc,41,Sonel
0,,"くれぐれも敵の巡回に気をつけてくれ
まぁ、キミなら大丈夫だと思うけどね
ここを調べたら、ボクもすぐに後を追う",,ui\00_message\quest\q10310100.gmd,\quest\q10310100.arc,q10310100.arc,42,Sonel
0,,"ここまではなんとか辿り着いたね
扉の先は、《集会場》か――
もう少し調べる必要がありそうだな",,ui\00_message\quest\q10310100.gmd,\quest\q10310100.arc,q10310100.arc,43,Sonel
0,,"さっき調べていた《第一捕虜収容所》だが
今は無人のようだ
何も気配を感じなかった",,ui\00_message\quest\q10310100.gmd,\quest\q10310100.arc,q10310100.arc,44,Sonel
0,,"となると、次はこの扉の向こう側へ
行きたいわけだが――",,ui\00_message\quest\q10310100.gmd,\quest\q10310100.arc,q10310100.arc,45,Sonel
0,,"見たまえ！
扉の傍にこれ見よがしに置かれたこのレバー",,ui\00_message\quest\q10310100.gmd,\quest\q10310100.arc,q10310100.arc,46,Sonel
0,,"""扉とレバー""と言えば、もうお約束のやつさ
これを裏切る方が難しい",,ui\00_message\quest\q10310100.gmd,\quest\q10310100.arc,q10310100.arc,47,Sonel
0,,"さ、遠慮はいらない
期待を胸に、思いっきりレバーを引きたまえ！",,ui\00_message\quest\q10310100.gmd,\quest\q10310100.arc,q10310100.arc,48,Sonel
0,,"""扉とレバー""と言えば、もうお約束のやつさ
これを裏切る方が難しい",,ui\00_message\quest\q10310100.gmd,\quest\q10310100.arc,q10310100.arc,49,Sonel
0,,"さ、遠慮はいらない
期待を胸に、思いっきりレバーを引きたまえ！",,ui\00_message\quest\q10310100.gmd,\quest\q10310100.arc,q10310100.arc,50,Sonel
0,,"いやぁ、まんまと裏切られたね！
まさか、別の扉が開くとは！",,ui\00_message\quest\q10310100.gmd,\quest\q10310100.arc,q10310100.arc,51,Sonel
0,,"敵が少なかったから良かったけど
しばらく地下牢生活だったせいか
少々体が鈍っているみたいだ",,ui\00_message\quest\q10310100.gmd,\quest\q10310100.arc,q10310100.arc,52,Sonel
0,,"今は、あまり長時間の戦闘には
耐えられそうにないな――
多数の敵を相手にするのは危険だ",,ui\00_message\quest\q10310100.gmd,\quest\q10310100.arc,q10310100.arc,53,Sonel
0,,"それにしても――
キミのレバーの引きっぷりは
なかなかのものだったよ！",,ui\00_message\quest\q10310100.gmd,\quest\q10310100.arc,q10310100.arc,54,Sonel
0,,"まぁ、どうやらこの扉は
押せば開けられるようだけどね",,ui\00_message\quest\q10310100.gmd,\quest\q10310100.arc,q10310100.arc,55,Sonel
0,,"この先は《集会場》か――
次はもう少し慎重に行動するとしよう！",,ui\00_message\quest\q10310100.gmd,\quest\q10310100.arc,q10310100.arc,56,Sonel
0,,"ふぅ――
久々の戦闘はやはり堪えるな",,ui\00_message\quest\q10310100.gmd,\quest\q10310100.arc,q10310100.arc,57,Sonel
0,,"魔法の威力もいまいちだし
思っていたより体が動かないみたいだ",,ui\00_message\quest\q10310100.gmd,\quest\q10310100.arc,q10310100.arc,58,Sonel
0,,敵に見つかるのはなるべく避けたいところだね,,ui\00_message\quest\q10310100.gmd,\quest\q10310100.arc,q10310100.arc,59,Sonel
0,,"扉付近に敵はナシ――と
警備が厳重なのかそうじゃないのか
どうも判断に困るね",,ui\00_message\quest\q10310100.gmd,\quest\q10310100.arc,q10310100.arc,60,Sonel
0,,"まぁ、今のボクらには
手薄な方が好都合だけど",,ui\00_message\quest\q10310100.gmd,\quest\q10310100.arc,q10310100.arc,61,Sonel
0,,"この壁の向こうがどうやら広場になっているようだ
近づいて、少し様子を探ってみよう",,ui\00_message\quest\q10310100.gmd,\quest\q10310100.arc,q10310100.arc,62,Sonel
0,,"広場に複数の見張り――
いや、櫓の上にもいるな
それと、一番奥には歩哨が立つ門――か",,ui\00_message\quest\q10310100.gmd,\quest\q10310100.arc,q10310100.arc,63,Sonel
0,,"こいつはなかなか厄介だね
思ったより敵の数も多い
ここで見つかれば潜入の続行は不可能だ",,ui\00_message\quest\q10310100.gmd,\quest\q10310100.arc,q10310100.arc,64,Sonel
0,,"あの奥に見える門――
その向こう側に何があるかは調べておきたい",,ui\00_message\quest\q10310100.gmd,\quest\q10310100.arc,q10310100.arc,65,Sonel
0,,"なんとか迂回して
あの門に近づければいいのだが――",,ui\00_message\quest\q10310100.gmd,\quest\q10310100.arc,q10310100.arc,66,Sonel
0,,"キミは回り込めそうな道を探してくれ
ボクは、もう少し広場の様子を確かめたい
心配ない、すぐ後を追うよ",,ui\00_message\quest\q10310100.gmd,\quest\q10310100.arc,q10310100.arc,67,Sonel
0,,"この先は身を隠せる高さの障害物がない
門番からも見つかってしまう位置だ",,ui\00_message\quest\q10310100.gmd,\quest\q10310100.arc,q10310100.arc,68,Sonel
0,,必ず、何か手はあるはずだ――,,ui\00_message\quest\q10310100.gmd,\quest\q10310100.arc,q10310100.arc,69,Sonel
0,,"崖沿いに柵が奥まで続いているな
よし、これならいけそうだ
ちょっと聞いてくれ",,ui\00_message\quest\q10310100.gmd,\quest\q10310100.arc,q10310100.arc,70,Sonel
0,,"そこに柵が見えるだろう
立ったまま通るには十分な高さはないが――",,ui\00_message\quest\q10310100.gmd,\quest\q10310100.arc,q10310100.arc,71,Sonel
0,,"エモートの＜伏せる＞を使って
身を低くしたまま移動すれば
なんとか通り抜けられそうだ",,ui\00_message\quest\q10310100.gmd,\quest\q10310100.arc,q10310100.arc,72,Sonel
0,,"ボクはここで門番の動きを見張っている
キミから先に奥の壁まで進んでくれ",,ui\00_message\quest\q10310100.gmd,\quest\q10310100.arc,q10310100.arc,73,Sonel
0,,"オークの視点は高いからね
なるべく障害物の影に隠れるようにすれば
見つかりにくいはずだ",,ui\00_message\quest\q10310100.gmd,\quest\q10310100.arc,q10310100.arc,74,Sonel
0,,"いいかい？
エモートの＜伏せる＞を使って
そのままの姿勢で真っすぐ前進だ",,ui\00_message\quest\q10310100.gmd,\quest\q10310100.arc,q10310100.arc,75,Sonel
0,,"ボクはここで門番の動きを見張っている
キミから先に奥の壁まで進んでくれ",,ui\00_message\quest\q10310100.gmd,\quest\q10310100.arc,q10310100.arc,76,Sonel
0,,"オークの視点は高いからね
なるべく障害物の影に隠れるようにすれば
見つかりにくいはずだ",,ui\00_message\quest\q10310100.gmd,\quest\q10310100.arc,q10310100.arc,77,Sonel
0,,"いいかい？
エモートの＜伏せる＞を使って
そのままの姿勢で真っすぐ前進だ",,ui\00_message\quest\q10310100.gmd,\quest\q10310100.arc,q10310100.arc,78,Sonel
0,,"ここまではたどり着いたが
これ以上先には進めそうにないな",,ui\00_message\quest\q10310100.gmd,\quest\q10310100.arc,q10310100.arc,79,Sonel
0,,"――おや？
こんなところにいい感じの隙間があるね
ここから中の様子を探れそうだ",,ui\00_message\quest\q10310100.gmd,\quest\q10310100.arc,q10310100.arc,80,Sonel
0,,"覗きは趣味ではないのだが
これも作戦のためなのでね
どれどれ――",,ui\00_message\quest\q10310100.gmd,\quest\q10310100.arc,q10310100.arc,81,Sonel
0,,"うーむ、これは思った以上だな――
悪い方の予感が当たってしまったよ",,ui\00_message\quest\q10310100.gmd,\quest\q10310100.arc,q10310100.arc,82,Sonel
0,,"数だけじゃない、厄介な魔物も
まだこんなに残っていたとは――",,ui\00_message\quest\q10310100.gmd,\quest\q10310100.arc,q10310100.arc,83,Sonel
0,,"あまり認めたくはないが
今の展望城を攻めるには十分な戦力だよ
他の区画にも同様の戦力を
温存しているとすれば――だが",,ui\00_message\quest\q10310100.gmd,\quest\q10310100.arc,q10310100.arc,84,Sonel
0,,"奴らのボスも、それが分かっていて
何か作戦を立てている可能性も考えられる
残党と思って捨て置くのは、あまりにも危険だ",,ui\00_message\quest\q10310100.gmd,\quest\q10310100.arc,q10310100.arc,85,Sonel
0,,"ここまで潜入して来た甲斐があったよ
キミの助力にも感謝する
一度、城に戻ってこれからの作戦を考えるとしよう",,ui\00_message\quest\q10310100.gmd,\quest\q10310100.arc,q10310100.arc,86,Sonel
0,,"うわさ通りのいい働きだね
先は長くなりそうだけど、期待してるよ
ここからはボクが指揮を執る
いつでも話しに来てくれよ",,ui\00_message\quest\q10310100.gmd,\quest\q10310100.arc,q10310100.arc,87,Sonel
0,,"このあたりにレバーがあると思うんだよね。
探してきてくれないかな？（仮）",,ui\00_message\quest\q10310100.gmd,\quest\q10310100.arc,q10310100.arc,88,Sonel
0,,"不幸中の幸いとでも言うべきか
これ以上敵の増援はないみたいだね",,ui\00_message\quest\q10310100.gmd,\quest\q10310100.arc,q10310100.arc,89,Sonel
0,,"この先は《集会場》か――
次はもう少し慎重に行動するとしよう！",,ui\00_message\quest\q10310100.gmd,\quest\q10310100.arc,q10310100.arc,90,Sonel
0,,え、見つかった！？,"Wait, it was found!?",ui\00_message\quest\q10310100.gmd,\quest\q10310100.arc,q10310100.arc,91,Sonel
0,,"やぁ、キミか！
この間の潜入任務のときは助かったよ",,ui\00_message\quest\q10310101.gmd,\quest\q10310101.arc,q10310101.arc,0,Sonel
0,,"敵戦力の現状も目の当たりにしたし
《第一防衛区画》の攻略を進めないとね",,ui\00_message\quest\q10310101.gmd,\quest\q10310101.arc,q10310101.arc,1,Sonel
0,,"もちろん！
今回もキミの席は空けてあるから
心配は無用さ！",,ui\00_message\quest\q10310101.gmd,\quest\q10310101.arc,q10310101.arc,2,Sonel
0,,受注キャンセル時会話（仮）,,ui\00_message\quest\q10310101.gmd,\quest\q10310101.arc,q10310101.arc,3,Sonel
0,,"ようし、まだまだやることはたくさんあるが
まずは奴らの戦力を削ることが先決だ",,ui\00_message\quest\q10310101.gmd,\quest\q10310101.arc,q10310101.arc,4,Sonel
0,,"潜入の準備はできている
戦いの方は――まだちょっと遠慮したいけどね",,ui\00_message\quest\q10310101.gmd,\quest\q10310101.arc,q10310101.arc,5,Sonel
0,,さて、今回はどうするかな――,,ui\00_message\quest\q10310101.gmd,\quest\q10310101.arc,q10310101.arc,6,Sonel
0,,《兵舎》を攻略する,"Capture ""Barracks""",ui\00_message\quest\q10310101.gmd,\quest\q10310101.arc,q10310101.arc,7,Sonel
0,,《集会場》を攻略する,"Capture ""Assembly Hall""",ui\00_message\quest\q10310101.gmd,\quest\q10310101.arc,q10310101.arc,8,Sonel
0,,準備に戻る,Return to preparation,ui\00_message\quest\q10310101.gmd,\quest\q10310101.arc,q10310101.arc,9,Sonel
0,,"《兵舎》は敵の寝床のようだね
兵隊にとって""睡眠""は重要だ",,ui\00_message\quest\q10310101.gmd,\quest\q10310101.arc,q10310101.arc,10,Sonel
0,,"どんなに屈強なオークと言えど――
快適な睡眠なくして
最大限の力は発揮できないだろう",,ui\00_message\quest\q10310101.gmd,\quest\q10310101.arc,q10310101.arc,11,Sonel
0,,"作戦のポイントはそこにある
さぁ、行こう！",,ui\00_message\quest\q10310101.gmd,\quest\q10310101.arc,q10310101.arc,12,Sonel
0,,"《集会場》は敵が多く集まる場所だ
危険ではあるが、戦力を一気に削るチャンスが
どこかにあるはずだ",,ui\00_message\quest\q10310101.gmd,\quest\q10310101.arc,q10310101.arc,13,Sonel
0,,"潜入し、その糸口を探す
さぁ、行こう！",,ui\00_message\quest\q10310101.gmd,\quest\q10310101.arc,q10310101.arc,14,Sonel
0,,"この潜入任務では、ボクとキミの二人だけだ
他に頼れる者はいない
しっかり準備してきてくれよ",,ui\00_message\quest\q10310101.gmd,\quest\q10310101.arc,q10310101.arc,15,Sonel
0,,"よし――敵の気配はない
今のうちに、すばやく行動に移ろう",,ui\00_message\quest\q10310101.gmd,\quest\q10310101.arc,q10310101.arc,16,Sonel
0,,"ここにある３つのテントそれぞれに
ボクが""ちょっとした細工""を施す",,ui\00_message\quest\q10310101.gmd,\quest\q10310101.arc,q10310101.arc,17,Sonel
0,,"平たく言えば――
""寝心地を悪くしてオークくんの睡眠を妨害する""
という、とてもシンプルな作戦さ",,ui\00_message\quest\q10310101.gmd,\quest\q10310101.arc,q10310101.arc,18,Sonel
0,,"兵士にとって、睡眠不足は大敵だからね
地味だけど、確実に戦力を削れること間違いなし！
というわけさ",,ui\00_message\quest\q10310101.gmd,\quest\q10310101.arc,q10310101.arc,19,Sonel
0,,"テントの細工はボクが担当する
昨晩「どうすれば寝心地が悪くなるか」を考えるのが
あまりに楽しくて、ちょっと寝不足気味だけどね",,ui\00_message\quest\q10310101.gmd,\quest\q10310101.arc,q10310101.arc,20,Sonel
0,,"そうそう、重要なことを言い忘れていた
ボクは１つのことに集中してると
周りのことはまったく見えなくてね",,ui\00_message\quest\q10310101.gmd,\quest\q10310101.arc,q10310101.arc,21,Sonel
0,,"キミは、敵が来たらボクの所へ来て知らせて欲しい
近づいて話しかけてくれれば、テントの中に隠れるよ",,ui\00_message\quest\q10310101.gmd,\quest\q10310101.arc,q10310101.arc,22,Sonel
0,,"隠れている間は当然細工はできない
安全を確認したら、またボクにタッチしてくれ
テントの外に出て、細工を再開するのでね",,ui\00_message\quest\q10310101.gmd,\quest\q10310101.arc,q10310101.arc,23,Sonel
0,,"それと、もう一つ頼みたいことがあるんだ
向こうで話そう",,ui\00_message\quest\q10310101.gmd,\quest\q10310101.arc,q10310101.arc,24,Sonel
0,,"テントの細工はボクに任せてくれ
《生乾きの布》を探すのは、キミに任せるとしよう",,ui\00_message\quest\q10310101.gmd,\quest\q10310101.arc,q10310101.arc,25,Sonel
0,,"よしよし、いいかい？
昨晩いろいろと考えていたのだが――",,ui\00_message\quest\q10310101.gmd,\quest\q10310101.arc,q10310101.arc,26,Sonel
0,,"《生乾きの布》――
こいつに可能性を感じるんだよね
ボクの中で""使い方""のイメージはすでにある",,ui\00_message\quest\q10310101.gmd,\quest\q10310101.arc,q10310101.arc,27,Sonel
0,,"とにかく、近くにある""布""を探して
使えそうなものがあれば持って来て欲しい",,ui\00_message\quest\q10310101.gmd,\quest\q10310101.arc,q10310101.arc,28,Sonel
0,,"オークくんが巡回してることもあるだろうから
見つからないように気をつけてくれ",,ui\00_message\quest\q10310101.gmd,\quest\q10310101.arc,q10310101.arc,29,Sonel
0,,"もちろん、ボクのことも気にかけてくれよ！
どちらかが見つかっても、戦闘は避けられないからね",,ui\00_message\quest\q10310101.gmd,\quest\q10310101.arc,q10310101.arc,30,Sonel
0,,それじゃあ、作戦開始だ！,,ui\00_message\quest\q10310101.gmd,\quest\q10310101.arc,q10310101.arc,31,Sonel
0,,"よし、小さいテントはこんなもんかな！
キミが持って来た""アレ""がいい仕事をしたよ
まぁ、詳しくは聞かない方がいいだろうね！",,ui\00_message\quest\q10310101.gmd,\quest\q10310101.arc,q10310101.arc,32,Sonel
0,,さて、今のところ敵の姿はないようだが――,,ui\00_message\quest\q10310101.gmd,\quest\q10310101.arc,q10310101.arc,33,Sonel
0,,《兵舎》に残って作戦を続ける,"Remain in ""Barracks"" and continue the tactics",ui\00_message\quest\q10310101.gmd,\quest\q10310101.arc,q10310101.arc,34,Sonel
0,,《第一の門》を攻略する,"Capture ""First Gate""",ui\00_message\quest\q10310101.gmd,\quest\q10310101.arc,q10310101.arc,35,Sonel
0,,撤退して成果を確認する,Withdraw and review results,ui\00_message\quest\q10310101.gmd,\quest\q10310101.arc,q10310101.arc,36,Sonel
0,,"そうだね、もう少しだけ粘ろう！
次は――あの中くらいのテントにしよう",,ui\00_message\quest\q10310101.gmd,\quest\q10310101.arc,q10310101.arc,37,Sonel
0,,"要領は先ほどと同じだ
どれどれ、まずは""寝床チェック""を――",,ui\00_message\quest\q10310101.gmd,\quest\q10310101.arc,q10310101.arc,38,Sonel
0,,"ちょうどボクも、同じことを考えていたところさ！
これまでの作戦の成果で十分弱体化されていれば
少数の戦力でも勝てる見込みはある",,ui\00_message\quest\q10310101.gmd,\quest\q10310101.arc,q10310101.arc,39,Sonel
0,,さ、気を引き締めて行こう！,,ui\00_message\quest\q10310101.gmd,\quest\q10310101.arc,q10310101.arc,40,Sonel
0,,"そうだね、確かに無理は禁物だ
この作戦は少しずつの積み重ねが重要だからね
今回はこれで引き上げるとしよう",,ui\00_message\quest\q10310101.gmd,\quest\q10310101.arc,q10310101.arc,41,Sonel
0,,"テントの細工はボクに任せてくれ
今必要なのは《オオワラカミツキ》だ
""わら""の中を探すといい",,ui\00_message\quest\q10310101.gmd,\quest\q10310101.arc,q10310101.arc,42,Sonel
0,,"よしよし、いいかい？
これはさっき""わら""に突っ込んでいて
思いついたんだけど――",,ui\00_message\quest\q10310101.gmd,\quest\q10310101.arc,q10310101.arc,43,Sonel
0,,"《オオワラカミツキ》――
こいつが効果的だと思うんだよね
""使い方""のイメージがどんどん膨らんでいる",,ui\00_message\quest\q10310101.gmd,\quest\q10310101.arc,q10310101.arc,44,Sonel
0,,"え！知らないのかい？！
《オオワラカミツキ》を！
ここアッカーシェランじゃおなじみのヤツさ",,ui\00_message\quest\q10310101.gmd,\quest\q10310101.arc,q10310101.arc,45,Sonel
0,,"そうだな――
そいつは""わら""の中でよく見かけるが
良く似た種がいるから注意が必要だ",,ui\00_message\quest\q10310101.gmd,\quest\q10310101.arc,q10310101.arc,46,Sonel
0,,《ワラカミツキモドキ》,,ui\00_message\quest\q10310101.gmd,\quest\q10310101.arc,q10310101.arc,47,Sonel
0,,"《ワラカミツキモドキ》
《ニセワラカミツキ》",,ui\00_message\quest\q10310101.gmd,\quest\q10310101.arc,q10310101.arc,48,Sonel
0,,"《ワラカミツキモドキ》
《ニセワラカミツキ》
《ワラカミツキダマシ》",,ui\00_message\quest\q10310101.gmd,\quest\q10310101.arc,q10310101.arc,49,Sonel
0,,"こいつらではダメだ
なんていうか――
その時の""インパクト""が今ひとつでね！",,ui\00_message\quest\q10310101.gmd,\quest\q10310101.arc,q10310101.arc,50,Sonel
0,,"必要なのは本家本元の
《オオワラカミツキ》さ！
大丈夫、実際見れば一発でわかるよ",,ui\00_message\quest\q10310101.gmd,\quest\q10310101.arc,q10310101.arc,51,Sonel
0,,"もちろん、ボクのことも気にかけてくれよ！
どちらかが見つかっても、戦闘は避けられないからね",,ui\00_message\quest\q10310101.gmd,\quest\q10310101.arc,q10310101.arc,52,Sonel
0,,それじゃあ、作戦開始だ！,,ui\00_message\quest\q10310101.gmd,\quest\q10310101.arc,q10310101.arc,53,Sonel
0,,"よし、中くらいのテントはこんなもんかな！
キミが持って来た""アレ""がね――
いやいや、この話は後にしよう",,ui\00_message\quest\q10310101.gmd,\quest\q10310101.arc,q10310101.arc,54,Sonel
0,,さて、今のところ敵の姿はないようだが――,,ui\00_message\quest\q10310101.gmd,\quest\q10310101.arc,q10310101.arc,55,Sonel
0,,《兵舎》に残って作戦を続ける,"Remain in ""Barracks"" and continue the tactics",ui\00_message\quest\q10310101.gmd,\quest\q10310101.arc,q10310101.arc,56,Sonel
0,,《第一の門》を攻略する,"Capture ""First Gate""",ui\00_message\quest\q10310101.gmd,\quest\q10310101.arc,q10310101.arc,57,Sonel
0,,撤退して成果を確認する,Withdraw and review results,ui\00_message\quest\q10310101.gmd,\quest\q10310101.arc,q10310101.arc,58,Sonel
0,,"そうだね、もう少しだけ粘ろう！
最後は――いよいよあの一番大きなテントだ",,ui\00_message\quest\q10310101.gmd,\quest\q10310101.arc,q10310101.arc,59,Sonel
0,,"要領は先ほどと同じだ
どれどれ、まずは""寝床チェック""を――",,ui\00_message\quest\q10310101.gmd,\quest\q10310101.arc,q10310101.arc,60,Sonel
0,,"ちょうどボクも、同じことを考えていたところさ！
これまでの作戦の成果で十分弱体化されていれば
少数の戦力でも勝てる見込みはある",,ui\00_message\quest\q10310101.gmd,\quest\q10310101.arc,q10310101.arc,61,Sonel
0,,さ、気を引き締めて行こう！,,ui\00_message\quest\q10310101.gmd,\quest\q10310101.arc,q10310101.arc,62,Sonel
0,,"そうだね、確かに無理は禁物だ
この作戦は少しずつの積み重ねが重要だからね
今回はこれで引き上げるとしよう",,ui\00_message\quest\q10310101.gmd,\quest\q10310101.arc,q10310101.arc,63,Sonel
0,,"テントの細工はもちろんボクがやる
《熟成爆弾カボチャ》、こいつを探して来てくれ",,ui\00_message\quest\q10310101.gmd,\quest\q10310101.arc,q10310101.arc,64,Sonel
0,,"よしよし、いいかい？
これは試してみる価値はあると思うんだが――",,ui\00_message\quest\q10310101.gmd,\quest\q10310101.arc,q10310101.arc,65,Sonel
0,,"《熟成爆弾カボチャ》――
こいつの存在は無視できないね！
たまに自分の想像力が恐ろしくなるくらいさ",,ui\00_message\quest\q10310101.gmd,\quest\q10310101.arc,q10310101.arc,66,Sonel
0,,"え？　さすがにこんなとこに
そんなものあるわけないって？",,ui\00_message\quest\q10310101.gmd,\quest\q10310101.arc,q10310101.arc,67,Sonel
0,,"実はね――
作戦の一環として何日か前に
いくつか展望城から投げ込んでおいたのさ！",,ui\00_message\quest\q10310101.gmd,\quest\q10310101.arc,q10310101.arc,68,Sonel
0,,"ボクが扉越しにこの耳で集めた情報から
やつらは""カボチャが嫌い""と踏んでいてね
この日のために準備をしておいた",,ui\00_message\quest\q10310101.gmd,\quest\q10310101.arc,q10310101.arc,69,Sonel
0,,"おそらくだけど――
この辺りに落ちたはずだからさ
探して来ておくれよ！",,ui\00_message\quest\q10310101.gmd,\quest\q10310101.arc,q10310101.arc,70,Sonel
0,,"いつも通り、オークの巡回には注意してくれ
それじゃあ、作戦開始だ！",,ui\00_message\quest\q10310101.gmd,\quest\q10310101.arc,q10310101.arc,71,Sonel
0,,"よしよし！　万事、うまくいったぞ！
すべてのテントへの細工が完了さ！
これでまた、奴らの戦力は弱体化される",,ui\00_message\quest\q10310101.gmd,\quest\q10310101.arc,q10310101.arc,72,Sonel
0,,"そろそろ城へ帰還する頃合いだが
さて、どうしたものか――",,ui\00_message\quest\q10310101.gmd,\quest\q10310101.arc,q10310101.arc,73,Sonel
0,,帰還して成果を確認する,Return and review results,ui\00_message\quest\q10310101.gmd,\quest\q10310101.arc,q10310101.arc,74,Sonel
0,,《第一の門》を攻略する,"Capture ""First Gate""",ui\00_message\quest\q10310101.gmd,\quest\q10310101.arc,q10310101.arc,75,Sonel
0,,"今回は十分な成果を出せたし
この作戦は少しずつの積み重ねが重要だからね
さぁ、城へ戻ろう！",,ui\00_message\quest\q10310101.gmd,\quest\q10310101.arc,q10310101.arc,76,Sonel
0,,"ちょうどボクも、同じことを考えていたところさ！
これまでの作戦の成果で十分弱体化されていれば
少数の戦力でも勝てる見込みはある",,ui\00_message\quest\q10310101.gmd,\quest\q10310101.arc,q10310101.arc,77,Sonel
0,,さ、気を引き締めて行こう！,,ui\00_message\quest\q10310101.gmd,\quest\q10310101.arc,q10310101.arc,78,Sonel
0,,"今回の《兵舎》の攻略はこれで完了だ
少しずつではあるが、敵の戦力も弱体化してきている
この調子でよろしく頼むよ！",,ui\00_message\quest\q10310101.gmd,\quest\q10310101.arc,q10310101.arc,79,Sonel
0,,"《集会所》は、この《第一防衛区画》の中で
最も防備が手厚い",,ui\00_message\quest\q10310101.gmd,\quest\q10310101.arc,q10310101.arc,80,Sonel
0,,"だからこそ、ここを攻略することは
大きな意味がある",,ui\00_message\quest\q10310101.gmd,\quest\q10310101.arc,q10310101.arc,81,Sonel
0,,"もちろん正面突破は不可能だから
潜入しながら何か作戦を立てるしかないな",,ui\00_message\quest\q10310101.gmd,\quest\q10310101.arc,q10310101.arc,82,Sonel
0,,"櫓に見張りのオークもいるし
ここは固まって動くと却って目立ってしまう",,ui\00_message\quest\q10310101.gmd,\quest\q10310101.arc,q10310101.arc,83,Sonel
0,,"キミは自分のタイミングで潜入してくれ
ボクは、ボクなりの方法で潜入を試みる",,ui\00_message\quest\q10310101.gmd,\quest\q10310101.arc,q10310101.arc,84,Sonel
0,,"この奥に同志らしき姿があるが、見えるかい？
彼の身形、解放軍の兵士だ
なんとか接触できればいいのだが――",,ui\00_message\quest\q10310101.gmd,\quest\q10310101.arc,q10310101.arc,85,Sonel
0,,"キミは自分のタイミングで潜入してくれ
ボクは、ボクなりの方法で潜入を試みる",,ui\00_message\quest\q10310101.gmd,\quest\q10310101.arc,q10310101.arc,86,Sonel
0,,"この奥に同志らしき姿があるが、見えるかい？
彼の身形、解放軍の兵士だ
なんとか接触できればいいのだが――",,ui\00_message\quest\q10310101.gmd,\quest\q10310101.arc,q10310101.arc,87,Sonel
0,,早く探ってきてくれよ（仮）,,ui\00_message\quest\q10310101.gmd,\quest\q10310101.arc,q10310101.arc,88,Sonel
0,,"ここには誰もいないよ！
他の""わら""をあたってくれたまえ！",,ui\00_message\quest\q10310101.gmd,\quest\q10310101.arc,q10310101.arc,89,Sonel
0,,"――え、なんだキミか？
脅かさないでくれよ",,ui\00_message\quest\q10310101.gmd,\quest\q10310101.arc,q10310101.arc,90,Sonel
0,,"見ての通り、身を隠してるわけだが
""存在感""までは隠しきれなかったようだね",,ui\00_message\quest\q10310101.gmd,\quest\q10310101.arc,q10310101.arc,91,Sonel
0,,"なんだって、火薬庫を見つけた？
ふむふむなるほど――",,ui\00_message\quest\q10310101.gmd,\quest\q10310101.arc,q10310101.arc,92,Sonel
0,,"そいつは確かに使えそうだが
見張りがいて近づけない――か",,ui\00_message\quest\q10310101.gmd,\quest\q10310101.arc,q10310101.arc,93,Sonel
0,,"その見張りを何とかする方法があればいいが
とにかく今は、もう少し辺りを調べてみよう",,ui\00_message\quest\q10310101.gmd,\quest\q10310101.arc,q10310101.arc,94,Sonel
0,,"あ、あんたは――
こんなオークだらけの場所にいったいどうやって",,ui\00_message\quest\q10310101.gmd,\quest\q10310101.arc,q10310101.arc,95,Elmer
0,,"なんだって！
ソネル様とここを奪還しに来た？！",,ui\00_message\quest\q10310101.gmd,\quest\q10310101.arc,q10310101.arc,96,Elmer
0,,"そうだったのか――
俺はエルマー、解放軍の兵士だ
展望城脱出の際に捕まってしまったんだ",,ui\00_message\quest\q10310101.gmd,\quest\q10310101.arc,q10310101.arc,97,Elmer
0,,"情けない話だが――
今は、敵の武具の整備をさせられている
他にも捕虜がいて、俺だけここに連れて来られた",,ui\00_message\quest\q10310101.gmd,\quest\q10310101.arc,q10310101.arc,98,Elmer
0,,"人質を取られて、こうする他なかったんだ
俺がいなくなったと知られれば
今度は彼らの命が危険に去らされてしまう",,ui\00_message\quest\q10310101.gmd,\quest\q10310101.arc,q10310101.arc,99,Elmer
0,,"俺だけ逃げるわけにはいかない
しかし、今の俺にできることがあるなら
なんでも協力するんだが――",,ui\00_message\quest\q10310101.gmd,\quest\q10310101.arc,q10310101.arc,100,Elmer
0,,"ああ、あんたか
気持ちはありがたいが――",,ui\00_message\quest\q10310101.gmd,\quest\q10310101.arc,q10310101.arc,101,Elmer
0,,"俺だけ逃げるわけにはいかない
しかし、今の俺にできることがあるなら
なんでも協力するんだが――",,ui\00_message\quest\q10310101.gmd,\quest\q10310101.arc,q10310101.arc,102,Elmer
0,,"あんたは――
助けに来てくれたのはありがたいが
俺はここを動くことはできないんだ",,ui\00_message\quest\q10310101.gmd,\quest\q10310101.arc,q10310101.arc,103,Elmer
0,,"解放軍の兵士として
敵の武具を整備させられるのは屈辱だが
人質を取られていては逆らえない",,ui\00_message\quest\q10310101.gmd,\quest\q10310101.arc,q10310101.arc,104,Elmer
0,,こんな俺にでも、何かできるといいんだが――,,ui\00_message\quest\q10310101.gmd,\quest\q10310101.arc,q10310101.arc,105,Elmer
0,,"何？　火薬庫を――なるほど
それはなかなか名案
さすがはソネル様だ",,ui\00_message\quest\q10310101.gmd,\quest\q10310101.arc,q10310101.arc,106,Elmer
0,,"火薬庫の見張りをしてる奴は
俺に武具整備を押し付けた張本人でな
どうも下っ端らしい",,ui\00_message\quest\q10310101.gmd,\quest\q10310101.arc,q10310101.arc,107,Elmer
0,,"雑用ばかりさせられてるみたいだ――
まぁ、これもその１つなんだろうが",,ui\00_message\quest\q10310101.gmd,\quest\q10310101.arc,q10310101.arc,108,Elmer
0,,"そこのテントの中にある張り紙で
""仕事""が伝達されているらしい",,ui\00_message\quest\q10310101.gmd,\quest\q10310101.arc,q10310101.arc,109,Elmer
0,,"そいつを換えてやれば
奴を火薬庫の前から引き離すのは容易さ
確か、ちょうどいいのがあったはず――",,ui\00_message\quest\q10310101.gmd,\quest\q10310101.arc,q10310101.arc,110,Elmer
0,,"――ほら、こいつを持って行ってくれ
奴が櫓上の見張りをしたときの張り紙さ
いつか使えねぇかと、失敬しておいたんだ",,ui\00_message\quest\q10310101.gmd,\quest\q10310101.arc,q10310101.arc,111,Elmer
0,,"さ、こんなとこに長居は無用だ
あんたはそれを持ってテントへ行ってくれ
――頼んだぜ",,ui\00_message\quest\q10310101.gmd,\quest\q10310101.arc,q10310101.arc,112,Elmer
0,,"さ、こんなとこに長居は無用だ
あんたはその張り紙を持ってテントへ行ってくれ
――頼んだぜ",,ui\00_message\quest\q10310101.gmd,\quest\q10310101.arc,q10310101.arc,113,Elmer
0,,"キミならここを見つけてくれると思ってたよ
一部始終は把握している
ボクは耳がいいからね！",,ui\00_message\quest\q10310101.gmd,\quest\q10310101.arc,q10310101.arc,114,Sonel
0,,"やっかいな見張りくんの新しいお仕事は
""櫓の上の見張り""か――
なるほど、こいつはちょうどいい",,ui\00_message\quest\q10310101.gmd,\quest\q10310101.arc,q10310101.arc,115,Sonel
0,,その櫓を今から吹っ飛ばすのが作戦だからね！,,ui\00_message\quest\q10310101.gmd,\quest\q10310101.arc,q10310101.arc,116,Sonel
0,,"さ、見張りくんがいなくなったのを確認したら
火薬庫へ向かってくれ",,ui\00_message\quest\q10310101.gmd,\quest\q10310101.arc,q10310101.arc,117,Sonel
0,,"これをこうして――いや
せっかくだし派手にいこう――
よしよし、これで完了だ",,ui\00_message\quest\q10310101.gmd,\quest\q10310101.arc,q10310101.arc,118,Sonel
0,,"櫓を吹っ飛ばすには少々火力不足だったんでね
ちょっと細工をしておいたよ
さ、爆発するぞ、安全な場所まで離れよう",,ui\00_message\quest\q10310101.gmd,\quest\q10310101.arc,q10310101.arc,119,Sonel
0,,はっはっは！,,ui\00_message\quest\q10310101.gmd,\quest\q10310101.arc,q10310101.arc,120,Sonel
0,,いやぁ、実に爽快！,,ui\00_message\quest\q10310101.gmd,\quest\q10310101.arc,q10310101.arc,121,Sonel
0,,"ボクの本気の魔法よりかは
少々派手さと気品に欠けるが――
櫓ごと奴らを吹っ飛ばすにはこれで十分だ",,ui\00_message\quest\q10310101.gmd,\quest\q10310101.arc,q10310101.arc,122,Sonel
0,,"キミの協力のおかげで
奴らに大打撃を与えられたよ
作戦は大成功さ！",,ui\00_message\quest\q10310101.gmd,\quest\q10310101.arc,q10310101.arc,123,Sonel
0,,"こいつはたまげたな！
さすがはソネル様だ",,ui\00_message\quest\q10310101.gmd,\quest\q10310101.arc,q10310101.arc,124,Elmer
0,,"どうやら、あの下っ端もろとも
ふっ飛ばしてくれたようだな
感謝するよ",,ui\00_message\quest\q10310101.gmd,\quest\q10310101.arc,q10310101.arc,125,Elmer
0,,"この混乱に乗じて、俺も脱出できそうだ
戻ってソネル様に話したいこともあるしな",,ui\00_message\quest\q10310101.gmd,\quest\q10310101.arc,q10310101.arc,126,Elmer
0,,"あんたにも礼を言わせてもらうよ
とにかくありがとう！",,ui\00_message\quest\q10310101.gmd,\quest\q10310101.arc,q10310101.arc,127,Elmer
0,,これで制圧完了だ。次に行こうか（仮）,,ui\00_message\quest\q10310101.gmd,\quest\q10310101.arc,q10310101.arc,128,Sonel
0,,"実に見事な潜入任務だった！
あの広場の敵を一掃したことで
結構な損害を与えたはずさ",,ui\00_message\quest\q10310101.gmd,\quest\q10310101.arc,q10310101.arc,129,Sonel
0,,"成果は着実に出ている
焦らず、この調子で
《第一防衛区画》を攻略していこう！",,ui\00_message\quest\q10310101.gmd,\quest\q10310101.arc,q10310101.arc,130,Sonel
0,,"よしよし！　万事、うまくいったぞ！
これでまた、奴らの戦力は確実に弱体化される",,ui\00_message\quest\q10310101.gmd,\quest\q10310101.arc,q10310101.arc,131,Sonel
0,,"《第一の門》の状況は気になるが――
さて、どうするかな",,ui\00_message\quest\q10310101.gmd,\quest\q10310101.arc,q10310101.arc,132,Sonel
0,,《第一の門》を攻略する,"Capture ""First Gate""",ui\00_message\quest\q10310101.gmd,\quest\q10310101.arc,q10310101.arc,133,Sonel
0,,帰還して成果を確認する,Return and review results,ui\00_message\quest\q10310101.gmd,\quest\q10310101.arc,q10310101.arc,134,Sonel
0,,"そうだね、今回の任務の成果はこれで十分だ
同志を一人救出できたし、一旦城へ戻ろう！",,ui\00_message\quest\q10310101.gmd,\quest\q10310101.arc,q10310101.arc,135,Sonel
0,,"この勢いをムダにしたくないからね！
オークと鉄は熱いうちに打てだ
よし、行くぞ！",,ui\00_message\quest\q10310101.gmd,\quest\q10310101.arc,q10310101.arc,136,Sonel
0,,"見てくれ、敵は明らかに弱っている
兵の数も、防衛設備もすでにガタガタだ",,ui\00_message\quest\q10310101.gmd,\quest\q10310101.arc,q10310101.arc,137,Sonel
0,,"ここまでくれば、十分勝機はある
さ、一気に行くぞ！",,ui\00_message\quest\q10310101.gmd,\quest\q10310101.arc,q10310101.arc,138,Sonel
0,,"見てくれ、敵陣の様子が少し変わっている
ボクらの潜入作戦は
確実に奴らの戦力を弱体化させているようだ",,ui\00_message\quest\q10310101.gmd,\quest\q10310101.arc,q10310101.arc,139,Sonel
0,,"今なら、なんとかなるかもしれない
だが、敵もそう簡単には
ここを明け渡してはくれないだろう",,ui\00_message\quest\q10310101.gmd,\quest\q10310101.arc,q10310101.arc,140,Sonel
0,,"ボクが危険と判断したら撤退する
制圧に失敗しても、今回与えた損害は
成果として残せるから、全力で挑もう！",,ui\00_message\quest\q10310101.gmd,\quest\q10310101.arc,q10310101.arc,141,Sonel
0,,"敵の戦力はまだまだ健在か――
こいつは厳しい戦いになる",,ui\00_message\quest\q10310101.gmd,\quest\q10310101.arc,q10310101.arc,142,Sonel
0,,"ボクが危険と判断したら撤退する
制圧に失敗しても、今回与えた損害は
成果として残せるから、全力で挑もう！",,ui\00_message\quest\q10310101.gmd,\quest\q10310101.arc,q10310101.arc,143,Sonel
0,,よし！　《第一の門》は制圧したぞ！,,ui\00_message\quest\q10310101.gmd,\quest\q10310101.arc,q10310101.arc,144,Sonel
0,,"かなり厳しい戦いだったが
キミの目を見張る活躍、この目で見させてもらったよ",,ui\00_message\quest\q10310101.gmd,\quest\q10310101.arc,q10310101.arc,145,Sonel
0,,"聞いていた以上の実力だ
今のボクの魔法だけでは
この数の敵は相手にできなかった――",,ui\00_message\quest\q10310101.gmd,\quest\q10310101.arc,q10310101.arc,146,Sonel
0,,"ありがとう！
さ、一旦城に戻ろう
兵にここの防衛を任せる準備も必要だ",,ui\00_message\quest\q10310101.gmd,\quest\q10310101.arc,q10310101.arc,147,Sonel
0,,"ありがとう！
《第一防衛区画》の奪還作戦も軌道に乗って来た
これもキミのおかげさ",,ui\00_message\quest\q10310101.gmd,\quest\q10310101.arc,q10310101.arc,148,Sonel
0,,"ボクは次の作戦の準備をしておこう
また、力を貸してくれないかな？
よろしく頼んだよ！",,ui\00_message\quest\q10310101.gmd,\quest\q10310101.arc,q10310101.arc,149,Sonel
0,,これをこうして――うんうん、いいね,,ui\00_message\quest\q10310101.gmd,\quest\q10310101.arc,q10310101.arc,150,Sonel
0,,よし、あともう少しだ,,ui\00_message\quest\q10310101.gmd,\quest\q10310101.arc,q10310101.arc,151,Sonel
0,,"お！
そいつは《生乾きの布》じゃないか！",,ui\00_message\quest\q10310101.gmd,\quest\q10310101.arc,q10310101.arc,152,Sonel
0,,"さっそくそいつを渡してくれ！
――キミ、よくこれを平気な顔して持てるね！",,ui\00_message\quest\q10310101.gmd,\quest\q10310101.arc,q10310101.arc,153,Sonel
0,,"よしよし、これをこうして――
ふふふ――やっぱりボクは天才だね！",,ui\00_message\quest\q10310101.gmd,\quest\q10310101.arc,q10310101.arc,154,Sonel
0,,"実にすばらしい仕上がり――
１つめのテントの細工は完了だ！",,ui\00_message\quest\q10310101.gmd,\quest\q10310101.arc,q10310101.arc,155,Sonel
0,,"お！
そいつは《オオワラカミツキ》じゃないか！",,ui\00_message\quest\q10310101.gmd,\quest\q10310101.arc,q10310101.arc,156,Sonel
0,,"さっそくそいつを渡してくれ！
――ちょっとちょっと！
その持ち方で渡されたら
まずボクが危ないじゃないか！",,ui\00_message\quest\q10310101.gmd,\quest\q10310101.arc,q10310101.arc,157,Sonel
0,,"よしよし、こいつをここに――
おっと、あぶないあぶない！
ふぅ――このスリルがたまらないね",,ui\00_message\quest\q10310101.gmd,\quest\q10310101.arc,q10310101.arc,158,Sonel
0,,"まさに命がけの芸術――
２つめのテントの細工は完了だ！",,ui\00_message\quest\q10310101.gmd,\quest\q10310101.arc,q10310101.arc,159,Sonel
0,,"お！
そいつは《熟成爆弾カボチャ》じゃないか！
やっぱりこの辺にあったね",,ui\00_message\quest\q10310101.gmd,\quest\q10310101.arc,q10310101.arc,160,Sonel
0,,"さっそくそいつを渡してくれ！
この辺のカボチャは頑丈な皮が特徴でね
限界まで熟成させると爆弾のようになるのさ",,ui\00_message\quest\q10310101.gmd,\quest\q10310101.arc,q10310101.arc,161,Sonel
0,,"ただ置くだけじゃつまらないからね
さらに工夫してこう――
キミも子供の頃、よくこうやって遊んだだろ？",,ui\00_message\quest\q10310101.gmd,\quest\q10310101.arc,q10310101.arc,162,Sonel
0,,"まさに伝統の秘密兵器――
最後のテントの細工は完了だ！",,ui\00_message\quest\q10310101.gmd,\quest\q10310101.arc,q10310101.arc,163,Sonel
0,,"お、キミか
何か使えそうな物は見つかったかい？",,ui\00_message\quest\q10310101.gmd,\quest\q10310101.arc,q10310101.arc,164,Sonel
0,,"整備中の大砲か――悪くはないが
ここで修理するわけにもいかないだろう",,ui\00_message\quest\q10310101.gmd,\quest\q10310101.arc,q10310101.arc,165,Sonel
0,,え？　そんなところで何をしてるかって？,,ui\00_message\quest\q10310101.gmd,\quest\q10310101.arc,q10310101.arc,166,Sonel
0,,"見ての通り""ボクなりの潜入方法""というやつさ
キミもこれくらいの気持ちでやりたまえよ！",,ui\00_message\quest\q10310101.gmd,\quest\q10310101.arc,q10310101.arc,167,Sonel
0,,"なんだキミか
ボクはね、今隠れるので忙しいんだ",,ui\00_message\quest\q10310101.gmd,\quest\q10310101.arc,q10310101.arc,168,Sonel
0,,"そこにある攻城槌なら
ボクら二人で動かすのは不可能だ",,ui\00_message\quest\q10310101.gmd,\quest\q10310101.arc,q10310101.arc,169,Sonel
0,,"そもそも、それは頑丈な門などを
地味にコツコツ破壊するための兵器だしね",,ui\00_message\quest\q10310101.gmd,\quest\q10310101.arc,q10310101.arc,170,Sonel
0,,この状況で有効に使うのは難しいよ,,ui\00_message\quest\q10310101.gmd,\quest\q10310101.arc,q10310101.arc,171,Sonel
0,,"ふぅ――
見張りはなんとかなったが
少々騒ぎを起こし過ぎてしまったな",,ui\00_message\quest\q10310101.gmd,\quest\q10310101.arc,q10310101.arc,172,Sonel
0,,"なぁに、焦ることはないさ
日々少しずつ損害を与えれば
かならず敵は弱体化する",,ui\00_message\quest\q10310101.gmd,\quest\q10310101.arc,q10310101.arc,173,Sonel
0,,"今日は、ここで切り上げるとしよう
さ、展望城に帰ろうじゃないか",,ui\00_message\quest\q10310101.gmd,\quest\q10310101.arc,q10310101.arc,174,Sonel
0,,"くっ―――
まだ攻略出来ないみたいだね―――
ここはいったん出直して、準備を整えよう",,ui\00_message\quest\q10310101.gmd,\quest\q10310101.arc,q10310101.arc,175,Sonel
0,,"潜入の準備はできている
戦いの方は――まだちょっと遠慮したいけどね",,ui\00_message\quest\q10310101.gmd,\quest\q10310101.arc,q10310101.arc,176,Sonel
0,,さて、今回はどうするかな――,,ui\00_message\quest\q10310101.gmd,\quest\q10310101.arc,q10310101.arc,177,Sonel
0,,《兵舎》を攻略する,"Capture ""Barracks""",ui\00_message\quest\q10310101.gmd,\quest\q10310101.arc,q10310101.arc,178,Sonel
0,,《集会所》を攻略する,,ui\00_message\quest\q10310101.gmd,\quest\q10310101.arc,q10310101.arc,179,Sonel
0,,準備に戻る,Return to preparation,ui\00_message\quest\q10310101.gmd,\quest\q10310101.arc,q10310101.arc,180,Sonel
0,,"潜入の準備はできている
戦いの方は――まだちょっと遠慮したいけどね",,ui\00_message\quest\q10310101.gmd,\quest\q10310101.arc,q10310101.arc,181,Sonel
0,,さて、今回はどうするかな――,,ui\00_message\quest\q10310101.gmd,\quest\q10310101.arc,q10310101.arc,182,Sonel
0,,《兵舎》を攻略する,"Capture ""Barracks""",ui\00_message\quest\q10310101.gmd,\quest\q10310101.arc,q10310101.arc,183,Sonel
0,,《集会所》を攻略する,,ui\00_message\quest\q10310101.gmd,\quest\q10310101.arc,q10310101.arc,184,Sonel
0,,準備に戻る,Return to preparation,ui\00_message\quest\q10310101.gmd,\quest\q10310101.arc,q10310101.arc,185,Sonel
0,,"《兵舎》での作戦はもう十分だろう
これ以上やると、せっかく奪還しても
あの辺に近づけなくなるからね！",,ui\00_message\quest\q10310101.gmd,\quest\q10310101.arc,q10310101.arc,186,Sonel
0,,次の目標はいよいよ《集会場》さ,,ui\00_message\quest\q10310101.gmd,\quest\q10310101.arc,q10310101.arc,187,Sonel
0,,"《集会場》のオークくん達は
櫓と一緒にふっ飛ばしたじゃないか",,ui\00_message\quest\q10310101.gmd,\quest\q10310101.arc,q10310101.arc,188,Sonel
0,,次の目標は《兵舎》の攻略さ,,ui\00_message\quest\q10310101.gmd,\quest\q10310101.arc,q10310101.arc,189,Sonel
0,,え、見つかった！？,"Wait, it was found!?",ui\00_message\quest\q10310101.gmd,\quest\q10310101.arc,q10310101.arc,190,Sonel
0,,"ふぅ――
見張りはなんとかなったが
テントの細工が完了する前に見つかってしまったか",,ui\00_message\quest\q10310101.gmd,\quest\q10310101.arc,q10310101.arc,191,Sonel
0,,"騒ぎを聞いて増援が駆けつけてくるだろうから
このまま作戦を続行するのは危険だ",,ui\00_message\quest\q10310101.gmd,\quest\q10310101.arc,q10310101.arc,192,Sonel
0,,一度、展望城に戻って仕切り直すとしよう,,ui\00_message\quest\q10310101.gmd,\quest\q10310101.arc,q10310101.arc,193,Sonel
0,,"お、キミが来るのを待ってたよ！
《第一防衛区画》の調査に出した斥候が
今さっき戻って来てね",,ui\00_message\quest\q10310200.gmd,\quest\q10310200.arc,q10310200.arc,0,Sonel
0,,"ボクらが与えた損害は相当なものだったようだ
残る《第一の門》にはほとんど戦力が
残されていないことが分かった",,ui\00_message\quest\q10310200.gmd,\quest\q10310200.arc,q10310200.arc,1,Sonel
0,,"《第一防衛区画》を奪還する絶好のチャンスなんだ！
是非キミの力を借りたい！",,ui\00_message\quest\q10310200.gmd,\quest\q10310200.arc,q10310200.arc,2,Sonel
0,,"そう言うと思って待っていたのさ！
さ、善は急げだ
準備ができ次第出発するよ！",,ui\00_message\quest\q10310200.gmd,\quest\q10310200.arc,q10310200.arc,3,Sonel
0,,"今回は《第一の門》への強襲作戦だからね
キミのポーン達の参戦も大歓迎さ！",,ui\00_message\quest\q10310200.gmd,\quest\q10310200.arc,q10310200.arc,4,Sonel
0,,"さて、いよいよ城外の奪還作戦の最初の山場だ
とは言っても、敵はもうかなり弱ってるからね",,ui\00_message\quest\q10310200.gmd,\quest\q10310200.arc,q10310200.arc,5,Sonel
0,,"苦戦はしないと思うが油断は禁物
さ、行こうか！",,ui\00_message\quest\q10310200.gmd,\quest\q10310200.arc,q10310200.arc,6,Sonel
0,,出発する,Depart,ui\00_message\quest\q10310200.gmd,\quest\q10310200.arc,q10310200.arc,7,Sonel
0,,ちょっと待って,Wait a little,ui\00_message\quest\q10310200.gmd,\quest\q10310200.arc,q10310200.arc,8,Sonel
0,,"今回は《第一の門》へ直接乗り込む！
到着したらすぐに戦闘だ、行くぞ！",,ui\00_message\quest\q10310200.gmd,\quest\q10310200.arc,q10310200.arc,9,Sonel
0,,"キミって意外と慎重さんなんだね！
悪いことではないが、時には勢いも必要さ！
準備ができたら声をかけてくれ",,ui\00_message\quest\q10310200.gmd,\quest\q10310200.arc,q10310200.arc,10,Sonel
0,,よし！　《第一の門》は制圧したぞ！,,ui\00_message\quest\q10310200.gmd,\quest\q10310200.arc,q10310200.arc,11,Sonel
0,,"これまでの積み重ねの成果が出すぎて
やや拍子抜けなところもあったが――",,ui\00_message\quest\q10310200.gmd,\quest\q10310200.arc,q10310200.arc,12,Sonel
0,,"区画を１つ奪還できたことは
解放軍にとっては大きな一歩だ！",,ui\00_message\quest\q10310200.gmd,\quest\q10310200.arc,q10310200.arc,13,Sonel
0,,"ありがとう！
さ、一旦城に戻ろう
兵にここの防衛を任せる準備も必要だ",,ui\00_message\quest\q10310200.gmd,\quest\q10310200.arc,q10310200.arc,14,Sonel
0,,"《第一防衛区画》の奪還に
力を貸してくれてありがとう",,ui\00_message\quest\q10310200.gmd,\quest\q10310200.arc,q10310200.arc,15,Sonel
0,,"百聞は一見に如かず――
キミのその力は、本当にすばらしい",,ui\00_message\quest\q10310200.gmd,\quest\q10310200.arc,q10310200.arc,16,Sonel
0,,"ボクは、ただ強いことが""力""だとは思わない
重要なのはその""使い方""だ",,ui\00_message\quest\q10310200.gmd,\quest\q10310200.arc,q10310200.arc,17,Sonel
0,,"そしてキミなら――
正しいことにその力を使えると信じているよ",,ui\00_message\quest\q10310200.gmd,\quest\q10310200.arc,q10310200.arc,18,Sonel
0,,"これからも、我々の――
アッカーシェランの人々のために
その力を貸してもらいたい",,ui\00_message\quest\q10310200.gmd,\quest\q10310200.arc,q10310200.arc,19,Sonel
0,,"お、キミが来るのを待ってたよ！
《第一防衛区画》の調査に出した斥候が
今さっき戻ってきてね",,ui\00_message\quest\q10310200.gmd,\quest\q10310200.arc,q10310200.arc,20,Sonel
0,,"ボクらが与えた損害は相当なものだったようだ
《第一の門》に残っていた残党も片付けたし
他の区画からの侵攻の気配もない",,ui\00_message\quest\q10310200.gmd,\quest\q10310200.arc,q10310200.arc,21,Sonel
0,,"この隙に《第二防衛区画》への
足掛かりを探したくってね
キミにも是非一緒に来て欲しい",,ui\00_message\quest\q10310200.gmd,\quest\q10310200.arc,q10310200.arc,22,Sonel
0,,"今回は、特に戦闘が起きることもないだろう
敵も、予想外のことが起きて慌ててるのか
今のところ目立った動きはない",,ui\00_message\quest\q10310200.gmd,\quest\q10310200.arc,q10310200.arc,23,Sonel
0,,声をかけてくれたら出発するよ,,ui\00_message\quest\q10310200.gmd,\quest\q10310200.arc,q10310200.arc,24,Sonel
0,,"よし、それじゃあひとつ
《第二防衛区画》へ通じる城門の様子でも
見に行くとするか",,ui\00_message\quest\q10310200.gmd,\quest\q10310200.arc,q10310200.arc,25,Sonel
0,,出発する,Depart,ui\00_message\quest\q10310200.gmd,\quest\q10310200.arc,q10310200.arc,26,Sonel
0,,ちょっと待って,Wait a little,ui\00_message\quest\q10310200.gmd,\quest\q10310200.arc,q10310200.arc,27,Sonel
0,,"ま、特に何もないと思うし
気楽に行こう",,ui\00_message\quest\q10310200.gmd,\quest\q10310200.arc,q10310200.arc,28,Sonel
0,,"うーむ、当然だけど
こちらから門を開けることはできない
そのために作った防衛設備だからね！",,ui\00_message\quest\q10310200.gmd,\quest\q10310200.arc,q10310200.arc,29,Sonel
0,,"まぁ、奴らも追い込まれてるし
ここをわざわざ開けたりはしないだろうけど",,ui\00_message\quest\q10310200.gmd,\quest\q10310200.arc,q10310200.arc,30,Sonel
0,,"とは言えだ、ボクらはこの壁の向こう側へ行き
そこを取り戻さなければならない",,ui\00_message\quest\q10310200.gmd,\quest\q10310200.arc,q10310200.arc,31,Sonel
0,,"少し考えがある――
次の作戦が決まるまで
潜入任務は一時おあずけかな！",,ui\00_message\quest\q10310200.gmd,\quest\q10310200.arc,q10310200.arc,32,Sonel
0,,さ、城へ戻ろう,,ui\00_message\quest\q10310200.gmd,\quest\q10310200.arc,q10310200.arc,33,Sonel
0,,"あ、隊長聞いてくれ！
この前《大聖堂》で見つけてくれた
《古井戸の地図》を解析して
新たな作戦を立てたんだ",,ui\00_message\quest\q10310300.gmd,\quest\q10310300.arc,q10310300.arc,0,Sonel
0,,"ここへ来たということは――
もちろんそいつを聞きにきたんだよね？",,ui\00_message\quest\q10310300.gmd,\quest\q10310300.arc,q10310300.arc,1,Sonel
0,,よしよし、それじゃあ早速説明するよ！,,ui\00_message\quest\q10310300.gmd,\quest\q10310300.arc,q10310300.arc,2,Sonel
0,,"今使える古井戸の中で
ちょうど《第一の門》の内側に
出られそうなものがあるんだ",,ui\00_message\quest\q10310300.gmd,\quest\q10310300.arc,q10310300.arc,3,Sonel
0,,"《第二防衛区画》の状況はまだ分からないからね
いきなり敵陣深くに出るのは危険だ",,ui\00_message\quest\q10310300.gmd,\quest\q10310300.arc,q10310300.arc,4,Sonel
0,,"今回の作戦は、偵察が目的さ
まずは敵の戦力を知りたい",,ui\00_message\quest\q10310300.gmd,\quest\q10310300.arc,q10310300.arc,5,Sonel
0,,"いつも通り、ボクと隊長の二人で潜入する
準備ができたらいつでも声をかけてくれ！",,ui\00_message\quest\q10310300.gmd,\quest\q10310300.arc,q10310300.arc,6,Sonel
0,,"もう早く出発したくてウズウズしてたよ
隊長が""相棒""を見つけてくれたからね！",,ui\00_message\quest\q10310300.gmd,\quest\q10310300.arc,q10310300.arc,7,Sonel
0,,"なんせ城内で杖を振り回すと怒られるから
ずっと我慢していたのさ！",,ui\00_message\quest\q10310300.gmd,\quest\q10310300.arc,q10310300.arc,8,Sonel
0,,"ついうっかり、""潜入任務""だということを
忘れそうだね！　あっはっは！",,ui\00_message\quest\q10310300.gmd,\quest\q10310300.arc,q10310300.arc,9,Sonel
0,,さ、早く出発しよう！,,ui\00_message\quest\q10310300.gmd,\quest\q10310300.arc,q10310300.arc,10,Sonel
0,,出発する,Depart,ui\00_message\quest\q10310300.gmd,\quest\q10310300.arc,q10310300.arc,11,Sonel
0,,――少し待ってほしい,...I want to wait awhile,ui\00_message\quest\q10310300.gmd,\quest\q10310300.arc,q10310300.arc,12,Sonel
0,,久々の潜入、気を引き締めて行こう！,,ui\00_message\quest\q10310300.gmd,\quest\q10310300.arc,q10310300.arc,13,Sonel
0,,"早くしないと、ボク
ここで杖を振り回してしまいそうだよ！",,ui\00_message\quest\q10310300.gmd,\quest\q10310300.arc,q10310300.arc,14,Sonel
0,,"いよいよここから《第二防衛区画》だね
思ったより警備が手薄だが――
まさか古井戸から現れるとは思ってないか",,ui\00_message\quest\q10310300.gmd,\quest\q10310300.arc,q10310300.arc,15,Sonel
0,,"ここからではあまり情報を得られないな
まずは、この壁の突き当りまで進もう",,ui\00_message\quest\q10310300.gmd,\quest\q10310300.arc,q10310300.arc,16,Sonel
0,,"待った――
ここから先は見張りがいる",,ui\00_message\quest\q10310300.gmd,\quest\q10310300.arc,q10310300.arc,17,Sonel
0,,"かなり広い場所だな――
奥に大きな櫓も見える",,ui\00_message\quest\q10310300.gmd,\quest\q10310300.arc,q10310300.arc,18,Sonel
0,,"ここから見えるだけでも
そこそこのオークがいるな――
まだまだ戦力は残っているということか――",,ui\00_message\quest\q10310300.gmd,\quest\q10310300.arc,q10310300.arc,19,Sonel
0,,"見つかると潜入続行は絶望的だし
この中に入るのは不可能と見ていい",,ui\00_message\quest\q10310300.gmd,\quest\q10310300.arc,q10310300.arc,20,Sonel
0,,"仕方ない――
見張りをやり過ごして、奥に見える
扉を調べるとしよう",,ui\00_message\quest\q10310300.gmd,\quest\q10310300.arc,q10310300.arc,21,Sonel
0,,隊長、潜入の基本、覚えているかな？,,ui\00_message\quest\q10310300.gmd,\quest\q10310300.arc,q10310300.arc,22,Sonel
0,,"奴らが十分離れた位置で
背中を向けて立ち止まった時がチャンスだ
すばやく移動してくれ",,ui\00_message\quest\q10310300.gmd,\quest\q10310300.arc,q10310300.arc,23,Sonel
0,,"隊長が先に渡って
そこからタイミングを見て合図してくれ
そしたらボクもそちらへ移動を開始する",,ui\00_message\quest\q10310300.gmd,\quest\q10310300.arc,q10310300.arc,24,Sonel
0,,"合図の方法はエモートの＜手招き＞だ
よろしく頼んだよ",,ui\00_message\quest\q10310300.gmd,\quest\q10310300.arc,q10310300.arc,25,Sonel
0,,"奴らが十分離れた位置で
背中を向けて立ち止まった時がチャンスだ
すばやく移動してくれ",,ui\00_message\quest\q10310300.gmd,\quest\q10310300.arc,q10310300.arc,26,Sonel
0,,"隊長が先に反対側の旗の下まで行って
そこでタイミングを見て合図してくれ
そしたらボクもそちらへ移動を開始する",,ui\00_message\quest\q10310300.gmd,\quest\q10310300.arc,q10310300.arc,27,Sonel
0,,"合図の方法はエモートの＜手招き＞だ
よろしく頼んだよ",,ui\00_message\quest\q10310300.gmd,\quest\q10310300.arc,q10310300.arc,28,Sonel
0,,とりあえず、ここまでは来れたね,,ui\00_message\quest\q10310300.gmd,\quest\q10310300.arc,q10310300.arc,29,Sonel
