0,,《時番》を発見したら優先的に討伐するのだ！,,ui\00_message\quest\q50300005.gmd,\quest\q50300005.arc,q50300005.arc,6,Zerkin
0,,奴らを倒せば残り時間が延長されるぞ,,ui\00_message\quest\q50300005.gmd,\quest\q50300005.arc,q50300005.arc,7,Zerkin
0,,おお！　ついにエルダードラゴンのお出ましだ！,,ui\00_message\quest\q50300005.gmd,\quest\q50300005.arc,q50300005.arc,8,Zerkin
0,,破壊数　１/１５,,ui\00_message\quest\q50301001.gmd,\quest\q50301001.arc,q50301001.arc,0,The White Dragon
0,,破壊数　２/１５,,ui\00_message\quest\q50301001.gmd,\quest\q50301001.arc,q50301001.arc,1,The White Dragon
0,,破壊数　３/１５,,ui\00_message\quest\q50301001.gmd,\quest\q50301001.arc,q50301001.arc,2,The White Dragon
0,,破壊数　４/１５,,ui\00_message\quest\q50301001.gmd,\quest\q50301001.arc,q50301001.arc,3,The White Dragon
0,,破壊数　５/１５,,ui\00_message\quest\q50301001.gmd,\quest\q50301001.arc,q50301001.arc,4,The White Dragon
0,,破壊数　６/１５,,ui\00_message\quest\q50301001.gmd,\quest\q50301001.arc,q50301001.arc,5,The White Dragon
0,,破壊数　７/１５,,ui\00_message\quest\q50301001.gmd,\quest\q50301001.arc,q50301001.arc,6,The White Dragon
0,,破壊数　８/１５,,ui\00_message\quest\q50301001.gmd,\quest\q50301001.arc,q50301001.arc,7,The White Dragon
0,,破壊数　９/１５,,ui\00_message\quest\q50301001.gmd,\quest\q50301001.arc,q50301001.arc,8,The White Dragon
0,,破壊数　１０/１５,,ui\00_message\quest\q50301001.gmd,\quest\q50301001.arc,q50301001.arc,9,The White Dragon
0,,破壊数　１１/１５,,ui\00_message\quest\q50301001.gmd,\quest\q50301001.arc,q50301001.arc,10,The White Dragon
0,,破壊数　１２/１５,,ui\00_message\quest\q50301001.gmd,\quest\q50301001.arc,q50301001.arc,11,The White Dragon
0,,破壊数　１３/１５,,ui\00_message\quest\q50301001.gmd,\quest\q50301001.arc,q50301001.arc,12,The White Dragon
0,,破壊数　１４/１５,,ui\00_message\quest\q50301001.gmd,\quest\q50301001.arc,q50301001.arc,13,The White Dragon
0,,破壊数　１５/１５,,ui\00_message\quest\q50301001.gmd,\quest\q50301001.arc,q50301001.arc,14,The White Dragon
0,,チェックポイントを通過した！（1/15）,,ui\00_message\quest\q50302001.gmd,\quest\q50302001.arc,q50302001.arc,0,Walt
0,,チェックポイントを通過した！（2/15）,,ui\00_message\quest\q50302001.gmd,\quest\q50302001.arc,q50302001.arc,1,Walt
0,,チェックポイントを通過した！（3/15）,,ui\00_message\quest\q50302001.gmd,\quest\q50302001.arc,q50302001.arc,2,Walt
0,,チェックポイントを通過した！（4/15）,,ui\00_message\quest\q50302001.gmd,\quest\q50302001.arc,q50302001.arc,3,Walt
0,,チェックポイントを通過した！（5/15）,,ui\00_message\quest\q50302001.gmd,\quest\q50302001.arc,q50302001.arc,4,Walt
0,,チェックポイントを通過した！（6/15）,,ui\00_message\quest\q50302001.gmd,\quest\q50302001.arc,q50302001.arc,5,Walt
0,,チェックポイントを通過した！（7/15）,,ui\00_message\quest\q50302001.gmd,\quest\q50302001.arc,q50302001.arc,6,Walt
0,,チェックポイントを通過した！（8/15）,,ui\00_message\quest\q50302001.gmd,\quest\q50302001.arc,q50302001.arc,7,Walt
0,,チェックポイントを通過した！（9/15）,,ui\00_message\quest\q50302001.gmd,\quest\q50302001.arc,q50302001.arc,8,Walt
0,,チェックポイントを通過した！（10/15）,,ui\00_message\quest\q50302001.gmd,\quest\q50302001.arc,q50302001.arc,9,Walt
0,,チェックポイントを通過した！（11/15）,,ui\00_message\quest\q50302001.gmd,\quest\q50302001.arc,q50302001.arc,10,Walt
0,,チェックポイントを通過した！（12/15）,,ui\00_message\quest\q50302001.gmd,\quest\q50302001.arc,q50302001.arc,11,Walt
0,,チェックポイントを通過した！（13/15）,,ui\00_message\quest\q50302001.gmd,\quest\q50302001.arc,q50302001.arc,12,Walt
0,,チェックポイントを通過した！（14/15）,,ui\00_message\quest\q50302001.gmd,\quest\q50302001.arc,q50302001.arc,13,Walt
0,,チェックポイントを通過した！（15/15）,,ui\00_message\quest\q50302001.gmd,\quest\q50302001.arc,q50302001.arc,14,Walt
0,,チェックポイントを通過した！（1/15）,,ui\00_message\quest\q50309001.gmd,\quest\q50309001.arc,q50309001.arc,0,The White Dragon
0,,チェックポイントを通過した！（2/15）,,ui\00_message\quest\q50309001.gmd,\quest\q50309001.arc,q50309001.arc,1,The White Dragon
0,,チェックポイントを通過した！（3/15）,,ui\00_message\quest\q50309001.gmd,\quest\q50309001.arc,q50309001.arc,2,The White Dragon
0,,チェックポイントを通過した！（4/15）,,ui\00_message\quest\q50309001.gmd,\quest\q50309001.arc,q50309001.arc,3,The White Dragon
0,,チェックポイントを通過した！（5/15）,,ui\00_message\quest\q50309001.gmd,\quest\q50309001.arc,q50309001.arc,4,The White Dragon
0,,チェックポイントを通過した！（6/15）,,ui\00_message\quest\q50309001.gmd,\quest\q50309001.arc,q50309001.arc,5,The White Dragon
0,,チェックポイントを通過した！（7/15）,,ui\00_message\quest\q50309001.gmd,\quest\q50309001.arc,q50309001.arc,6,The White Dragon
0,,チェックポイントを通過した！（8/15）,,ui\00_message\quest\q50309001.gmd,\quest\q50309001.arc,q50309001.arc,7,The White Dragon
0,,チェックポイントを通過した！（9/15）,,ui\00_message\quest\q50309001.gmd,\quest\q50309001.arc,q50309001.arc,8,The White Dragon
0,,チェックポイントを通過した！（10/15）,,ui\00_message\quest\q50309001.gmd,\quest\q50309001.arc,q50309001.arc,9,The White Dragon
0,,チェックポイントを通過した！（11/15）,,ui\00_message\quest\q50309001.gmd,\quest\q50309001.arc,q50309001.arc,10,The White Dragon
0,,チェックポイントを通過した！（12/15）,,ui\00_message\quest\q50309001.gmd,\quest\q50309001.arc,q50309001.arc,11,The White Dragon
0,,チェックポイントを通過した！（13/15）,,ui\00_message\quest\q50309001.gmd,\quest\q50309001.arc,q50309001.arc,12,The White Dragon
0,,チェックポイントを通過した！（14/15）,,ui\00_message\quest\q50309001.gmd,\quest\q50309001.arc,q50309001.arc,13,The White Dragon
0,,チェックポイントを通過した！（15/15）,,ui\00_message\quest\q50309001.gmd,\quest\q50309001.arc,q50309001.arc,14,The White Dragon
0,,竜は理から生まれた――,,ui\00_message\quest\q50400006.gmd,\quest\q50400006.arc,q50400006.arc,0,Black Dragon
0,,竜は理の守護者――,,ui\00_message\quest\q50400006.gmd,\quest\q50400006.arc,q50400006.arc,1,Black Dragon
0,,わたしは知ったのだ――,,ui\00_message\quest\q50400006.gmd,\quest\q50400006.arc,q50400006.arc,2,Black Dragon
0,,理はわたしを縛りつける――,,ui\00_message\quest\q50400006.gmd,\quest\q50400006.arc,q50400006.arc,3,Black Dragon
0,,理はこの狭き世界にわたしを閉じ込める,,ui\00_message\quest\q50400006.gmd,\quest\q50400006.arc,q50400006.arc,4,Black Dragon
0,,理の外とは如何なるものか――,,ui\00_message\quest\q50400006.gmd,\quest\q50400006.arc,q50400006.arc,5,Black Dragon
0,,わたしはその理の外を見たい――,,ui\00_message\quest\q50400006.gmd,\quest\q50400006.arc,q50400006.arc,6,Black Dragon
0,,理の壁を壊してやろう,,ui\00_message\quest\q50400006.gmd,\quest\q50400006.arc,q50400006.arc,7,Black Dragon
0,,もはや何人もわたしを止めることは出来ぬ,,ui\00_message\quest\q50400006.gmd,\quest\q50400006.arc,q50400006.arc,8,Black Dragon
0,,この世界を壊して穴をあけるのだ――,,ui\00_message\quest\q50400006.gmd,\quest\q50400006.arc,q50400006.arc,9,Black Dragon
0,,もうすぐ終わる――,,ui\00_message\quest\q50400006.gmd,\quest\q50400006.arc,q50400006.arc,10,Black Dragon
0,,おまえたちを倒し――,,ui\00_message\quest\q50400006.gmd,\quest\q50400006.arc,q50400006.arc,11,Black Dragon
0,,わたしは理の外を見よう――,,ui\00_message\quest\q50400006.gmd,\quest\q50400006.arc,q50400006.arc,12,Black Dragon
0,,竜は理から生まれた――,,ui\00_message\quest\q50400007.gmd,\quest\q50400007.arc,q50400007.arc,0,Black Dragon
0,,竜は理の守護者――,,ui\00_message\quest\q50400007.gmd,\quest\q50400007.arc,q50400007.arc,1,Black Dragon
0,,わたしは知ったのだ――,,ui\00_message\quest\q50400007.gmd,\quest\q50400007.arc,q50400007.arc,2,Black Dragon
0,,理はわたしを縛りつける――,,ui\00_message\quest\q50400007.gmd,\quest\q50400007.arc,q50400007.arc,3,Black Dragon
0,,理はこの狭き世界にわたしを閉じ込める,,ui\00_message\quest\q50400007.gmd,\quest\q50400007.arc,q50400007.arc,4,Black Dragon
0,,理の外とは如何なるものか――,,ui\00_message\quest\q50400007.gmd,\quest\q50400007.arc,q50400007.arc,5,Black Dragon
0,,わたしはその理の外を見たい――,,ui\00_message\quest\q50400007.gmd,\quest\q50400007.arc,q50400007.arc,6,Black Dragon
0,,理の壁を壊してやろう,,ui\00_message\quest\q50400007.gmd,\quest\q50400007.arc,q50400007.arc,7,Black Dragon
0,,もはや何人もわたしを止めることは出来ぬ,,ui\00_message\quest\q50400007.gmd,\quest\q50400007.arc,q50400007.arc,8,Black Dragon
0,,この世界を壊して穴をあけるのだ――,,ui\00_message\quest\q50400007.gmd,\quest\q50400007.arc,q50400007.arc,9,Black Dragon
0,,もうすぐ終わる――,,ui\00_message\quest\q50400007.gmd,\quest\q50400007.arc,q50400007.arc,10,Black Dragon
0,,おまえたちを倒し――,,ui\00_message\quest\q50400007.gmd,\quest\q50400007.arc,q50400007.arc,11,Black Dragon
0,,わたしは理の外を見よう――,,ui\00_message\quest\q50400007.gmd,\quest\q50400007.arc,q50400007.arc,12,Black Dragon
0,,竜は理から生まれた――,,ui\00_message\quest\q50400012.gmd,\quest\q50400012.arc,q50400012.arc,0,Black Dragon
0,,竜は理の守護者――,,ui\00_message\quest\q50400012.gmd,\quest\q50400012.arc,q50400012.arc,1,Black Dragon
0,,わたしは知ったのだ――,,ui\00_message\quest\q50400012.gmd,\quest\q50400012.arc,q50400012.arc,2,Black Dragon
0,,理はわたしを縛りつける――,,ui\00_message\quest\q50400012.gmd,\quest\q50400012.arc,q50400012.arc,3,Black Dragon
0,,理はこの狭き世界にわたしを閉じ込める,,ui\00_message\quest\q50400012.gmd,\quest\q50400012.arc,q50400012.arc,4,Black Dragon
0,,理の外とは如何なるものか――,,ui\00_message\quest\q50400012.gmd,\quest\q50400012.arc,q50400012.arc,5,Black Dragon
0,,わたしはその理の外を見たい――,,ui\00_message\quest\q50400012.gmd,\quest\q50400012.arc,q50400012.arc,6,Black Dragon
0,,理の壁を壊してやろう,,ui\00_message\quest\q50400012.gmd,\quest\q50400012.arc,q50400012.arc,7,Black Dragon
0,,もはや何人もわたしを止めることは出来ぬ,,ui\00_message\quest\q50400012.gmd,\quest\q50400012.arc,q50400012.arc,8,Black Dragon
0,,この世界を壊して穴をあけるのだ――,,ui\00_message\quest\q50400012.gmd,\quest\q50400012.arc,q50400012.arc,9,Black Dragon
0,,もうすぐ終わる――,,ui\00_message\quest\q50400012.gmd,\quest\q50400012.arc,q50400012.arc,10,Black Dragon
0,,おまえたちを倒し――,"This trial is about basic tactics one must master
before facing a strong enemy.",ui\00_message\quest\q50400012.gmd,\quest\q50400012.arc,q50400012.arc,11,Black Dragon
0,,わたしは理の外を見よう――,"How and when a Fighter decides to attack
is the biggest deciding factor in any battle!",ui\00_message\quest\q50400012.gmd,\quest\q50400012.arc,q50400012.arc,12,Black Dragon
0,,"今度の試練は、強敵に挑むなら
必ず会得しておきたい基本戦術について、だ","As you might've guessed this trial must be
faced alone, steel yourself!",ui\00_message\quest\q60000001.gmd,\quest\q60000001.arc,q60000001.arc,0,Renton
0,,"ファイターがいかに攻撃を決めるかが
最大の勝敗要因だからな！","Now, head to the 'Training Chapel.'
I believe you know its location.",ui\00_message\quest\q60000001.gmd,\quest\q60000001.arc,q60000001.arc,1,Renton
0,,"あんたの想像通り、この試練もまた
一人で挑んでもらうことになる
気を引き締めてくれよ","Oh!? Your expression is different than before.
It looks like you've grown in strength a bit!",ui\00_message\quest\q60000001.gmd,\quest\q60000001.arc,q60000001.arc,2,Renton
0,,"じゃあ《修練の祠》に向かってくれ
場所はもう、わかるだろう","Job trials can be accepted any time,
try them out when you switch jobs.",ui\00_message\quest\q60000001.gmd,\quest\q60000001.arc,q60000001.arc,3,Renton
0,,"お！？　なんか表情が違うぞ、さっきと
ひとまわり成長したって感じだな！",I'll be rooting for your success!,ui\00_message\quest\q60000001.gmd,\quest\q60000001.arc,q60000001.arc,4,Renton
0,,"ジョブの試練は、いつでも受け付けているから
転職したときは挑戦してほしい","The trial takes place at the 'Training Chapel.'
Head over there now.",ui\00_message\quest\q60000001.gmd,\quest\q60000001.arc,q60000001.arc,5,Renton
0,,あんたの活躍、俺も応援してるからさ！,"You must first face the large monster
deep within the chapel!",ui\00_message\quest\q60000001.gmd,\quest\q60000001.arc,q60000001.arc,6,Renton
0,,"試練は《修練の祠》で行う
さあ、向かってくれ",Now use <COL ff7575><KCT TOUCH></COL> to climb onto it!,ui\00_message\quest\q60000001.gmd,\quest\q60000001.arc,q60000001.arc,7,Renton
0,,まずは祠の奥へ向かい、大型敵と対峙するんだ！,"While clinging, use <COL ff7575><KCT ATTACK1></COL>
to gouge the beast!",ui\00_message\quest\q60000001.gmd,\quest\q60000001.arc,q60000001.arc,8,Arisen Corps Regimental Soldier
0,,そして<COL ff7575><KCT TOUCH></COL>でヤツにしがみつけ！,"If a yellow mark appears while climbing,
hold <COL ff7575><KCT TOUCH></COL> to endure.
Keep trying until you succeed.",ui\00_message\quest\q60000001.gmd,\quest\q60000001.arc,q60000001.arc,9,Arisen Corps Regimental Soldier
0,,その状態で<COL ff7575><KCT ATTACK1></COL>でえぐり突きだ！,"A red mark when climbing means danger!
Jump with <COL ff7575><KCT JUMP></COL> to retreat quickly!",ui\00_message\quest\q60000001.gmd,\quest\q60000001.arc,q60000001.arc,10,Arisen Corps Regimental Soldier
0,,しがみつき中に黄色いマークが出たら、<COL ff7575><KCT TOUCH>長押し</COL>で耐えろ！成功するまで何度もやってみるんだ,"As you attack, you'll gain its ire.
An angry enemy's body glows red!",ui\00_message\quest\q60000001.gmd,\quest\q60000001.arc,q60000001.arc,11,Arisen Corps Regimental Soldier
0,,しがみつき中に赤いマークが出たら危険だ！<COL ff7575><KCT JUMP></COL>でジャンプし、すぐ離脱しろ！,"An Arisen is one who faces trials
and fulfills their duty without fear.",ui\00_message\quest\q60000001.gmd,\quest\q60000001.arc,q60000001.arc,12,Arisen Corps Regimental Soldier
0,,攻撃し、ヤツを怒らせるんだ。怒った敵は体が赤く輝くぞ！,"This trial challenges you to fight a large enemy.
Only those who defeat it can gain
the Proof of Might...",ui\00_message\quest\q60000001.gmd,\quest\q60000001.arc,q60000001.arc,13,Arisen Corps Regimental Soldier
0,,"覚者とは試練に臆することなく立ち向かい
その使命を全うする者のことだ","I'll teach you about 'Fighting Large Enemies.'
Review the information before you head out.",ui\00_message\quest\q60000001.gmd,\quest\q60000001.arc,q60000001.arc,14,Wilson
0,,"今度は大型敵との戦いに挑む試練だ
その大型敵を倒した者のみ
《破攻の証》を得ることができる――","Go now with your allied soldiers.
Claim the proof, Arisen!",ui\00_message\quest\q60000001.gmd,\quest\q60000001.arc,q60000001.arc,15,Wilson
0,,"知識として《大型敵との戦い》について教えておく
やり方がわからなければ確認して臨むといい",Use <COL ff7575><KCT TOUCH></COL> to climb onto the enemy!,ui\00_message\quest\q60000001.gmd,\quest\q60000001.arc,q60000001.arc,16,Wilson
0,,"共闘の兵とともに行くがいい
証を手にするのだ、覚者よ！","Shake with <COL ff7575><KCT CLIMB_JOLT></COL>
to reduce its stamina gauge.",ui\00_message\quest\q60000001.gmd,\quest\q60000001.arc,q60000001.arc,17,Wilson
0,,<COL ff7575><KCT TOUCH></COL>でヤツにしがみつき、,"Good, that's it! Let's finish it off! 
When it's angry, exhaust it to knock it down.
Remember that!",ui\00_message\quest\q60000001.gmd,\quest\q60000001.arc,q60000001.arc,18,Arisen Corps Regimental Soldier
0,,<COL ff7575><KCT CLIMB_JOLT></COL>で揺さぶり、疲れさせろ！敵スタミナゲージを減らすんだ,"This trial challenges you to fight a large enemy.
Only those who defeat it can gain
the Proof of Might...",ui\00_message\quest\q60000001.gmd,\quest\q60000001.arc,q60000001.arc,19,Arisen Corps Regimental Soldier
0,,よし、その調子だ。一気に仕留めてしまえ！敵が怒ったら疲れさせ、ダウンを奪うんだ。覚えておけよ！,"I'll teach you about 'Fighting Large Enemies.'
Review the information before you head out.",ui\00_message\quest\q60000001.gmd,\quest\q60000001.arc,q60000001.arc,20,Arisen Corps Regimental Soldier
0,,"今度は大型敵との戦いに挑む試練だ
その大型敵を倒した者のみ
《破攻の証》を得ることができる――","The trial has begun.
Go forth without fear, Arisen!",ui\00_message\quest\q60000001.gmd,\quest\q60000001.arc,q60000001.arc,21,Wilson
0,,"知識として《大型敵との戦い》について教えておく
やり方がわからなければ確認して臨むといい","Trial complete well done!
Take the 'Proof of Might' inside
and report to Renton at the temple.",ui\00_message\quest\q60000001.gmd,\quest\q60000001.arc,q60000001.arc,22,Wilson
0,,"試練は始まっている
臆せず深部を目指せ、覚者よ！","Congratulations, Arisen.
The tactical trial is now complete!",ui\00_message\quest\q60000001.gmd,\quest\q60000001.arc,q60000001.arc,23,Wilson
0,,試練完了、よくやったな！奥にある＜破攻の証＞を受け取り、神殿のレンテンに報告するがいい,"To review how to fight large monsters, find
'Adventuring Basics' > 'Fighting Large Enemies'
in the 'Tutorial.'",ui\00_message\quest\q60000001.gmd,\quest\q60000001.arc,q60000001.arc,24,Arisen Corps Regimental Soldier
0,,"おめでとう、覚者よ
これにて戦術試練は完了だ！","Now just gain experience through practice.
Good luck!",ui\00_message\quest\q60000001.gmd,\quest\q60000001.arc,q60000001.arc,25,Arisen Corps Regimental Soldier
0,,"今覚えた大型敵との戦い方を
振り返りたい時は、《チュートリアルガイド》の
《冒険の基礎知識》から《大型敵との戦い》
を確認するんだ","A well-earned 'Proof of Might!'
Wield these skills against your foes with courage.
Return to the Temple and report to Renton, Arisen!",ui\00_message\quest\q60000001.gmd,\quest\q60000001.arc,q60000001.arc,26,Arisen Corps Regimental Soldier
0,,"あとは場数をこなして実力をつけるだけだな
がんばれよ","Ohh! Arisen, something you should know.
Groups of Arisen will gather in 'Clans'...",ui\00_message\quest\q60000001.gmd,\quest\q60000001.arc,q60000001.arc,27,Arisen Corps Regimental Soldier
0,,"《破攻の証》、よくぞ得た！
強大な敵に怯まぬ戦技、勇気とともに活かすのだ
神殿に戻りレンテンに報告するがいい、覚者よ！","Your journey will be richer not only with Pawns,
but also with fellow Arisen who share your ideals.",ui\00_message\quest\q60000001.gmd,\quest\q60000001.arc,q60000001.arc,28,Wilson
0,,"おお！　覚者さま
あなたにお伝えすべきことがあったのです
それは覚者の同盟、《クラン》について――","You can hear the details at the 'Clan Tavern,'
a place to nurture the bonds between Arisen.
First, go meet the owner Kibiza.",ui\00_message\quest\q60000002.gmd,\quest\q60000002.arc,q60000002.arc,0,Freddy
0,,"あなたの旅は、ポーンだけでなく
志をともにする覚者のお仲間がいれば
さらに豊かになりましょう","The 'Clan Tavern' is deep in the inn district.
May friends and fortune grace your path,
Ser Arisen.",ui\00_message\quest\q60000002.gmd,\quest\q60000002.arc,q60000002.arc,1,Freddy
0,,"絆を育む場、《クラン酒場》で詳しい話が
聞けるはずです
まずはその主、キビザとお会い下さい","Welcome to Kibiza's 'Clan Tavern!' 
Oh, you must be the new Arisen
that I've heard about lately?",ui\00_message\quest\q60000002.gmd,\quest\q60000002.arc,q60000002.arc,2,Freddy
0,,"《クラン酒場》は宿場区の奥にございます
では、覚者さまの前途に友と幸のあらんことを","Let me briefly explain what a 'Clan' is.
Clans are alliances through which
an Arisen can find friends
or like-minded others to travel with.",ui\00_message\quest\q60000002.gmd,\quest\q60000002.arc,q60000002.arc,3,Freddy
0,,"キビザの《クラン酒場》へようこそ！
おや、君は最近入った噂の新人覚者さんだね？","Clan members can communicate via dedicated 'Chat'
or 'Mail' and hire Pawns at a lower Rift cost. 
Perhaps this shows the bond between Arisen?",ui\00_message\quest\q60000002.gmd,\quest\q60000002.arc,q60000002.arc,4,Kibiza
0,,"では《クラン》について簡単に説明しておこう
《クラン》とは、覚者同士の同盟団さ
一緒に旅する仲間や、気の合う覚者を探せるよ","...Now the crucial part how to join.
You can either create a Clan as its leader
or apply to join an existing one.",ui\00_message\quest\q60000002.gmd,\quest\q60000002.arc,q60000002.arc,5,Kibiza
0,,"同じクランのメンバー同士なら
専用《チャット》や《メール》で連絡を取り合えるし
《ポーン》の雇用リムがかなり安くなるんだ
これも覚者の絆ってやつなのかな？","To create a Clan,
speak to me and select 'Found Clan'
then fill out the required details
to complete the application.",ui\00_message\quest\q60000002.gmd,\quest\q60000002.arc,q60000002.arc,6,Kibiza
0,,"――で、肝心の参加方法だが
君がクランマスターとなってクランを作成する方法と
すでにあるクランに参加申請する２通りあるよ","To join an existing Clan select 'Clan Search'
If you find a Clan you like apply to join.
Once it is approved you'll become a member.",ui\00_message\quest\q60000002.gmd,\quest\q60000002.arc,q60000002.arc,7,Kibiza
0,,"クランを自分で作る場合は
わしに話し、《クラン設立》を選んでくれ
その後で必要事項を登録すれば、完了だ","Well, feel free to browse the Clans.
We welcome your application any time!",ui\00_message\quest\q60000002.gmd,\quest\q60000002.arc,q60000002.arc,8,Kibiza
0,,"すでにあるクランに参加する場合は
《クラン検索》を選んでくれ
加入を希望するクランがあれば参加申請するといい
クラン側が認めれば、晴れてメンバーさ","The 'Clan Tavern' is deep in the inn district.
May friends and fortune grace your path,
Ser Arisen.",ui\00_message\quest\q60000002.gmd,\quest\q60000002.arc,q60000002.arc,9,Kibiza
0,,"じゃ、良ければどんなクランが
あるかだけでものぞいていってくれよ
手続きはいつでも歓迎さ",【Hint: Clan Unlock】,ui\00_message\quest\q60000002.gmd,\quest\q60000002.arc,q60000002.arc,10,Kibiza
0,,"《クラン酒場》は宿場区の奥にございます
では、覚者さまの前途に友と幸のあらんことを",The 'Clan' Unlock quest is now available!,ui\00_message\quest\q60000002.gmd,\quest\q60000002.arc,q60000002.arc,11,Freddy
0,,【ヒント：クラン解放】,Speak to Freddie near the Portcrystal.,ui\00_message\quest\q60000002.gmd,\quest\q60000002.arc,q60000002.arc,12,Freddy
0,,《クラン》解放クエストが受注可能になりました,"<COL ff7575><KCT ATTACK1></COL> for combos! 
Press repeatedly for a three hit combo!",ui\00_message\quest\q60000002.gmd,\quest\q60000002.arc,q60000002.arc,13,Freddy
0,,竜の礎付近にいるフレディ―に話しかけましょう,"Use <COL ff7575><KCT ATTACK2></COL> to break an enemy's guard.
Shatter their defenses!",ui\00_message\quest\q60000002.gmd,\quest\q60000002.arc,q60000002.arc,14,Freddy
0,,<COL ff7575><KCT ATTACK1></COL>で連撃！連続して押せば３連撃だ！,<COL ff7575><KCT WEAPON_SUB></COL> to guard! Block the enemy's attacks!,ui\00_message\quest\q60000003.gmd,\quest\q60000003.arc,q60000003.arc,0,Arisen Corps Regimental Soldier
0,,ガード中の敵に<COL ff7575><KCT ATTACK2></COL>で斬り崩し！敵のガードを崩すんだ！,"Now, the final step. Head deeper into the chapel,
defeat the enemies there with combos and
guard breaks. Don't forget to guard!",ui\00_message\quest\q60000003.gmd,\quest\q60000003.arc,q60000003.arc,1,Arisen Corps Regimental Soldier
0,,<COL ff7575><KCT WEAPON_SUB></COL>でガード！敵の攻撃を防げ！,"Trial complete, well done! 
Take the <Fighter's Mark> in the back 
and report to Renton at the temple.",ui\00_message\quest\q60000003.gmd,\quest\q60000003.arc,q60000003.arc,2,Arisen Corps Regimental Soldier
0,,よし、最後の仕上げだ。祠の奥へ向かい、そこにいる敵を連撃や斬り崩しで倒すんだ！ガードも忘れるなよ,"Congratulations, Arisen.
The tactical trial is now complete!",ui\00_message\quest\q60000003.gmd,\quest\q60000003.arc,q60000003.arc,3,Arisen Corps Regimental Soldier
0,,試練完了、よくやったな！奥にある＜頑盾の証＞を受け取り、神殿のレンテンに報告するがいい,"To review the Fighter's combat style
you just learned, check 《Tutorial》→
《Job Roles》for tactics and duties.",ui\00_message\quest\q60000003.gmd,\quest\q60000003.arc,q60000003.arc,4,Arisen Corps Regimental Soldier
0,,"おめでとう、覚者よ
これにて戦術試練は完了だ！","You might even be able to conquer trials
for larger beasts. Greater challenges await!",ui\00_message\quest\q60000003.gmd,\quest\q60000003.arc,q60000003.arc,5,Arisen Corps Regimental Soldier
0,,"今覚えたファイターの戦い方を
振り返りたい時は、《チュートリアルガイド》の
《ジョブの操作と役割》からファイターの戦法や
戦術的役割を確認するんだ","Only those who complete all trials
may obtain the 《Fighter's Mark.》",ui\00_message\quest\q60000003.gmd,\quest\q60000003.arc,q60000003.arc,6,Arisen Corps Regimental Soldier
0,,"お前なら、より巨大な魔物へ挑むための
試練も達成できるだろう
さらなる挑戦を待っているぞ","If you're unsure about any trial.
Review the information for the trial
you've gained so far before proceeding.",ui\00_message\quest\q60000003.gmd,\quest\q60000003.arc,q60000003.arc,7,Arisen Corps Regimental Soldier
0,,"与えられた試練を全てこなせた者のみ
《頑盾の証》を得ることができる","If all of the enemies in the trial vanish,
leave then return later to try again.",ui\00_message\quest\q60000003.gmd,\quest\q60000003.arc,q60000003.arc,8,Wilson
0,,"各試練のやり方について
わからなければ、今までに得た知識を
確認しながら臨むがいい","Good to see you again, I'm Renton!",ui\00_message\quest\q60000003.gmd,\quest\q60000003.arc,q60000003.arc,9,Wilson
0,,"また立ちはだかる魔物が
課題中にすべていなくなったら
再度出直してくるがいい","You'll be taking on a special trial. Don't worry...
every Fighter goes through this.",ui\00_message\quest\q60000003.gmd,\quest\q60000003.arc,q60000003.arc,10,Wilson
0,,あらためてよろしく、俺はレンテン,"This task must be done alone...
to fully understand your Job's role.",ui\00_message\quest\q60000003.gmd,\quest\q60000003.arc,q60000003.arc,11,Renton
0,,"あんたには特別試練ってやつを、受けてもらうよ
大丈夫！　ファイター誰もが通る道さ","The trial takes place at the 'Training Chapel'. 
Exit the temple, follow the left cliff, and
speak to the guide from the Knight's Order",ui\00_message\quest\q60000003.gmd,\quest\q60000003.arc,q60000003.arc,12,Renton
0,,"こいつは一人でやらなきゃならない
ジョブ――自分の役割ってのを理解するためにさ","You've come, Ser Arisen. 
The 'Training Chapel' for the trial
is atop this cliff. Climb up from here.",ui\00_message\quest\q60000003.gmd,\quest\q60000003.arc,q60000003.arc,13,Renton
0,,"試練は《修練の祠》ってところでやるんだ
神殿を出て左手の崖沿いに進んだら
案内人の騎士団員がいるから話を聞くといい","Do your best. 
We rely on you Arisen...don't let us down.",ui\00_message\quest\q60000003.gmd,\quest\q60000003.arc,q60000003.arc,14,Renton
0,,"来たか、覚者
試練を行う《修練の祠》は、この崖の上だ
ここからよじ登って行ける","So, how was the trial? Well done! 
A good experience to grasp
your Job's depth, right?",ui\00_message\quest\q60000003.gmd,\quest\q60000003.arc,q60000003.arc,15,White Knight
0,,"しっかりやれよ
お前たち覚者が頼りないと、こっちも困るからな","If you switch Jobs later,
give this trial another shot.",ui\00_message\quest\q60000003.gmd,\quest\q60000003.arc,q60000003.arc,16,White Knight
0,,"なぁ、試練の成果はどうだった？
おっそうか！　うまくいったか
ジョブの奥深さを知るいい経験になっただろ？","What's wrong? 
The 'Training Chapel' is atop the cliff.
Hurry and get up there.",ui\00_message\quest\q60000003.gmd,\quest\q60000003.arc,q60000003.arc,17,Renton
0,,"もし、別のジョブに転職することがあったら
また挑戦してみてくれよな","An Arisen faces a trial without fear
and fulfills their duty no matter what.",ui\00_message\quest\q60000003.gmd,\quest\q60000003.arc,q60000003.arc,18,Renton
0,,"どうした？
《修練の祠》は崖の上だ、はやく登って行け","Only those who complete all trials
may obtain the 《Fighter's Mark.》",ui\00_message\quest\q60000003.gmd,\quest\q60000003.arc,q60000003.arc,19,White Knight
0,,"覚者とは試練に臆することなく立ち向かい
その使命を全うする者のことだ","If you're unsure about any trial.
Review the information for the trial
you've gained so far before proceeding.",ui\00_message\quest\q60000003.gmd,\quest\q60000003.arc,q60000003.arc,20,Wilson
0,,"与えられた試練を全てこなせた者のみ
《頑盾の証》を得ることができる","For reference, I'll assign a Pawn 
to fight alongside you. Etch these combat skills
into your mind during the trial!",ui\00_message\quest\q60000003.gmd,\quest\q60000003.arc,q60000003.arc,21,Wilson
0,,"各試練のやり方について
わからなければ今までの得た知識を
確認しながら臨むがいい","Now, when you're ready, please go to
the 'Training Chapel'. Go outside the
temple to the left and talk to the guide.",ui\00_message\quest\q60000003.gmd,\quest\q60000003.arc,q60000003.arc,22,Wilson
0,,"技や動きの参考のため
一人、共闘の兵をつけておこう
課題をこなす中で戦技を身に刻め！","A 'Fighter's Mark'...well earned! 
Hone these skills in real battle.
Return to the temple and report to Renton, Arisen",ui\00_message\quest\q60000003.gmd,\quest\q60000003.arc,q60000003.arc,23,Wilson
0,,"さあ、準備が整ったら
《修練の祠》へ行ってくれよ
神殿の外を左手に進んで、案内人と話すんだ","<COL ff7575><KCT ATTACK2></COL> is Blast Bit. 
Attack the enemy 3 times with magick bolts!",ui\00_message\quest\q60000003.gmd,\quest\q60000003.arc,q60000003.arc,24,Renton
0,,"《頑盾の証》、よくぞ得た！
今後は実戦にてその戦技を鍛錬するのだ
神殿に戻りレンテンに報告するがいい、覚者よ！","Hold the button to charge and release,
increasing the number and power of magic bolts.",ui\00_message\quest\q60000003.gmd,\quest\q60000003.arc,q60000003.arc,25,Wilson
0,,<COL ff7575><KCT ATTACK2></COL>でブラストビットだ。魔法弾で敵を３回攻撃してみろ！,"<COL ff7575><KCT ATTACK1></COL> is Heal Aura. 
Deploy a healing aura to restore health 
for allies and yourself!",ui\00_message\quest\q60000004.gmd,\quest\q60000004.arc,q60000004.arc,0,Priest
0,,ボタン長押しで溜めて放てば魔法弾の数や威力が上がるぞ,"<COL ff7575><KCT SKILL_NORMAL1></COL> is Holy Aura. 
Deploy a holy strike aura to attack the enemy!",ui\00_message\quest\q60000004.gmd,\quest\q60000004.arc,q60000004.arc,1,Priest
0,,<COL ff7575><KCT ATTACK1></COL>でヒールオーラだ。回復陣を展開し、仲間と自身の傷を回復するんだ！,"Now, the final step. Head deeper into the chapel &
defeat the enemies there with Blast Bit and
Holy Aura. Don't forget to heal with Heal Aura!",ui\00_message\quest\q60000004.gmd,\quest\q60000004.arc,q60000004.arc,2,Priest
0,,<COL ff7575><KCT SKILL_NORMAL1></COL>でセイントオーラだ。聖撃陣を展開し、敵を攻撃だ！,"Trial complete, well done! 
Take the <Priest's Mark> in the back 
and report to Renton at the temple.",ui\00_message\quest\q60000004.gmd,\quest\q60000004.arc,q60000004.arc,3,Priest
0,,よし、最後の仕上げだ。祠の奥へ向かい、そこにいる敵をブラストビットやセイントオーラで倒すんだ！ヒールオーラで回復も忘れるなよ,"Congratulations, Arisen.
The tactical trial is now complete!",ui\00_message\quest\q60000004.gmd,\quest\q60000004.arc,q60000004.arc,4,Priest
0,,試練完了、よくやったな！奥にある＜浄化の証＞を受け取り、神殿のレンテンに報告するがいい,"To review the Priest's combat style
you just learned, check 《Tutorial》→
《Job Roles》for tactics and duties.",ui\00_message\quest\q60000004.gmd,\quest\q60000004.arc,q60000004.arc,5,Priest
0,,"おめでとう、覚者よ
これにて戦術試練は完了だ！","You might even be able to conquer trials
for larger beasts. Greater challenges await!",ui\00_message\quest\q60000004.gmd,\quest\q60000004.arc,q60000004.arc,6,Priest
0,,"今覚えたプリーストの戦い方を
振り返りたい時は、《チュートリアルガイド》の
《ジョブの操作と役割》からプリーストの戦法や
戦術的役割を確認するんだ","Good to see you again, I'm Renton!",ui\00_message\quest\q60000004.gmd,\quest\q60000004.arc,q60000004.arc,7,Priest
0,,"お前なら、より巨大な魔物へ挑むための
試練も達成できるだろう
さらなる挑戦を待っているぞ","You'll take on a special trial. 
The basics of being a Priest, got it?",ui\00_message\quest\q60000004.gmd,\quest\q60000004.arc,q60000004.arc,8,Priest
0,,あらためてよろしく、俺はレンテン,"This task must be done alone...
to fully understand your Job's role.",ui\00_message\quest\q60000004.gmd,\quest\q60000004.arc,q60000004.arc,9,Renton
0,,"あんたには、特別試練ってやつを受けてもらうよ
ほら、プリーストの基礎心得ってやつ？","The trial takes place at the 'Training Chapel'. 
Exit the temple, follow the left cliff, and
speak to the guide from the Knight's Order",ui\00_message\quest\q60000004.gmd,\quest\q60000004.arc,q60000004.arc,10,Renton
0,,"こいつは一人でやらなきゃならない
ジョブ――自分の役割ってのを理解するためさ","You've come, Ser Arisen. 
The 'Training Chapel' for the trial
is atop this cliff. Climb up from here.",ui\00_message\quest\q60000004.gmd,\quest\q60000004.arc,q60000004.arc,11,Renton
0,,"試練は《修練の祠》ってところでやるんだ
神殿を出て左手の崖沿いに進んだら
案内人の騎士団員がいるから話を聞くといい","Do your best. 
We rely on you Arisen...don't let us down.",ui\00_message\quest\q60000004.gmd,\quest\q60000004.arc,q60000004.arc,12,Renton
0,,"来たか、覚者
試練を行う《修練の祠》は、この崖の上だ
ここからよじ登って行ける","Oh, how was it? The trial's results.
I see, it went well!
A good experience to grasp
your Job's depth, right?",ui\00_message\quest\q60000004.gmd,\quest\q60000004.arc,q60000004.arc,13,White Knight
0,,"しっかりやれよ
お前たち覚者が頼りないと、こっちも困るからな","If you ever move on to another job,
give it another shot.",ui\00_message\quest\q60000004.gmd,\quest\q60000004.arc,q60000004.arc,14,White Knight
0,,"お、どうだった？　試練の成果は
そうか、うまくいったかぁ！
ジョブの奥深さを知るいい経験になっただろ？","What's wrong? 
The 'Training Chapel' is atop the cliff.
Hurry and get up there.",ui\00_message\quest\q60000004.gmd,\quest\q60000004.arc,q60000004.arc,15,Renton
0,,"もし別のジョブに転職することがあったら
また挑戦してみてくれよな","An Arisen faces a trial without fear
and fulfills their duty no matter what.",ui\00_message\quest\q60000004.gmd,\quest\q60000004.arc,q60000004.arc,16,Renton
0,,"どうした？
《修練の祠》は崖の上だ、はやく登って行け","Only those who complete all trials
may obtain the 《Priest's Mark.》",ui\00_message\quest\q60000004.gmd,\quest\q60000004.arc,q60000004.arc,17,White Knight
0,,"覚者とは試練に臆することなく立ち向かい
その使命を全うする者のことだ","If you're unsure about any trial.
Review the information for the trial
you've gained so far before proceeding.",ui\00_message\quest\q60000004.gmd,\quest\q60000004.arc,q60000004.arc,18,Wilson
0,,"与えられた試練を全てこなせた者のみ
《浄化の証》を得ることができる","For reference, I'll assign a Pawn 
to fight alongside you. Etch these combat skills
into your mind during the trial!",ui\00_message\quest\q60000004.gmd,\quest\q60000004.arc,q60000004.arc,19,Wilson
0,,"各試練のやり方について
わからなければ、今までに得た知識を
確認しながら臨むがいい","Only those who complete all trials
may obtain the 《Priest's Mark.》",ui\00_message\quest\q60000004.gmd,\quest\q60000004.arc,q60000004.arc,20,Wilson
0,,"技や動きの参考のため
一人、共闘の兵をつけておこう
課題をこなす中で戦技を身に刻め！","If you're unsure about any trial.
Review the information for the trial
you've gained so far before proceeding.",ui\00_message\quest\q60000004.gmd,\quest\q60000004.arc,q60000004.arc,21,Wilson
0,,"与えられた試練を全てこなせた者のみ
《浄化の証》を得ることができる","If all of the enemies in the trial vanish,
leave then return later to try again.",ui\00_message\quest\q60000004.gmd,\quest\q60000004.arc,q60000004.arc,22,Wilson
0,,"各試練のやり方について
わからなければ今までの得た知識を
確認しながら臨むがいい","Now, when you're ready, please go to
the 'Training Chapel'. Go outside the
temple to the left and talk to the guide.",ui\00_message\quest\q60000004.gmd,\quest\q60000004.arc,q60000004.arc,23,Wilson
0,,"また立ちはだかる魔物が
課題中にすべていなくなったら
再度出直してくるがいい","A 'Priest's Mark'...well earned! 
Hone these skills in real battle.
Return to the temple and report to Renton, Arisen.",ui\00_message\quest\q60000004.gmd,\quest\q60000004.arc,q60000004.arc,24,Wilson
0,,"さあ、準備が整ったら
《修練の祠》へ行ってくれよ
神殿の外を左手に進んで、案内人と話すんだ","Hey! Straight to the point.
I have a special trial for you to take.
It's about the basics of being a Seeker.",ui\00_message\quest\q60000004.gmd,\quest\q60000004.arc,q60000004.arc,25,Renton
0,,"《浄化の証》、よくぞ得た！
今後は実戦にてその戦技を鍛錬するのだ
神殿に戻りレンテンに報告するがいい、覚者よ！","You'll go alone, without the help of Pawns.
This is to learn more about the Job.",ui\00_message\quest\q60000004.gmd,\quest\q60000004.arc,q60000004.arc,26,Wilson
0,,"よぉ！　早速だが
あんたに受けてもらいたい特別な試練があるんだ
シーカーのいろはについてのさ","The location is the 《Training Chapel》.
Head forward along the cliff outside the
temple. Speak with the Knight's Order
member inside the chapel.",ui\00_message\quest\q60000005.gmd,\quest\q60000005.arc,q60000005.arc,0,Renton
0,,"ポーンの助けなしで、一人で行くんだ
これは、ジョブについて深く知るためだからな","Oh, how was it? The trial's results.
I see, it went well!
A good experience to grasp
your Job's depth, right?",ui\00_message\quest\q60000005.gmd,\quest\q60000005.arc,q60000005.arc,1,Renton
0,,"場所は《修練の祠》だ
神殿の外の左手、崖沿いに進むといい
祠内にいる騎士団員から話を聞いてくれ","If you ever move on to another job,
give it another shot.",ui\00_message\quest\q60000005.gmd,\quest\q60000005.arc,q60000005.arc,2,Renton
0,,"よっ、どうだった？　試練の成果は
そうか、うまくいったかぁ！
ジョブの奥深さを知るいい経験になっただろう","Attack the enemy with Carve using <COL ff7575><KCT ATTACK1></COL>! 
If you press it consecutively, it's a triple slash!",ui\00_message\quest\q60000005.gmd,\quest\q60000005.arc,q60000005.arc,3,Renton
0,,"もし別のジョブに転職することがあったら
また挑戦してみてくれ",<COL ff7575><KCT ATTACK2></COL> attacks the enemy with Scarlet Kisses!,ui\00_message\quest\q60000005.gmd,\quest\q60000005.arc,q60000005.arc,4,Renton
0,,<COL ff7575><KCT ATTACK1></COL>の連斬で敵を攻撃するんだ！連続して押せば３連斬だ！,Dodge enemy attacks with <COL ff7575><KCT ROLLING></COL>!,ui\00_message\quest\q60000005.gmd,\quest\q60000005.arc,q60000005.arc,5,Lightly-Equipped Soldier
0,,<COL ff7575><KCT ATTACK2></COL>の百裂斬りで敵を攻撃するんだ！,Ready your rope with <COL ff7575><PADM><KCT WEAPON_SUB></COL>.,ui\00_message\quest\q60000005.gmd,\quest\q60000005.arc,q60000005.arc,6,Lightly-Equipped Soldier
0,,<COL ff7575><KCT ROLLING></COL>で転身だ。敵の攻撃を回避しろ！,"In that state, throw the rope with <COL ff7575><KCT THROW_ROPE></COL>. 
Close the gap!",ui\00_message\quest\q60000005.gmd,\quest\q60000005.arc,q60000005.arc,7,Lightly-Equipped Soldier
0,,<COL ff7575><PADM><KCT WEAPON_SUB></COL>でロープを構え,"Alright! Head deeper into
the shrine and face the
large enemy! Beware its
<COL ff7575>enraged state</COL>!",ui\00_message\quest\q60000005.gmd,\quest\q60000005.arc,q60000005.arc,8,Lightly-Equipped Soldier
0,,その状態で<COL ff7575><KCT THROW_ROPE></COL>でロープ投げだ。敵との距離を縮めろ！,Now use <COL ff7575><KCT TOUCH></COL> to climb onto it!,ui\00_message\quest\q60000005.gmd,\quest\q60000005.arc,q60000005.arc,9,Lightly-Equipped Soldier
0,,よし、では祠の奥へ向かい大型敵と対峙だ！大型敵の<COL ff7575>＜怒り状態＞</COL>に注意しろ！,"While clinging, use <COL ff7575><KCT ATTACK1></COL>
to perform Scarlet Slashes!",ui\00_message\quest\q60000005.gmd,\quest\q60000005.arc,q60000005.arc,10,Lightly-Equipped Soldier
0,,そして<COL ff7575><KCT TOUCH></COL>でヤツにしがみつけ！,"Be wary of the large enemy's <COL ff7575>enraged state</COL>
and take it out!",ui\00_message\quest\q60000005.gmd,\quest\q60000005.arc,q60000005.arc,11,Lightly-Equipped Soldier
0,,その状態で<COL ff7575><KCT ATTACK1></COL>で乱斬りだ！,"Shake it, wear it down, and create an opening!",ui\00_message\quest\q60000005.gmd,\quest\q60000005.arc,q60000005.arc,12,Lightly-Equipped Soldier
0,,では大型敵の<COL ff7575>＜怒り状態＞</COL>に注意してヤツを仕留めるんだ！,"Trial complete, well done! 
Take the <Seekers's Mark> in the back 
and report to Renton at the temple.",ui\00_message\quest\q60000005.gmd,\quest\q60000005.arc,q60000005.arc,13,Lightly-Equipped Soldier
0,,揺さぶり、疲れさせてチャンスを作るんだぞ！,"Congratulations, Arisen.
The tactical trial is now complete!",ui\00_message\quest\q60000005.gmd,\quest\q60000005.arc,q60000005.arc,14,Lightly-Equipped Soldier
0,,試練完了、よくやったな！奥にある＜旋風の証＞を受け取り、神殿のレンテンに報告するがいい,"To review the Seeker's combat style
you just learned, check 《Tutorial》→
《Job Roles》for tactics and duties.",ui\00_message\quest\q60000005.gmd,\quest\q60000005.arc,q60000005.arc,15,Lightly-Equipped Soldier
0,,"おめでとう、覚者よ
これにて戦術試練は完了だ！","I hear the Seeker masters can fight almost
without touching the ground, as if flying.
It's impossible for me, but you might manage.",ui\00_message\quest\q60000005.gmd,\quest\q60000005.arc,q60000005.arc,16,Lightly-Equipped Soldier
0,,"今覚えたシーカーの戦い方を
振り返りたい時は、《チュートリアルガイド》の
《ジョブの操作と役割》からシーカーの戦法や
戦術的役割を確認するんだ","An Arisen faces a trial without fear
and fulfills their duty no matter what.",ui\00_message\quest\q60000005.gmd,\quest\q60000005.arc,q60000005.arc,17,Lightly-Equipped Soldier
0,,"聞くところによるとシーカーの達人は
ほとんど地に足をつけず、飛ぶように戦えるらしい
我々では無理だが、お前にならできるかもな","Only those who complete all trials
may obtain the 《Seekers's Mark.》",ui\00_message\quest\q60000005.gmd,\quest\q60000005.arc,q60000005.arc,18,Lightly-Equipped Soldier
0,,"覚者とは試練に臆することなく立ち向かい
その使命を全うする者のことだ","If you're unsure about any trial.
Review the information for the trial
you've gained so far before proceeding.",ui\00_message\quest\q60000005.gmd,\quest\q60000005.arc,q60000005.arc,19,Wilson
0,,"与えられた試練を全てこなせた者のみ
《旋風の証》を得ることができる","For reference, I'll assign a Pawn 
to fight alongside you. Etch these combat skills
into your mind during the trial!",ui\00_message\quest\q60000005.gmd,\quest\q60000005.arc,q60000005.arc,20,Wilson
0,,"各試練のやり方について
わからなければ、今までに得た知識を
確認しながら臨むがいい","Only those who complete all trials
may obtain the 《Seekers's Mark.》",ui\00_message\quest\q60000005.gmd,\quest\q60000005.arc,q60000005.arc,21,Wilson
0,,"技や動きの参考のため
一人、共闘の兵をつけておこう
課題をこなす中で戦技を身に刻め！","If you're unsure about any trial.
Review the information for the trial
you've gained so far before proceeding.",ui\00_message\quest\q60000005.gmd,\quest\q60000005.arc,q60000005.arc,22,Wilson
0,,"与えられた試練を全てこなせた者のみ
《旋風の証》を得ることができる","If all of the enemies in the trial vanish,
leave then return later to try again.",ui\00_message\quest\q60000005.gmd,\quest\q60000005.arc,q60000005.arc,23,Wilson
0,,"各試練のやり方について
わからなければ今までの得た知識を
確認しながら臨むがいい","Now, when you're ready, please go to
the 'Training Chapel'. Go to the left outside the
temple and speak with the
guide inside the chapel.",ui\00_message\quest\q60000005.gmd,\quest\q60000005.arc,q60000005.arc,24,Wilson
0,,"また立ちはだかる魔物が
課題中にすべていなくなったら
再度出直してくるがいい","A 'Seekers's Mark'...well earned! 
Hone these skills in real battle.
Return to the temple and report to Renton, Arisen.",ui\00_message\quest\q60000005.gmd,\quest\q60000005.arc,q60000005.arc,25,Wilson
0,,"さあ、準備が整ったら
《修練の祠》へ行ってくれよ
神殿の外を左手に進んで、
祠内にいる案内人と話すんだ","Trial complete, well done! 
Take the <Shield Sage's Mark> in the back 
and report to Renton at the temple.",ui\00_message\quest\q60000005.gmd,\quest\q60000005.arc,q60000005.arc,26,Renton
0,,"《旋風の証》、よくぞ得た！
今後は実戦にてその戦技を鍛錬するのだ
神殿に戻りレンテンに報告するがいい、覚者よ！","Congratulations, Arisen.
The tactical trial is now complete!",ui\00_message\quest\q60000005.gmd,\quest\q60000005.arc,q60000005.arc,27,Wilson
0,,試練完了、よくやったな！奥にある＜魔盾の証＞を受け取り、神殿のレンテンに報告するがいい,"To review the Shield Sage's combat style
you just learned, check 《Tutorial》→
《Job Roles》for tactics and duties.",ui\00_message\quest\q60000006.gmd,\quest\q60000006.arc,q60000006.arc,0,Arisen Corps Regimental Soldier
0,,"おめでとう、覚者よ
これにて戦術試練は完了だ！","You might even be able to conquer trials
for larger beasts. Greater challenges await!",ui\00_message\quest\q60000006.gmd,\quest\q60000006.arc,q60000006.arc,1,Arisen Corps Regimental Soldier
0,,"今覚えたシールドセージの戦い方を
振り返りたい時は、《チュートリアルガイド》の
《ジョブの操作と役割》からシールドセージの戦法や
戦術的役割を確認するんだ",I'm Renton. Good to meet you again!,ui\00_message\quest\q60000006.gmd,\quest\q60000006.arc,q60000006.arc,2,Arisen Corps Regimental Soldier
0,,"お前なら、より巨大な魔物へ挑むための
試練も達成できるだろう
さらなる挑戦を待っているぞ","Why not give it a try right away?
That's right—a special trial
about the basic tactics of the Shield Sage.",ui\00_message\quest\q60000006.gmd,\quest\q60000006.arc,q60000006.arc,3,Arisen Corps Regimental Soldier
0,,俺はレンテン、あらためてよろしくな！,"Prepare yourself, this is a solo challenge. 
It's to help you understand 
the job's characteristics.",ui\00_message\quest\q60000006.gmd,\quest\q60000006.arc,q60000006.arc,4,Renton
0,,"早速やってみないか？
そう――特別試練
シールドセージの初歩戦術についてさ","Once you're ready, head to the <raining Chapel. 
Leave the temple and follow the cliff on the left. 
A guide from the Knight's Order will be there, 
so talk to them.",ui\00_message\quest\q60000006.gmd,\quest\q60000006.arc,q60000006.arc,5,Renton
0,,"覚悟しておけよぉ、これは一人で挑むんだ
ジョブの特性を理解するためにな","You've come, Ser Arisen. 
The 'Training Chapel' for the trial
is atop this cliff. Climb up from here.",ui\00_message\quest\q60000006.gmd,\quest\q60000006.arc,q60000006.arc,6,Renton
0,,"心構えができたら《修練の祠》へ向かうんだ
神殿を出て左手の崖沿いに進めばいいよ
案内人の騎士団員がいるから、話を聞いてくれ","Do your best. 
We rely on you Arisen...don't let us down.",ui\00_message\quest\q60000006.gmd,\quest\q60000006.arc,q60000006.arc,7,Renton
0,,"来たか、覚者
試練を行う《修練の祠》は、この崖の上だ
ここからよじ登って行ける","The trial's outcome?
Success, I see. You've
gained true insight into
your job's essence.",ui\00_message\quest\q60000006.gmd,\quest\q60000006.arc,q60000006.arc,8,White Knight
0,,"しっかりやれよ
お前たち覚者が頼りないと、こっちも困るからな","If you ever move on to another job,
give it another shot.",ui\00_message\quest\q60000006.gmd,\quest\q60000006.arc,q60000006.arc,9,White Knight
0,,"試練の成果は？
そうか、うまくいったか
ジョブの奥深さを知るいい経験になっただろう","What's wrong? 
The 'Training Chapel' is atop the cliff.
Hurry and get up there.",ui\00_message\quest\q60000006.gmd,\quest\q60000006.arc,q60000006.arc,10,Renton
0,,"もし別のジョブに転職することがあったら
また挑戦してみてくれ","An Arisen faces a trial without fear
and fulfills their duty no matter what.",ui\00_message\quest\q60000006.gmd,\quest\q60000006.arc,q60000006.arc,11,Renton
0,,"どうした？
《修練の祠》は崖の上だ、はやく登って行け","Only those who complete all trials
may obtain the 《Shield Sage's Mark.》",ui\00_message\quest\q60000006.gmd,\quest\q60000006.arc,q60000006.arc,12,White Knight
0,,"覚者とは試練に臆することなく立ち向かい
その使命を全うする者のことだ","If you're unsure about any trial.
Review the information for the trial
you've gained so far before proceeding.",ui\00_message\quest\q60000006.gmd,\quest\q60000006.arc,q60000006.arc,13,Wilson
0,,"与えられた試練を全てこなせた者のみ
《魔盾の証》を得ることができる","For reference, I'll assign a Pawn 
to fight alongside you. Etch these combat skills
into your mind during the trial!",ui\00_message\quest\q60000006.gmd,\quest\q60000006.arc,q60000006.arc,14,Wilson
0,,"各試練のやり方について
わからなければ今までの得た知識を
確認しながら臨むがいい","Only those who complete all trials
may obtain the 《Shield Sage's Mark.》",ui\00_message\quest\q60000006.gmd,\quest\q60000006.arc,q60000006.arc,15,Wilson
0,,"技や動きの参考のため
一人、共闘の兵をつけておこう
課題をこなす中で戦技を身に刻め！","If you're unsure about any trial.
Review the information for the trial
you've gained so far before proceeding.",ui\00_message\quest\q60000006.gmd,\quest\q60000006.arc,q60000006.arc,16,Wilson
0,,"与えられた試練を全てこなせた者のみ
《魔盾の証》を得ることができる","If all of the enemies in the trial vanish,
leave then return later to try again.",ui\00_message\quest\q60000006.gmd,\quest\q60000006.arc,q60000006.arc,17,Wilson
0,,"各試練のやり方について
わからなければ、今までに得た知識を
確認しながら臨むがいい","Now, when you're ready, go to
the 'Training Chapel'. Go to the left outside the
temple and talk to the guide.",ui\00_message\quest\q60000006.gmd,\quest\q60000006.arc,q60000006.arc,18,Wilson
0,,"また立ちはだかる魔物が
課題中にすべていなくなったら
再度出直してくるがいい","A 'Shield Sage's Mark'...well earned! 
Hone these skills in real battle.
Return to the temple and report to Renton, Arisen!",ui\00_message\quest\q60000006.gmd,\quest\q60000006.arc,q60000006.arc,19,Wilson
0,,"さあ、準備が整ったら
《修練の祠》へ行ってくれ
神殿の外を左手に進んで、案内人と話すんだ",<COL ff7575><KCT ATTACK1></COL> Attacks enemies with Shield Blow!,ui\00_message\quest\q60000006.gmd,\quest\q60000006.arc,q60000006.arc,20,Renton
0,,"《魔盾の証》、よくぞ得た！
今後は実戦にてその戦技を鍛錬するのだ
神殿に戻りレンテンに報告するがいい、覚者よ！","Try changing your attribute to fire, ice or lightning!",ui\00_message\quest\q60000006.gmd,\quest\q60000006.arc,q60000006.arc,21,Wilson
0,,<COL ff7575><KCT ATTACK1></COL>のシールドブロウで敵を攻撃するんだ！,"After <COL ff7575><KCT ATTACK2>, <PADM><KEYN L_STICK></PADM><KEYM>,</KEYM> to select an attribute, then confirm with <KCT ATTACK2></COL>",ui\00_message\quest\q60000006.gmd,\quest\q60000006.arc,q60000006.arc,22,Arisen Corps Regimental Soldier
0,,自分の属性を炎から氷か雷に変えてみろ！,"Use <COL ff7575><KCT WEAPON_MAIN></COL> for Attract!
To draw the enemy's attention!",ui\00_message\quest\q60000006.gmd,\quest\q60000006.arc,q60000006.arc,23,Arisen Corps Regimental Soldier
0,,<COL ff7575><KCT ATTACK2>後、<PADM><KEYN L_STICK></PADM><KEYM>マウス</KEYM>で属性選択し、<KCT ATTACK2></COL>で決定だ,"If your weapon is drawn, auto-guard is active! Taking enemy damage fills the Force Gauge below your health bar.",ui\00_message\quest\q60000006.gmd,\quest\q60000006.arc,q60000006.arc,24,Arisen Corps Regimental Soldier
0,,<COL ff7575><KCT WEAPON_MAIN></COL>で、アトラクト！敵の注意を引け！,Hold <COL ff7575><KCT WEAPON_SUB></COL> for Shield Lock! Blocking in this stance fills the Force Gauge faster.,ui\00_message\quest\q60000006.gmd,\quest\q60000006.arc,q60000006.arc,25,Arisen Corps Regimental Soldier
0,,武器を構えていればオートガードだ！敵の攻撃を受ければ、体力ゲージの下にあるフォースゲージが溜まるぞ,"Once the Force Gauge is full.
Use <COL ff7575><KCT SKILL_NORMAL2></COL> for Force Burst
to strike enemies with you elemental attribute!",ui\00_message\quest\q60000006.gmd,\quest\q60000006.arc,q60000006.arc,26,Arisen Corps Regimental Soldier
0,,<COL ff7575><KCT WEAPON_SUB>長押し</COL>でシールドロックだ！防御姿勢で受ければフォースゲージがより溜まるぞ,"Fill the Force Gauge again and use <COL ff7575><KCT SKILL_NORMAL1></COL> 
for Force Enchant on yourself and allies!",ui\00_message\quest\q60000006.gmd,\quest\q60000006.arc,q60000006.arc,27,Arisen Corps Regimental Soldier
0,,フォースゲージが溜まったら、<COL ff7575><KCT SKILL_NORMAL2></COL>でフォースバーストだ。属性攻撃で敵を撃て！,"Alright, the final step. Head to the back of the chapel and defeat the enemies there with Shield Blow or Force Burst! Don't forget to guard!",ui\00_message\quest\q60000006.gmd,\quest\q60000006.arc,q60000006.arc,28,Arisen Corps Regimental Soldier
0,,再度フォースゲージを溜めて、<COL ff7575><KCT SKILL_NORMAL1></COL>で自分や仲間にフォースエンチャントだ！,"<COL ff7575><KCT HOLD_BOW> to draw your bow, <KCT SHOOT></COL> to fire!",ui\00_message\quest\q60000006.gmd,\quest\q60000006.arc,q60000006.arc,29,Arisen Corps Regimental Soldier
0,,よし、最後の仕上げだ。祠の奥へ向かい、そこにいる敵をシールドブロウやフォースバーストで倒すんだ！ガードも忘れるなよ,"See the orange line in your aim? 
That's the optimal range. 
Fire when it's centered!",ui\00_message\quest\q60000006.gmd,\quest\q60000006.arc,q60000006.arc,30,Arisen Corps Regimental Soldier
0,,<COL ff7575><KCT HOLD_BOW>で弓構え、<KCT SHOOT></COL>で弓射ちだ！,"Use <COL ff7575><PADM><KCT WEAPON_MAIN> to ready an explosive arrow, then <KCT SHOOT><KEYM> Hold bow, scroll mouse wheel back to ready explosive arrow, then<KCT SHOOT></KEYM></COL> to fire!",ui\00_message\quest\q60000007.gmd,\quest\q60000007.arc,q60000007.arc,0,Hunter
0,,狙撃照準にオレンジのラインがあるだろう。それが中央にくる、射撃の最適距離から矢を放て！,"While aiming an explosive arrow, <COL ff7575><PADM><KEYN R_STICK><KEYM>mouse</KEYM></COL> 
adjusts the landing point!",ui\00_message\quest\q60000007.gmd,\quest\q60000007.arc,q60000007.arc,1,Hunter
0,,<COL ff7575><PADM><KCT WEAPON_MAIN>で爆矢構え、その状態で<KCT SHOOT><KEYM>初期設定の場合、弓構えから、マウスホイール後ろで爆矢構え、<KCT SHOOT></KEYM></COL>で仕込み爆矢射ちだ！,"Attack the explosive arrow to detonate it. 
It's much stronger than letting it explode naturally!",ui\00_message\quest\q60000007.gmd,\quest\q60000007.arc,q60000007.arc,2,Hunter
0,,爆矢構え中は<COL ff7575><PADM><KEYN R_STICK><KEYM>マウス</KEYM></COL>で着弾地点の操作もできるぞ！,"Use <COL ff7575><KCT ATTACK1></COL> for Front Kick!
Create distance by kicking foes!",ui\00_message\quest\q60000007.gmd,\quest\q60000007.arc,q60000007.arc,3,Hunter
0,,爆矢に攻撃し、起爆させるんだ。自然爆発よりずっと威力が上がるぞ！,Use <COL ff7575><KCT RELOAD></COL> to reload arrows!,ui\00_message\quest\q60000007.gmd,\quest\q60000007.arc,q60000007.arc,4,Hunter
0,,<COL ff7575><KCT ATTACK1></COL>で前蹴りだ！敵を蹴って距離をとれ！,"Press <COL ff7575><PADM><KCT TOUCH><KEYM><KCT RELOAD></KEYM></COL> when the colour turns 
blue for a faster reload!",ui\00_message\quest\q60000007.gmd,\quest\q60000007.arc,q60000007.arc,5,Hunter
0,,<COL ff7575><KCT RELOAD></COL>で矢の装填だ！,"Alright, time for the final touch. 
Head to the back of the shrine and take down the 
enemies there with bow shots or explosive arrows!
Don't forget to use front kicks either.",ui\00_message\quest\q60000007.gmd,\quest\q60000007.arc,q60000007.arc,6,Hunter
0,,青色のタイミングで<COL ff7575><PADM><KCT TOUCH><KEYM><KCT RELOAD></KEYM></COL>を押せば、スキが短く装填できるぞ！,"Trial complete, well done! 
Take the <Hunter's Mark> in the back 
and report to Renton at the temple.",ui\00_message\quest\q60000007.gmd,\quest\q60000007.arc,q60000007.arc,7,Hunter
0,,よし、最後の仕上げだ。祠の奥へ向かい、そこにいる敵を弓射ちや爆矢射ちで倒すんだ！前蹴りも忘れるなよ,"Congratulations, Arisen.
The tactical trial is now complete!",ui\00_message\quest\q60000007.gmd,\quest\q60000007.arc,q60000007.arc,8,Hunter
0,,試練完了、よくやったな！奥にある＜狙弓の証＞を受け取り、神殿のレンテンに報告するがいい,"To review the Hunter's combat style
you just learned, check 《Tutorial》→
《Job Roles》for tactics and duties.",ui\00_message\quest\q60000007.gmd,\quest\q60000007.arc,q60000007.arc,9,Hunter
0,,"おめでとう、覚者よ
これにて戦術試練は完了だ！",You might even conquer trials to challenge larger fiends. Greater trials await,ui\00_message\quest\q60000007.gmd,\quest\q60000007.arc,q60000007.arc,10,Hunter
0,,"今覚えたハンターの戦い方を
振り返りたい時は、《チュートリアルガイド》の
《ジョブの操作と役割》からハンターの戦法や
戦術的役割を確認するんだ","Oh, here for training? 
Good to see you again!",ui\00_message\quest\q60000007.gmd,\quest\q60000007.arc,q60000007.arc,11,Hunter
0,,"お前なら、より巨大な魔物へ挑むための
試練も達成できるだろう
さらなる挑戦を待っているぞ","I'll guide you through the Hunter Tactics trial.
The basics may seem tedious, but they're important.",ui\00_message\quest\q60000007.gmd,\quest\q60000007.arc,q60000007.arc,12,Hunter
0,,お、訓練希望だな？　あらためてよろしくな！,"You're going to have to take this one on alone,
or you won't understand the nature of the job.",ui\00_message\quest\q60000007.gmd,\quest\q60000007.arc,q60000007.arc,13,Renton
0,,"ハンターの戦術試練を案内するよ
基本ってのは、くどいようだが大事なことだぞ","Know the Training Chapel?
From the temple exit, head left
along the cliffside. Talk to
the knight guide there.",ui\00_message\quest\q60000007.gmd,\quest\q60000007.arc,q60000007.arc,14,Renton
0,,"あんたにはこれに、一人で挑んでもらう
でなきゃ、ジョブの特性は理解できないからな","Here for training? 
The <Training Chapel> is atop the cliff. 
Climb up from here",ui\00_message\quest\q60000007.gmd,\quest\q60000007.arc,q60000007.arc,15,Renton
0,,"《修練の祠》は知ってるかい？
神殿を出て左手、崖沿いに進むんだ
案内人の騎士団員がいるから話を聞いてくれ","You show promise. 
Let's see what you've got.",ui\00_message\quest\q60000007.gmd,\quest\q60000007.arc,q60000007.arc,16,Renton
0,,"訓練希望者だな
《修練の祠》は崖の上だ
ここから登って行け","How'd it go? Trial went well?
Every job's combat style's
unique ― not that I'm
an expert yet either!",ui\00_message\quest\q60000007.gmd,\quest\q60000007.arc,q60000007.arc,17,White Knight
0,,"なかなか見どころがあるらしいな、あんた
お手並み拝見させてもらおう","Come back anytime you
change jobs again! It's
always worth testing
your new skills!",ui\00_message\quest\q60000007.gmd,\quest\q60000007.arc,q60000007.arc,18,White Knight
0,,"どうだった？　試練、うまくいったか！
ジョブによって、戦い方は全然違うんだ――
俺もまぁ修行中だけど","The Training Chapel is atop the cliff. 
Give it your all.",ui\00_message\quest\q60000007.gmd,\quest\q60000007.arc,q60000007.arc,19,Renton
0,,"また転職したら、いつでも来いよ
挑んで損はないはずだぜ",An Arisen faces trials without fear and fulfills their duty,ui\00_message\quest\q60000007.gmd,\quest\q60000007.arc,q60000007.arc,20,Renton
0,,"《修練の祠》は崖の上だ
がんばるんだぞ","Only those who complete all trials
may obtain the 《Hunter's Mark.》",ui\00_message\quest\q60000007.gmd,\quest\q60000007.arc,q60000007.arc,21,White Knight
0,,"覚者とは試練に臆することなく立ち向かい
その使命を全うする者のことだ","If unsure about any trial, review the knowledge you've gained so far",ui\00_message\quest\q60000007.gmd,\quest\q60000007.arc,q60000007.arc,22,Wilson
0,,"与えられた試練を全てこなせた者のみ
《狙弓の証》を得ることができる","For reference, I'll assign a Pawn to fight alongside you. Master combat skills during the trial!",ui\00_message\quest\q60000007.gmd,\quest\q60000007.arc,q60000007.arc,23,Wilson
0,,"各試練のやり方について
わからなければ、今までに得た知識を
確認しながら臨むがいい","Only those who complete all trials
may obtain the 《Hunter's Mark.》",ui\00_message\quest\q60000007.gmd,\quest\q60000007.arc,q60000007.arc,24,Wilson
0,,"技や動きの参考のため
一人、共闘の兵をつけておこう
課題をこなす中で戦技を身に刻め！","If unsure about any trial, review the knowledge you've gained so far",ui\00_message\quest\q60000007.gmd,\quest\q60000007.arc,q60000007.arc,25,Wilson
0,,"与えられた試練を全てこなせた者のみ
《狙弓の証》を得ることができる","If all fiends in the trial vanish, return and try again later",ui\00_message\quest\q60000007.gmd,\quest\q60000007.arc,q60000007.arc,26,Wilson
0,,"各試練のやり方について
わからなければ今までの得た知識を
確認しながら臨むがいい","Now go to the Training Chapel.
Your guide is up the cliff -
leave the temple and head left.",ui\00_message\quest\q60000007.gmd,\quest\q60000007.arc,q60000007.arc,27,Wilson
0,,"また立ちはだかる魔物が
課題中にすべていなくなったら
再度出直してくるがいい","You've obtained the Hunter's Mark! 
Your understanding
of the job has deepened.
Return to the temple and
report to Renton, Arisen!",ui\00_message\quest\q60000007.gmd,\quest\q60000007.arc,q60000007.arc,28,Wilson
0,,"さ、《修練の祠》へ行くんだ
案内人は神殿を出て左手を進めば
崖の下にいるからさ","Attack with Magick Bolts using <COL ff7575><KCT ATTACK1></COL>! 
Usable instantly once
chanting completes!",ui\00_message\quest\q60000007.gmd,\quest\q60000007.arc,q60000007.arc,29,Renton
0,,"《狙弓の証》、よくぞ得た！
ジョブについての理解も、さらに深まったようだな
神殿に戻りレンテンに報告するがいい、覚者よ！","Cast Magick Trap with <COL ff7575><KCT ATTACK2></COL>! 
Usable instantly once
chanting completes!",ui\00_message\quest\q60000007.gmd,\quest\q60000007.arc,q60000007.arc,30,Wilson
0,,<COL ff7575><KCT ATTACK1></COL>でマジックボール、魔法弾で敵を攻撃よ！詠唱が終わればいつでも発動できるわ,"While chanting Magic Ball,
hold the <PADM>button<KEYM>key</KEYM> 
to move post-cast!",ui\00_message\quest\q60000008.gmd,\quest\q60000008.arc,q60000008.arc,0,Sorcerer
0,,<COL ff7575><KCT ATTACK2></COL>でマジックトラップ！詠唱が終わればいつでも発動できるわ,"Maintain range and judge
the perfect moment. Works
for all spells!",ui\00_message\quest\q60000008.gmd,\quest\q60000008.arc,q60000008.arc,1,Sorcerer
0,,マジックボールなどを詠唱し、詠唱完了状態で<PADM>ボタン<KEYM>クリックやキー</KEYM>を押したまま移動してみるの,"Magick Trap and similar spells will
enter a lock-off state by using <COL ff7575><KCT LOCK_MODE></COL>
when casting.",ui\00_message\quest\q60000008.gmd,\quest\q60000008.arc,q60000008.arc,2,Sorcerer
0,,距離をとり、発動タイミングを見極めて。どの魔法でも使えるわ,"From free-aim, cast magic wherever you 
want using <COL ff7575><PADM><KEYN R_STICK><KEYM>mouse</KEYM></COL>!",ui\00_message\quest\q60000008.gmd,\quest\q60000008.arc,q60000008.arc,3,Sorcerer
0,,マジックトラップなどを詠唱中に<COL ff7575><KCT LOCK_MODE></COL>でロックオフ状態になるわ,"While casting magic like Magick Trap, 
press <COL ff7575><KCT CHANGE_MODE></COL> to start Chanting.",ui\00_message\quest\q60000008.gmd,\quest\q60000008.arc,q60000008.arc,4,Sorcerer
0,,ロックオフ状態から<COL ff7575><PADM><KEYN R_STICK><KEYM>マウス操作</KEYM></COL>で好きなところに魔法を放って！,Trace the green points with <COL ff7575><PADM><KEYN R_STICK><KEYM>mouse</KEYM></COL> to power up the spell.,ui\00_message\quest\q60000008.gmd,\quest\q60000008.arc,q60000008.arc,5,Sorcerer
0,,マジックトラップなど魔法陣が発動する魔法を詠唱中に、<COL ff7575><KCT CHANGE_MODE></COL>でスペリングよ,"You can keep chanting even after casting finishes,
as long as you hold down the <COL ff7575><PADM>button<KEYM>or Key</KEYM></COL>",ui\00_message\quest\q60000008.gmd,\quest\q60000008.arc,q60000008.arc,6,Sorcerer
0,,陣にある緑のポイントを<COL ff7575><PADM><KEYN R_STICK><KEYM>マウス移動</KEYM></COL>でなぞり、術を練るほど強力になるの,"Alright! Head deeper into
the shrine and face the
large enemy! Beware its
<COL ff7575>enraged state</COL>!",ui\00_message\quest\q60000008.gmd,\quest\q60000008.arc,q60000008.arc,7,Sorcerer
0,,詠唱完了後も、<COL ff7575><PADM>ボタン<KEYM>クリックやキー</KEYM></COL>を押し続けている間はスペリング可能よ,Now use <COL ff7575><KCT TOUCH></COL> to climb onto it!,ui\00_message\quest\q60000008.gmd,\quest\q60000008.arc,q60000008.arc,8,Sorcerer
0,,よし、では祠の奥へ向かい大型敵と対峙よ！大型敵の<COL ff7575>＜怒り状態＞</COL>に注意して！,"While clinging, use <COL ff7575><KCT ATTACK1></COL> for Magick Cracker.",ui\00_message\quest\q60000008.gmd,\quest\q60000008.arc,q60000008.arc,9,Sorcerer
0,,そして<COL ff7575><KCT TOUCH></COL>で敵にしがみついて！,"Hit the Magic Cracker!
Stay near its feet for
precise attacks!",ui\00_message\quest\q60000008.gmd,\quest\q60000008.arc,q60000008.arc,10,Sorcerer
0,,その状態で<COL ff7575><KCT ATTACK1></COL>でマジッククラッカーよ,"Be wary of the large enemy's <COL ff7575>enraged state</COL>
and take it out!",ui\00_message\quest\q60000008.gmd,\quest\q60000008.arc,q60000008.arc,11,Sorcerer
0,,取りつけたマジッククラッカーを攻撃するの！足元にしがみつけば狙いやすいわ,"Shake it, wear it down, create openings!",ui\00_message\quest\q60000008.gmd,\quest\q60000008.arc,q60000008.arc,12,Sorcerer
0,,では大型敵の<COL ff7575>＜怒り状態＞</COL>に注意してヤツを仕留めるのよ！,"Trial complete! Take the <Sorcerer's Mark> 
and report to Renton at the temple.",ui\00_message\quest\q60000008.gmd,\quest\q60000008.arc,q60000008.arc,13,Sorcerer
0,,揺さぶり、疲れさせてチャンスを作って！,"Congratulations, Arisen.
The tactical trial is now complete.",ui\00_message\quest\q60000008.gmd,\quest\q60000008.arc,q60000008.arc,14,Sorcerer
0,,試練完了、よくやったわね！奥にある＜魔攻の証＞を受け取り、神殿のレンテンに報告しなさい,"To review the Sorcerer's combat style
you just learned, check 《Tutorial》→
《Job Roles》for tactics and duties.",ui\00_message\quest\q60000008.gmd,\quest\q60000008.arc,q60000008.arc,15,Sorcerer
0,,"おめでとう、覚者さん
これにて戦術試練は完了よ","Magic power varies greatly
through spelling and timing - even
among equal mages. Hone your
technique through practice!",ui\00_message\quest\q60000008.gmd,\quest\q60000008.arc,q60000008.arc,16,Sorcerer
0,,"今覚えたソーサラーの戦い方を
振り返りたい時は、《チュートリアルガイド》の
《ジョブの操作と役割》からソーサラーの戦法や
戦術的役割を確認してね","Hey! Good to see you.
This time it's the Sorcerer's
basic trial. Make sure you
complete and learn it well.",ui\00_message\quest\q60000008.gmd,\quest\q60000008.arc,q60000008.arc,17,Sorcerer
0,,"魔術はスペリングと発動タイミングにより、
同じ魔力の術師でも魔法威力に大きな差がでるの
テクニックを磨き、精進するといいわ","Magic power varies greatly
through spelling and timing - even
among equal mages. Hone your
technique through practice!",ui\00_message\quest\q60000008.gmd,\quest\q60000008.arc,q60000008.arc,18,Sorcerer
0,,"よぉ！　よく来たな
今回はソーサラーの基礎試練だ
またしっかりこなして覚えてきてくれよ","Hey! Good to see you.
This time it's the Sorcerer's
basic trial. Make sure you
complete and learn it well.",ui\00_message\quest\q60000008.gmd,\quest\q60000008.arc,q60000008.arc,19,Renton
0,,"覚者よ
さらなる力を望むか――","Arisen,
dost thou yearn for greater might...",ui\00_message\quest\q60200001.gmd,\quest\q60200001.arc,q60200001.arc,0,The White Dragon
0,,"――よかろう
レスタニアの各地に散る求道者たちに
我が力の一部を授けた","...Very well.
Unto the seekers scattered o'er Lestania,
I have granted a portion of mine own power.",ui\00_message\quest\q60200001.gmd,\quest\q60200001.arc,q60200001.arc,1,The White Dragon
0,,"求道者たちに認められた時
新たなる力を手にすることができるだろう","When the seekers dost acknowledge thee,
thou shalt gain power anew.",ui\00_message\quest\q60200001.gmd,\quest\q60200001.arc,q60200001.arc,2,The White Dragon
0,,"新たなる戦力を
手にすることを望むならば
各求道者たちに己が力を示すのだ――","If thou dost yearn to claim new strength,
show thy might unto each of the seekers...",ui\00_message\quest\q60200001.gmd,\quest\q60200001.arc,q60200001.arc,3,The White Dragon
0,,"求道者に認められたか――
新たな戦技を求道者より継承し
世界の均衡を保つ糧とするがよい","Art thou now recognized by the seekers...
Take unto thyself new arts,
and use them to sustain the world's order.",ui\00_message\quest\q60200001.gmd,\quest\q60200001.arc,q60200001.arc,4,The White Dragon
0,,"覚者よ
新たな力を受け入れる器となったか――
我が元へ来るがいい","Arisen,
If thy form be now worthy of new power...
Then come unto me without delay.",ui\00_message\quest\q60200001.gmd,\quest\q60200001.arc,q60200001.arc,5,The White Dragon
0,,"おお、丁度良いところに
今しがた伝令兵から緊急の連絡がきた","Ah, perfect timing!
A courier just delivered an urgent
message moments ago.",ui\00_message\quest\q60200002.gmd,\quest\q60200002.arc,q60200002.arc,0,Joseph
0,,詳しいことは彼から聞いてみてくれ,You can get the details from him.,ui\00_message\quest\q60200002.gmd,\quest\q60200002.arc,q60200002.arc,1,Joseph
0,,いいか、オフィリアの横にいるアイザックという男だ,"Listen carefully - it's a man named Isaac,
standing beside Ophelia.",ui\00_message\quest\q60200002.gmd,\quest\q60200002.arc,q60200002.arc,2,Joseph
0,,"――俺がアイザックだ
とうとう俺が神殿のために働くとはな","... The name's Isaac. 
To think I'd end up
working for the temple.",ui\00_message\quest\q60200002.gmd,\quest\q60200002.arc,q60200002.arc,3,Isaac
0,,"例の島で発見された魔物――
そういった新たな脅威に備え
お前にいくつかの任務を与えることになったそうだ","The monsters found on that island -
to prepare for such new threats,
you'll be assigned several missions.",ui\00_message\quest\q60200002.gmd,\quest\q60200002.arc,q60200002.arc,4,Isaac
0,,"ふふふふ、その過程でお前が
何を見ることになるかまでは
俺は関知しないがな――","Heh heh heh... What you might witness
during this process isn’t something
I’ll take responsibility for...",ui\00_message\quest\q60200002.gmd,\quest\q60200002.arc,q60200002.arc,5,Isaac
0,,"まずは旅に出るための準備を整えてくるんだな
話はそれからにしようじゃないか","First, get ready for the journey.
We can talk after that.",ui\00_message\quest\q60200002.gmd,\quest\q60200002.arc,q60200002.arc,6,Isaac
0,,"新たなコンテンツ《戦技の継承》と
《魔の足音》が解放されました","The new content ""Skill Augmentation""
and ""Dangerous Footsteps"" have been unlocked.",ui\00_message\quest\q60200002.gmd,\quest\q60200002.arc,q60200002.arc,7,Joseph
0,,"《戦技の継承》は白竜から
《魔の足音》はジョゼフから
それぞれクエストを受注してみましょう","Accept the quest for ""Skill Augmentation"" 
from the White Dragon 
and ""Dangerous Footsteps"" from Joseph.",ui\00_message\quest\q60200002.gmd,\quest\q60200002.arc,q60200002.arc,8,Joseph
0,,"禊の神殿を監視しているヴァネッサから
使いの者が来ているようだ","It seems a messenger has come from Vanessa,
who oversees the Shrine of Purification.",ui\00_message\quest\q60200003.gmd,\quest\q60200003.arc,q60200003.arc,0,Joseph
0,,"共に報告を聞くとするか――
やれやれ、片時も落ち着けんわ","Shall we hear the report together? 
Good grief, not a moment's peace.",ui\00_message\quest\q60200003.gmd,\quest\q60200003.arc,q60200003.arc,1,Joseph
0,,"新たなコンテンツ《混沌の兆し》が
解放されました
ジョゼフからクエストを受注してみましょう","The New Content ""Signs of Chaos"" has been 
unlocked. Accept the quest from Joseph.",ui\00_message\quest\q60200003.gmd,\quest\q60200003.arc,q60200003.arc,2,Joseph
0,,"さあ、竜の礎の傍にいるアイザックを訪れ
すぐさま準備にとりかかってくれ","Seek out Isaac by the Dragon's Portcrystal
and start making ready immediately.",ui\00_message\quest\q60200003.gmd,\quest\q60200003.arc,q60200003.arc,3,Joseph
0,,"よう、今回もまたダンジョンの調査任務だ
そう嫌そうな顔をするなよ","Hey, another dungeon investigation mission. 
Don’t give me that look—it’s not so bad.",ui\00_message\quest\q60200003.gmd,\quest\q60200003.arc,q60200003.arc,4,Isaac
0,,"お前をどうしても鍛え上げたいってやつらの
思惑で動いてるのさ
――それが凶と出るか吉と出るか
誰にもわかっちゃいないがな","They're acting on their desire to
mold you. Whether it turns out to be
a curse or blessing, nobody can tell.",ui\00_message\quest\q60200003.gmd,\quest\q60200003.arc,q60200003.arc,5,Isaac
0,,"あ、そうだ
お前に言っときたいことがあってさ――
《プレイポイント》の使い道についてなんだけど","Oh, right—there’s something I wanted
to tell you about how to use your Play Points.",ui\00_message\quest\q60200004.gmd,\quest\q60200004.arc,q60200004.arc,0,Renton
0,,"実は――《プレイポイントショップ》で
《至高の戦功勲章》ってのを扱い始めたんだ","Actually, the Play Point Shop has
started offering Supreme Merit Medals.",ui\00_message\quest\q60200004.gmd,\quest\q60200004.arc,q60200004.arc,1,Renton
0,,"これ、結構スゴい代物みたいなんだよ
まさに、選ばれし覚者しか手にできない
逸品って感じでさ","This appears to be an extremely
rare item - truly the kind of
artifact meant solely for the Arisen.",ui\00_message\quest\q60200004.gmd,\quest\q60200004.arc,q60200004.arc,2,Renton
0,,"詳しくは《クラフトルーム》のソニアに
聞いてみるといいぜ
俺よりずっと詳しいはずだ","For details, ask Sonia in the Craft Room.
She knows way more than I do.",ui\00_message\quest\q60200004.gmd,\quest\q60200004.arc,q60200004.arc,3,Renton
0,,"《至高の戦功勲章》、気になるだろ？
詳しくは《クラフトルーム》のソニアに
聞いてみるといいぜ
俺よりずっと詳しいはずだ","Supreme Merit Medal sound interesting, right? 
For details, ask Sonia in the Craft Room. 
She knows way more than I do.",ui\00_message\quest\q60200004.gmd,\quest\q60200004.arc,q60200004.arc,4,Renton
0,,"《至高の戦功勲章》について、ですね？
それを手にできるのは
極地に至る志を持つ覚者様のみと伺っています","The Supreme Merit Medal—
I hear it is bestowed exclusively
upon the Arisen determined enough
to brave the utmost frontiers.",ui\00_message\quest\q60200004.gmd,\quest\q60200004.arc,q60200004.arc,5,Sonia
0,,"しかし、その真価は素材として
利用することで発揮されるものです","However, their true value is revealed
when used as crafting materials.",ui\00_message\quest\q60200004.gmd,\quest\q60200004.arc,q60200004.arc,6,Sonia
0,,"《至高の戦功勲章》を使って
生産したリングプレートを
鑑定交換を営むグレゴリーに渡すことで
彼が稀少なジュエリーと交換してくれるでしょう","By giving the ring plates produced
using Supreme Merit Medal to Gregory,
the appraisal trader, he will exchange
them for rare jewelry.",ui\00_message\quest\q60200004.gmd,\quest\q60200004.arc,q60200004.arc,7,Sonia
0,,"生産するリングプレートによって
ジュエリーから引き出せる効能が異なります
クラフトの際は、よく確認なさってください","Jewelry effects differ depending on the
ring plates crafted. Be sure to check
closely when you craft.",ui\00_message\quest\q60200004.gmd,\quest\q60200004.arc,q60200004.arc,8,Sonia
0,,"そう易々と手に入るものではないかもしれません
――しかし、それだけの価値を持つ
素晴らしいジュエリーであることは確かです","This won’t come cheap or quick—
but make no mistake, it’s exceptional
jewelry through and through.",ui\00_message\quest\q60200004.gmd,\quest\q60200004.arc,q60200004.arc,9,Sonia
0,,"【ヒント：リングプレートの効能】
①クラフトメニューから《アイテム生産》→《素材》→《その他》を選択
②各リングプレートを選択し《情報切り替え》で効能に関する説明を確認","【Hint: Ring Plate Effects】
① Select Craft Item > Materials >
Other in the Craft Menu.
② Choose a ring plate and change info
to see effect descriptions.",ui\00_message\quest\q60200004.gmd,\quest\q60200004.arc,q60200004.arc,10,Sonia
0,,"そうそう、覚者さん！
ちょっとお願いしたい事があるんだ","Ah, yes– honored Arisen!
I have a small matter I wish
to trouble you with.",ui\00_message\quest\q60200005.gmd,\quest\q60200005.arc,q60200005.arc,0,Kibiza
0,,"覚者の知り合いが神殿の《商店区》に
新設された《クラン拠点》へ向かったんだが
何の説明も聞かずに行っちゃってね","An Arisen acquaintance headed
to the newly built Clan Hall in the
temple’s Shopping District—but went
without hearing any explanations.",ui\00_message\quest\q60200005.gmd,\quest\q60200005.arc,q60200005.arc,1,Kibiza
0,,"たぶん門前払いにあって入れないと思うんだ
助けてやりたいんだが、わたしは見てのとおり――
ココの仕事が忙しくてさ","They’ll probably get turned away at
the gate. I’d help, but as you can see—
I’m swamped with work here.",ui\00_message\quest\q60200005.gmd,\quest\q60200005.arc,q60200005.arc,2,Kibiza
0,,"代わりに《クラン拠点》の使い方について
教えてやってくれないかな
何、そんなに難しいことじゃないよ！","Could you teach them how to use the
Clan Hall in my place? 
It's not that difficult, I promise!",ui\00_message\quest\q60200005.gmd,\quest\q60200005.arc,q60200005.arc,3,Kibiza
0,,"で――さっそくなんだが
《クラン拠点》について知る上で
《クランクエストボード》がここに
新設されたから確認してみておくれ","So, right to the point—
about the Clan Hall: 
a Clan Quest Board has been set up. 
Go check it out.",ui\00_message\quest\q60200005.gmd,\quest\q60200005.arc,q60200005.arc,4,Kibiza
0,,"《クラン拠点》について知る上で
まずは《クランクエストボード》がここに
新設されたから確認してみておくれ","To learn about the Clan Hall, first
check out the newly installed Clan
Quest Board.",ui\00_message\quest\q60200005.gmd,\quest\q60200005.arc,q60200005.arc,5,Kibiza
0,,"ボードの存在は確認できたようだね
――もし君がクランに入っていない場合は
どんなクエストがあるかわからなかったと思うけど
クランに入ればわかるようになるからさ！","Looks like you found the board.
If you're not in a clan, you wouldn't know
what quests are available, but once you join
a clan, you'll be able to see them all!",ui\00_message\quest\q60200005.gmd,\quest\q60200005.arc,q60200005.arc,6,Kibiza
0,,"さて、それじゃ説明するよ――
《クラン拠点》を利用するには
条件が３つあるんだ","Now, let me explain. There are three
conditions to use the Clan Hall.",ui\00_message\quest\q60200005.gmd,\quest\q60200005.arc,q60200005.arc,7,Kibiza
0,,"１つは、どこかのクランに所属すること――
２つめは、《クランレベル》を
一定以上に上げること――
最後に、クランマスターが利用申請を出すこと！","First, belong to a clan. Second,
raise your Clan Level past a certain
point. Lastly, the clan master must
submit an application!",ui\00_message\quest\q60200005.gmd,\quest\q60200005.arc,q60200005.arc,8,Kibiza
0,,"《クランレベル》を上げるためには
さっきの《クランクエストボード》に並ぶクエストを
こなしてポイントを稼ぐ必要があるのさ","To raise your Clan Level, you need to
complete quests listed on the Clan
Quest Board and earn points.",ui\00_message\quest\q60200005.gmd,\quest\q60200005.arc,q60200005.arc,9,Kibiza
0,,"あ、ちなみに
稼いだ《クランポイント》は
自分の《クランステータス》で確認できるよ","Oh, and you can check your earned Clan Points 
in your Clan Status.",ui\00_message\quest\q60200005.gmd,\quest\q60200005.arc,q60200005.arc,10,Kibiza
0,,"所属するクランの《クランレベル》が十分なのに
まだ《クラン拠点》に入れないようなら
クランマスターに早く申請を出すよう頼むことだね","If your clan's Clan Level is high enough
but you still can't enter the Clan Hall,
ask the master to submit an application.",ui\00_message\quest\q60200005.gmd,\quest\q60200005.arc,q60200005.arc,11,Kibiza
0,,"利用申請が通ると、晴れて
そのクランのメンバー全員が
自由に《クラン拠点》を
出入りできるようになるのさ","Once the request is approved, 
all members of that clan will be able to freely
come and go from the Clan Hall.",ui\00_message\quest\q60200005.gmd,\quest\q60200005.arc,q60200005.arc,12,Kibiza
0,,"うーん、ちょっと細かく説明しすぎたかな――
まぁ、足りないよりはいいだろう
説明は以上だ、彼に伝えてやってくれ
頼んだよ","Hmm, maybe I over-explained—
well, better too much than too little.
That’s all. Pass it on to him, will you?",ui\00_message\quest\q60200005.gmd,\quest\q60200005.arc,q60200005.arc,13,Kibiza
0,,"うーん――彼、さっきの説明でわかるかな
もしもわかっていないようなら
直接わたしのところまで連れてきてくれ","Hmm—will he grasp what I just said?
If he’s still confused, just
lead him back here to me.",ui\00_message\quest\q60200005.gmd,\quest\q60200005.arc,q60200005.arc,14,Arisen Corps Regimental Soldier
0,,"いや、ココに来てもらうよりも
クランのメンバーに聞いてもらった方が
早いかもしれないな","Actually, instead of coming here,
it might be quicker to ask one of
the clan members directly.",ui\00_message\quest\q60200005.gmd,\quest\q60200005.arc,q60200005.arc,15,Arisen Corps Regimental Soldier
0,,"ん？　何か用か？
――キビザからの使いだと？","Hm? You need something?
—A messenger from Kibiza?",ui\00_message\quest\q60200005.gmd,\quest\q60200005.arc,q60200005.arc,16,Arisen Corps Regimental Soldier
0,,"これはちょうどいい――
実は、この先にクラン拠点が新設されたんだが
施設の連中から資格がないと門前払いされたんだ！","This is perfect timing—
Actually, a new Clan Hall was built ahead, but the 
staff turned me away for lacking qualifications!",ui\00_message\quest\q60200005.gmd,\quest\q60200005.arc,q60200005.arc,17,Arisen Corps Regimental Soldier
0,,"確かにそそっかしいところはあるが
俺だって白竜に仕える覚者だ！
覚者なら自由に《クラン拠点》を
使えるんじゃないのか！？","Sure, I can be careless, but I serve the 
White Dragon as an Arisen!
Shouldn’t an Arisen be free to use the Clan Hall!?",ui\00_message\quest\q60200005.gmd,\quest\q60200005.arc,q60200005.arc,18,Arisen Corps Regimental Soldier
0,,"何――ふむふむ――
――そうだったのか！","What--
Hmm, I see...
--So that's how it is!",ui\00_message\quest\q60200005.gmd,\quest\q60200005.arc,q60200005.arc,19,Arisen Corps Regimental Soldier
0,,"俺が所属するクランの
《クランレベル》は十分なはず――
さっそく、クランマスターに
《クラン拠点》の利用申請をするよう頼みに行くか！","My clan’s Clan Level should be high
enough—I’ll go ask the clan master to
submit a usage request right away!",ui\00_message\quest\q60200005.gmd,\quest\q60200005.arc,q60200005.arc,20,Arisen Corps Regimental Soldier
0,,"伝言、ありがとよ！
そういえば、お前は《クラン拠点》を使ってるのか？
まだなら――早目に使い始めた方がいいぜ
何でも、色んな恩恵が受けられるらしいからな","Thanks for the message!
By the way, are you using the Clan Hall?
If not, you should start using it soon.
I hear you can get all kinds of benefits from it.",ui\00_message\quest\q60200005.gmd,\quest\q60200005.arc,q60200005.arc,21,Arisen Corps Regimental Soldier
0,,"しっかりと準備はしてきたか？
腕に自信がないなら
安請け合いしない方が身のためだぞ
何事も適したタイミングってものがあるからな","You’ve prepared thoroughly, right?
If you doubt your skills, it’s wiser
not to take this lightly. Some things
require the right timing.",ui\00_message\quest\q60200006.gmd,\quest\q60200006.arc,q60200006.arc,0,Isaac
0,,"今回調査してもらうダンジョンは、魔赤島にある
《不浄の掃き溜め》
《氷気の遺路》
《群像の岩屋》
この３か所だ","The dungeons to investigate this time are these three
locations on Bloodbane Isle:
《Cesspool of Filth,》
《Frigid Ancient Passage,》
and the《Picturesque Grotto.》",ui\00_message\quest\q60200006.gmd,\quest\q60200006.arc,q60200006.arc,1,Isaac
0,,"アーク裏層と同様、エリアマスターに
認められなければ入れない場所もあるからな
まずは魔赤島のランクアップを目指すことだ","Just like The Ark's Lower Level, there are places 
you can't enter without the 
Area Master's approval. 
First, aim to raise your Rank on Bloodbane Isle.",ui\00_message\quest\q60200006.gmd,\quest\q60200006.arc,q60200006.arc,2,Isaac
0,,"ちなみに、３ヶ所全てを調査する必要はない――
どこか１ヶ所で、最奥の宝箱を調査したら
報告に戻ってくるんだ","You don't need to investigate all
three locations—just check any one
of the deepest treasure chests and
return to report.",ui\00_message\quest\q60200006.gmd,\quest\q60200006.arc,q60200006.arc,3,Isaac
0,,"いいか、もう一度説明するぞ
これからいう探査地を調査しつつ
最奥の宝箱を調査する――","Listen, I'll explain once more. 
Investigate the exploration sites I mentioned 
and check the deepest treasure chest—
that's all.",ui\00_message\quest\q60200006.gmd,\quest\q60200006.arc,q60200006.arc,4,Isaac
0,,"これだけだ
どうだ、簡単だろう？
もっとも、相応の力があればの話だがな","That's all there is to it.
See? Simple, right?
Of course, that's assuming you have
the necessary strength.",ui\00_message\quest\q60200006.gmd,\quest\q60200006.arc,q60200006.arc,5,Isaac
0,,"今回調査してもらうダンジョンは、魔赤島にある
《不浄の掃き溜め》
《氷気の遺路》
《群像の岩屋》
この３か所だ","The dungeons to investigate this time are these three
locations on Bloodbane Isle:
《Cesspool of Filth,》
《Frigid Ancient Passage,》
and the《Picturesque Grotto.》",ui\00_message\quest\q60200006.gmd,\quest\q60200006.arc,q60200006.arc,6,Isaac
0,,"アーク裏層と同様、エリアマスターに
認められなければ入れない場所もあるからな
まずは魔赤島のランクアップを目指すんだ","Just like The Ark's Lower Level, there are places
you can't enter without the Area Master's approval.
First, aim to raise your Rank on Bloodbane Isle.",ui\00_message\quest\q60200006.gmd,\quest\q60200006.arc,q60200006.arc,7,Isaac
0,,"３ヶ所全てを調査する必要はない――
どこか１ヶ所で、最奥の宝箱を調査したら
俺に報告しろ","You don't need to investigate all three locations—
just check one of the deepest treasure chests
and report back to me.",ui\00_message\quest\q60200006.gmd,\quest\q60200006.arc,q60200006.arc,8,Isaac
0,,"ふふふ、無事に帰ってきたか――
中々やるじゃないか","Heh, you made it back in one piece—
not bad at all.",ui\00_message\quest\q60200006.gmd,\quest\q60200006.arc,q60200006.arc,9,Isaac
0,,"今回はダンジョンの場所を教えてやったが
次からは《スポット情報》を見れば
どのダンジョンにどの素材があるか
確認をすることが出来るぞ","This time, I told you the dungeon
locations—but from now on, check
Spot Info to see which dungeons
have which materials.",ui\00_message\quest\q60200006.gmd,\quest\q60200006.arc,q60200006.arc,10,Isaac
0,,"この先も覚者として生きていくなら
覚えておいて損はないだろう
もっとも、覚者の記憶が""いつまで""残るのかは
俺も知らないが――","Should you walk the Arisen's path longer,
keeping this in mind may serve you well.
Though how long ""the Arisen's memories""
endure... that mystery remains—",ui\00_message\quest\q60200006.gmd,\quest\q60200006.arc,q60200006.arc,11,Isaac
0,,"もう一つ教えておいてやろう
宝箱を調査して集めた素材で作った装備品は
今後必ず役に立つ時が来る","Let me tell you one more thing—
equipment crafted from materials
found in treasure chests will prove
useful sooner or later.",ui\00_message\quest\q60200006.gmd,\quest\q60200006.arc,q60200006.arc,12,Isaac
0,,"何度も調査を繰り返して素材を集め
武器を強化しておくことだな
過去の積み重ねが未来を創る、というわけだ","Repeatedly survey areas for resources
to upgrade your arms—
today’s efforts build tomorrow’s power.",ui\00_message\quest\q60200006.gmd,\quest\q60200006.arc,q60200006.arc,13,Isaac
0,,"例の島で発見された魔物の調査が進んだら
お前にもその討伐依頼がくるだろう
それまでにしっかり準備を進めておくことだ
今回はご苦労さん、といったところか","When they finish studying those
island creatures, they'll send you
after them. Get ready beforehand.
You've done enough today.",ui\00_message\quest\q60200006.gmd,\quest\q60200006.arc,q60200006.arc,14,Isaac
0,,"よう、ダンジョンの宝箱調査は続けてるか？
また新しい場所の調査依頼があるんだが
この前より難易度が上がっている","Hey, still investigating dungeon treasure chests?
Got a new investigation request for you,
but it's tougher than the last one.",ui\00_message\quest\q60200007.gmd,\quest\q60200007.arc,q60200007.arc,0,Isaac
0,,"腕に自信が無ければ無理に引き受けなくてもいい
自分の力量を把握しておくのは
長く冒険を続ける上で大切なことだ
偉大な冒険家ほど、ここを重視する――","Don't push yourself if you're not confident.
Knowing your limits is key to surviving
long-term as an adventurer.
The greatest adventurers all know this...",ui\00_message\quest\q60200007.gmd,\quest\q60200007.arc,q60200007.arc,1,Isaac
0,,"ま、やることは前回と同じなんだがな
ダンジョンに潜って、最奥の
宝箱を調査して帰ってくる
――単純だろう？","Well, same task as last time—
plunder the dungeon's depths,
rifle through that final chest,
and bolt back. Straightforward, no?",ui\00_message\quest\q60200007.gmd,\quest\q60200007.arc,q60200007.arc,2,Isaac
0,,"今回の調査候補地は
魔赤島の《せせらぎの地下聖堂》
　　　　《小塔傍の枯れ井戸》
ミスリウ深部にある《霧幻のテラス》","This investigation's candidate locations are
Bloodbane Isle's 
Crypt of Murmurs & Dried Well by the Tower
and Mysree's Misty Illusion Terrace.",ui\00_message\quest\q60200007.gmd,\quest\q60200007.arc,q60200007.arc,3,Isaac
0,,"ボルドにある《灼熱の封鎖道》
バートランドにある《罪人の修獄》
この５カ所だ","Volden's Scorching Blocked Passage
and Betland's Penitentiary
round out the five locations.",ui\00_message\quest\q60200007.gmd,\quest\q60200007.arc,q60200007.arc,4,Isaac
0,,"ここでは前回の３か所よりも、よりランクの高い
素材が採れるって噂だ
ただし、魔物もそれなりの強さだが、な","Word is you'll find better-quality
resources there than in those
previous three areas—just know
the creatures hit harder as well.",ui\00_message\quest\q60200007.gmd,\quest\q60200007.arc,q60200007.arc,5,Isaac
0,,"５ヶ所のうち、１ヶ所の宝箱を調査できたら
俺のところに報告にきてくれ","When you've checked one of the 
five treasure chests, come report back to me.",ui\00_message\quest\q60200007.gmd,\quest\q60200007.arc,q60200007.arc,6,Isaac
0,,"いいか、もう一度説明するぞ
これからいう５ヶ所の調査候補地の中から
１ヶ所を選んで最奥の宝箱を調べてくるんだ","Listen up, I'll explain again.
Pick one of these five locations,
investigate its deepest chest, and return.",ui\00_message\quest\q60200007.gmd,\quest\q60200007.arc,q60200007.arc,7,Isaac
0,,"候補地は
魔赤島の《せせらぎの地下聖堂》
　　　　《小塔傍の枯れ井戸》
ミスリウ深部にある《霧幻のテラス》","The candidate locations are Bloodbane Isle's 
Crypt of Murmurs & Dried Well by the Tower
and Mysree's Misty Illusion Terrace.",ui\00_message\quest\q60200007.gmd,\quest\q60200007.arc,q60200007.arc,8,Isaac
0,,"ボルドにある《灼熱の封鎖道》
バートランドにある《罪人の修獄》
この５カ所だ","Volden's Scorching Blocked Passage
and Betland's Penitentiary
round out the five locations.",ui\00_message\quest\q60200007.gmd,\quest\q60200007.arc,q60200007.arc,9,Isaac
0,,"ここでは前回の３ヶ所よりも、よりランクの高い
素材が採れるって噂だぜ
ただし、魔物もそれなりの強さだが、な","Rumor has it these spots yield higher-rank
materials than the last three.
But the enemies are tougher too.",ui\00_message\quest\q60200007.gmd,\quest\q60200007.arc,q60200007.arc,10,Isaac
0,,"５カ所のうち、１か所の宝箱を調査できたら
俺のところに報告にきてくれ","Once you've investigated one chest
out of the five, report back to me.",ui\00_message\quest\q60200007.gmd,\quest\q60200007.arc,q60200007.arc,11,Isaac
0,,"よし、無事に調査をしてきたか
お前の白竜様への忠誠心が見てとれるようだな","Good, you made it back safely.
Your loyalty to the White Dragon is clear.",ui\00_message\quest\q60200007.gmd,\quest\q60200007.arc,q60200007.arc,12,Isaac
0,,"今回もダンジョンの場所を教えてやったが
次からは《スポット情報》を見れば
どのダンジョンにどの素材があるか
確認をすることが出来るから覚えておくんだ","This time, I told you the dungeon
locations—but from now on, check
Spot Info to see which dungeons
have which materials. Remember that.",ui\00_message\quest\q60200007.gmd,\quest\q60200007.arc,q60200007.arc,13,Isaac
0,,"今まで集めた素材で作った装備品でなら
例の強敵とも互角に戦えるだろう","With the equipment made from materials
you've gathered so far, you should be
able to fight that formidable foe
on equal footing.",ui\00_message\quest\q60200007.gmd,\quest\q60200007.arc,q60200007.arc,14,Isaac
0,,"エクストリームミッションに参戦するなら
くれぐれも装備品の準備を怠るなよ
でなければ、戦うどころか
まともに立っていることすらできないと思え","If you're joining an Extreme Mission,
don't skimp on gear prep.
Otherwise, you won't even last
long enough to fight properly.",ui\00_message\quest\q60200007.gmd,\quest\q60200007.arc,q60200007.arc,15,Isaac
0,,"よう、その後どうだ？
ダンジョンの探索は続けてるか？","Hey, how’s it going?
Still exploring dungeons?",ui\00_message\quest\q60200008.gmd,\quest\q60200008.arc,q60200008.arc,0,Isaac
0,,"またお前に新たな調査の依頼があるんだが――
そうだ、やることは一緒だ
お前のことだ、引き受けてくれるんだろう？","I’ve got another investigation request for you—
Same as before. You’ll take it, right?",ui\00_message\quest\q60200008.gmd,\quest\q60200008.arc,q60200008.arc,1,Isaac
0,,"今回の調査地候補は
魔赤島にある《橋向かいの坑道》
バートランド北部にある《ガルドノック廃水廊》
ザンドラ東部にある《幽玄の霊堂》
この３ヶ所だ","The candidate sites for this investigation are:
Bloodbane Isle's The Tunnel across the Bridge,
Gardnox Wastewater Tunnel in north Betland,
and Mysterious Mausoleum in Eastern Zandora.
Pick one of these.",ui\00_message\quest\q60200008.gmd,\quest\q60200008.arc,q60200008.arc,2,Isaac
0,,"今回も、エリアマスターのご機嫌を取らなければ
入れない場所があるようだな
各地のエリアランクを上げておくのを忘れずにな","As usual, some places require you to
get on the Area Master’s good side.
Don’t forget to raise the area ranks first.",ui\00_message\quest\q60200008.gmd,\quest\q60200008.arc,q60200008.arc,3,Isaac
0,,"もう３度目だからわかっているだろうが
３ヶ所全てを調査する必要はない
どこか１ヶ所で、最奥の宝箱を調査したら
俺に報告するんだ、いいな","You know the drill by now—third time’s the charm.
No need to investigate all three.
Report back after checking the deepest chest
in any one location. Got it?",ui\00_message\quest\q60200008.gmd,\quest\q60200008.arc,q60200008.arc,4,Isaac
0,,"いいか、もう一度説明するぞ
これから言う調査地に潜り
最奥の宝箱を調査する
――お前がやるのはこれだけだ","Listen up, I'll explain one more time.
Infiltrate a site I'm about to name
and investigate the deepest treasure chest.
That's all you have to do.",ui\00_message\quest\q60200008.gmd,\quest\q60200008.arc,q60200008.arc,5,Isaac
0,,"今回の調査地候補は
魔赤島にある《橋向かいの坑道》
バートランド北部にある《ガルドノック廃水廊》
ザンドラ東部にある《幽玄の霊堂》
この３ヶ所だ","The candidate sites for this investigation are:
Bloodbane Isle's The Tunnel across the Bridge,
Gardnox Wastewater Tunnel in north Betland,
and Mysterious Mausoleum in Eastern Zandora.
Pick one of these.",ui\00_message\quest\q60200008.gmd,\quest\q60200008.arc,q60200008.arc,6,Isaac
0,,"各地のエリアマスターのご機嫌をとっておくのを
忘れないようにな","Don’t forget to stay on the Area Masters’
good side in each region.",ui\00_message\quest\q60200008.gmd,\quest\q60200008.arc,q60200008.arc,7,Isaac
0,,"毎度のことだが、３ヶ所全てを調査する必要はない
どこか１ヶ所で、最奥の宝箱を調査したら
俺に報告するんだ、いいな","Same as always—no need to check all three.
Just investigate the deepest chest in one spot
then report back. Understand?",ui\00_message\quest\q60200008.gmd,\quest\q60200008.arc,q60200008.arc,8,Isaac
0,,よし、今回もつつがなく調査を終えたようだな,"Good, you’ve wrapped up this investigation
without a hitch.",ui\00_message\quest\q60200008.gmd,\quest\q60200008.arc,q60200008.arc,9,Isaac
0,,"次回はさらに難易度の高い調査地の依頼が来るだろう
困難を乗り越える者の眼前には
より高い壁が打ち立てられるのが常だ","Next time, you'll receive requests for 
survey sites with even higher difficulty. 
It's always the way that those who overcome 
hardships will find even greater obstacles 
erected before their eyes.",ui\00_message\quest\q60200008.gmd,\quest\q60200008.arc,q60200008.arc,10,Isaac
0,,"何せ神殿がそれを望んでるんだ――
もしくはお前自身が望んでいるのかも知れないが――
俺はとにかく手筈を整えるだけだ","The temple wills it—
or perhaps you yourself desire it—
I merely set the stage.",ui\00_message\quest\q60200008.gmd,\quest\q60200008.arc,q60200008.arc,11,Isaac
0,,"それと、前にも言ったかもしれないが
《スポット情報》を見れば
どのダンジョンにどの素材があるか
確認をすることが出来るから覚えておくんだな","Also, I might have said this before,
but check Spot Info to see which
dungeons have which materials.
Remember that.",ui\00_message\quest\q60200008.gmd,\quest\q60200008.arc,q60200008.arc,12,Isaac
0,,"宝箱を調査して集めた素材で作った装備品は
今後必ず役に立つ時が来る
何度も調査を繰り返して素材を集め、武器を強化しろ
――未来は過去の積み重ねだ","Gear crafted from treasure chest materials
will prove its worth when needed.
Keep gathering, keep improving—
the future is built piece by piece.",ui\00_message\quest\q60200008.gmd,\quest\q60200008.arc,q60200008.arc,13,Isaac
0,,"よう、ダンジョンの宝箱調査は続けているか？
また新しい場所の調査依頼があるんだが
例に漏れず、前回よりも難易度が上がっている","Hey, still hitting those dungeon chests?
Got a new location for you to scout—
and like always, it's tougher than last time.",ui\00_message\quest\q60200009.gmd,\quest\q60200009.arc,q60200009.arc,0,Isaac
0,,"腕に自信が無ければ、力を蓄えてからにしろ
キャンセルしたければ《クエスト破棄》で
いつでも無かったことにしてもいいんだ","If you lack confidence, build up your
strength first. The Cancel Quest
option lets you wipe the slate
clean anytime.",ui\00_message\quest\q60200009.gmd,\quest\q60200009.arc,q60200009.arc,1,Isaac
0,,"なに、俺も依頼も逃げやしない
何事にもタイミングってのがあるからな
もちろん、それを見極めるのはお前自身だ","Don't worry, I won't withdraw the
request. Everything has its proper
time—and judging that moment
is your call to make.",ui\00_message\quest\q60200009.gmd,\quest\q60200009.arc,q60200009.arc,2,Isaac
0,,"やることは前回と同じで、最奥の宝箱の調査だ
もうお決まりのパターンになってるから
お前も薄々予感してただろ？","What you need to do is the same as last time: 
investigate the treasure chest in the deepest part. 
It's become such a routine by now, 
you probably had a hunch, right?",ui\00_message\quest\q60200009.gmd,\quest\q60200009.arc,q60200009.arc,3,Isaac
0,,"今回の調査地候補は
魔赤島の《滝鳴洞穴》
　　　　《菌糸の襲窟》
ディナンにある《飛天のテラス》","The candidate sites for this investigation are
Bloodbane Isle's 
Waterfall Echo Cavern & Fungal Colony Caves
and Deenan's Heavenly Terrace",ui\00_message\quest\q60200009.gmd,\quest\q60200009.arc,q60200009.arc,4,Isaac
0,,"ダウにある《見捨てられた井戸》
メルゴダにある《秘匿の実験場》
この５ヶ所だ","The Forsaken Well in Dowe, 
and the Secret Proving Ground in Mergoda.
These are the five locations.",ui\00_message\quest\q60200009.gmd,\quest\q60200009.arc,q60200009.arc,5,Isaac
0,,"ここでは前回の３ヶ所よりも、よりランクの高い
素材が採れるって噂だぜ
当然、魔物もそれなりの強さだが、な","Rumor has it these yield higher-rank materials
than the previous three locations. Of course,
the enemies match that strength, but hey.",ui\00_message\quest\q60200009.gmd,\quest\q60200009.arc,q60200009.arc,6,Isaac
0,,"５ヶ所のうち、１ヶ所の宝箱を調査できたら
俺のところに報告にきてくれ","When you've checked one of the 
five treasure chests, come report back to me.",ui\00_message\quest\q60200009.gmd,\quest\q60200009.arc,q60200009.arc,7,Isaac
0,,"いいか、もう一度説明するぞ
これからいう５ヶ所ある調査地候補の中から
１ヶ所を選んで最奥の宝箱を調べてこい","Listen, I'll explain again. From the five
survey candidates I'll mention, choose one
and investigate its deepest chest.",ui\00_message\quest\q60200009.gmd,\quest\q60200009.arc,q60200009.arc,8,Isaac
0,,"魔赤島の《滝鳴洞穴》
　　　　《菌糸の襲窟》
ディナンにある《飛天のテラス》","Bloodbane Isle's Waterfall Echo Cavern
and Fungal Colony Caves, 
and Deenan's Heavenly Terrace.",ui\00_message\quest\q60200009.gmd,\quest\q60200009.arc,q60200009.arc,9,Isaac
0,,"ダウにある《見捨てられた井戸》
メルゴダにある《秘匿の実験場》
この５ヶ所だ","The Forsaken Well in Dowe, 
and the Secret Proving Ground in Mergoda.
These are the five locations.",ui\00_message\quest\q60200009.gmd,\quest\q60200009.arc,q60200009.arc,10,Isaac
0,,"ここでは前回の３ヶ所よりも、よりランクの高い
素材が採れるって噂だぜ
当然、魔物もそれなりの強さだが、な","Rumor has it these yield higher-rank materials
than the previous three locations. Of course,
the enemies match that strength, but hey.",ui\00_message\quest\q60200009.gmd,\quest\q60200009.arc,q60200009.arc,11,Isaac
0,,"５ヶ所のうち、１ヶ所の宝箱を調査できたら
俺のところに報告にきてくれ","When you've checked one of the 
five treasure chests, come report back to me.",ui\00_message\quest\q60200009.gmd,\quest\q60200009.arc,q60200009.arc,12,Isaac
0,,"平然と任務を達成してくるようになったな
その度胸が肝心なんだ
いい目をするようになってきた――","Mission success comes easily now.
That unshakable nerve is key—
your combat sense is evolving.",ui\00_message\quest\q60200009.gmd,\quest\q60200009.arc,q60200009.arc,13,Isaac
0,,"《スポット情報》を見れば
どのダンジョンにどの素材があるかを
確認できるのは――もう覚えたな？","You can check which dungeon has which
materials in Spot Info—you've already
memorized that, right?",ui\00_message\quest\q60200009.gmd,\quest\q60200009.arc,q60200009.arc,14,Isaac
0,,"今までダンジョンに潜り続けた成果は
経験値として、もしくは装備品となって
お前の糧になっているはずだ","The time you’ve spent delving dungeons
has borne fruit—whether in experience
or newfound gear, it’s all fueled
your growth.",ui\00_message\quest\q60200009.gmd,\quest\q60200009.arc,q60200009.arc,15,Isaac
