0,,次が最後――今までが基礎だとしたら次は応用だ,"Next is the last—
if the previous ones were theory, 
this is application.",ui\00_message\quest\q60200132.gmd,\quest\q60200132.arc,q60200132.arc,9
0,,"さて、これが最後の試練だ
君が研鑽してきたものの本質を見せてもらおう","Now, this is the final trial. 
Show me the essence of what you’ve honed.",ui\00_message\quest\q60200132.gmd,\quest\q60200132.arc,q60200132.arc,10
0,,"ふむ、いいだろう――
これで試練を終わりにしよう
一度わたしの工房に戻ってから
新たな技を継承しようか","Hmm, very well— the trial is concluded.
Return to my workshop, and I shall pass
down new techniques.",ui\00_message\quest\q60200132.gmd,\quest\q60200132.arc,q60200132.arc,11
0,,"これで試練は終わりだよ
――よくぞここまで研鑽したね","The trials end here. 
You’ve honed yourself well to reach this point.",ui\00_message\quest\q60200132.gmd,\quest\q60200132.arc,q60200132.arc,12
0,,"さて、一度わたしの工房に戻ってから
正式に新たな技を継承しようか","Now, let us return to my workshop and
formally pass down the new techniques.",ui\00_message\quest\q60200132.gmd,\quest\q60200132.arc,q60200132.arc,13
0,,"錬金術を操る君の姿を見届けさせてもらった
術に狂わされることもなく、論理に忠実な
安定した戦い方だったよ
君になら、さらなる技を継承しても大丈夫だろう","I’ve witnessed your mastery of alchemy.
You never let the art sway you, staying true
to order. Your fighting style was steady.
You’re ready to inherit greater techniques.",ui\00_message\quest\q60200132.gmd,\quest\q60200132.arc,q60200132.arc,14
0,,"錬金術という人の論理による人のための
学問と、竜の理との共存――
君のような存在が、新たな世界を切り開いて
くれるのかもしれない","The coexistence of human order—alchemy—
and the dragon’s order... Perhaps one like
you will carve a new world.",ui\00_message\quest\q60200132.gmd,\quest\q60200132.arc,q60200132.arc,15
0,,高い移動力は錬金術を支える足場のようなものだ,"High mobility serves as the foundation
that supports alchemy.",ui\00_message\quest\q60200132.gmd,\quest\q60200132.arc,q60200132.arc,16
0,,意志によって自在に力の流れを、論理を操るんだ,We manipulate the flow of power and order at will.,ui\00_message\quest\q60200132.gmd,\quest\q60200132.arc,q60200132.arc,17
0,,戦いにおいて、エリクシルの使い分けは重要だよ,"In battle, proper use of Elixirs is important.",ui\00_message\quest\q60200132.gmd,\quest\q60200132.arc,q60200132.arc,18
0,,論理の理解と転化、そして組み換え――これが錬金術だ,"Understanding, transforming, and
rearranging order—that is alchemy.",ui\00_message\quest\q60200132.gmd,\quest\q60200132.arc,q60200132.arc,19
0,,君の紡ぐ論理は、友を助けることもできるだろう,The order you weave may also aid allies.,ui\00_message\quest\q60200132.gmd,\quest\q60200132.arc,q60200132.arc,20
0,,錬成物質は固めて付着させた方が効果的だ,"For best results, solidify and 
bind the alchemical matter.",ui\00_message\quest\q60200132.gmd,\quest\q60200132.arc,q60200132.arc,21
0,,論理によって状態異常を操るんだ,Control ailments using calculated methods.,ui\00_message\quest\q60200132.gmd,\quest\q60200132.arc,q60200132.arc,22
0,,仲間が共にある時は、積極的に彼らの力を押し上げなさい,"When allies are present, actively
amplify their strength.",ui\00_message\quest\q60200132.gmd,\quest\q60200132.arc,q60200132.arc,23
0,,錬成物質を付着させることで敵の気を引く、これも戦術だ,"Using alchemical compounds to 
distract the enemy is also a tactic.",ui\00_message\quest\q60200132.gmd,\quest\q60200132.arc,q60200132.arc,24
0,,どのエリクシルを用いるか、吟味しているかな？,Are you deliberating which elixir to use?,ui\00_message\quest\q60200132.gmd,\quest\q60200132.arc,q60200132.arc,25
0,,"白竜が君に、さらに新たな錬金の戦技を
授けようとしたのかい――？
にわかには信じがたいが――
いや、そういうことなのだな――わかったよ","Did the White Dragon attempt to bestow upon
you yet another new alchemical combat skill?
Hard to believe at first, but—
No, that must be the case. Understood.",ui\00_message\quest\q60200133.gmd,\quest\q60200133.arc,q60200133.arc,0
0,,"しかし、君がさらなる力を
手にするにふさわしい器かどうか
私に見極めさせてもらうよ
果てなき錬金術の追及は、時に人を狂わせるからね","However, I must ascertain whether you are
a worthy vessel for greater power. The
endless pursuit of alchemy can drive one mad.",ui\00_message\quest\q60200133.gmd,\quest\q60200133.arc,q60200133.arc,1
0,,"試練の場を用意するから
そこで落ち合うことにしよう","I shall prepare a trial ground. Let us
meet there.",ui\00_message\quest\q60200133.gmd,\quest\q60200133.arc,q60200133.arc,2
0,,"君が力を手にするにふさわしい器かどうか
見極めさせてもらうよ
試練の場を用意するから
そこで落ち合うことにしよう","I must ascertain if you are a worthy
vessel for greater power. I shall prepare
a trial ground. Let us meet there.",ui\00_message\quest\q60200133.gmd,\quest\q60200133.arc,q60200133.arc,3
0,,"おや、思ったより早かったね
それでは行くとしようか――試練の旅へ","Oh, you’re earlier than expected. Then
let us depart—on a journey of trials.",ui\00_message\quest\q60200133.gmd,\quest\q60200133.arc,q60200133.arc,4
0,,君の紡ぐ論理、見極めさせてもらうよ,Let me discern the order you weave.,ui\00_message\quest\q60200133.gmd,\quest\q60200133.arc,q60200133.arc,5
0,,まずは軽くいこうか、あれが最初の試練だ,Let’s start lightly. That is the first trial.,ui\00_message\quest\q60200133.gmd,\quest\q60200133.arc,q60200133.arc,6
0,,"ふむ、中々いいね
次は第二の試練へ向かおう","Hmm, not bad at all. 
Now, onward to the second trial.",ui\00_message\quest\q60200133.gmd,\quest\q60200133.arc,q60200133.arc,7
0,,よし、第二の試練だ,"Very well, the second trial begins.",ui\00_message\quest\q60200133.gmd,\quest\q60200133.arc,q60200133.arc,8
0,,次が最後――今までが基礎だとしたら次は応用だ,"Next is the last—
if the previous ones were theory, 
this is application.",ui\00_message\quest\q60200133.gmd,\quest\q60200133.arc,q60200133.arc,9
0,,"さて、これが最後の試練だ
君が研鑽してきたものの本質を見せてもらおう","Now, this is the final trial. 
Show me the essence of what you’ve honed.",ui\00_message\quest\q60200133.gmd,\quest\q60200133.arc,q60200133.arc,10
0,,"ふむ、いいだろう――
これで試練を終わりにしよう
一度わたしの工房に戻ってから
新たな技を継承しようか","Hmm, very well— the trial is concluded.
Return to my workshop, and I shall pass
down new techniques.",ui\00_message\quest\q60200133.gmd,\quest\q60200133.arc,q60200133.arc,11
0,,"これで試練は終わりだよ
――よくぞここまで研鑽したね","The trials end here. 
You’ve honed yourself well to reach this point.",ui\00_message\quest\q60200133.gmd,\quest\q60200133.arc,q60200133.arc,12
0,,"さて、一度わたしの工房に戻ってから
正式に新たな技を継承しようか","Now, let us return to my workshop and
formally pass down the new techniques.",ui\00_message\quest\q60200133.gmd,\quest\q60200133.arc,q60200133.arc,13
0,,"錬金術を操る君の姿を見届けさせてもらった
自身の操る技術を過信することもなく
安定した戦い方をしていた
君になら、さらなる技を継承しても大丈夫だろう","I’ve witnessed your mastery of alchemy.
You never overestimated your own skills,
maintaining a steady fighting style.
You’re ready to inherit greater techniques.",ui\00_message\quest\q60200133.gmd,\quest\q60200133.arc,q60200133.arc,14
0,,"錬金術という人の論理による
人のための学問と、竜の理との共存――","The coexistence of human order -
alchemy as mankind's discipline -
with the dragon's order...",ui\00_message\quest\q60200133.gmd,\quest\q60200133.arc,q60200133.arc,15
0,,"君のような存在が、新たな世界を切り開いて
くれた時、我々メルゴダの民も臆することなく
顔をあげられるようになるのだろうな――","When a being like you paves the way
to a new world, we Mergodans will finally
stand tall without fear...",ui\00_message\quest\q60200133.gmd,\quest\q60200133.arc,q60200133.arc,16
0,,高い移動力は錬金術を支える足場のようなものだ,"High mobility serves as the foundation
that supports alchemy.",ui\00_message\quest\q60200133.gmd,\quest\q60200133.arc,q60200133.arc,17
0,,意志によって自在に力の流れを、論理を操るんだ,We manipulate the flow of power and order at will.,ui\00_message\quest\q60200133.gmd,\quest\q60200133.arc,q60200133.arc,18
0,,戦いにおいて、エリクシルの使い分けは重要だよ,"In battle, proper use of Elixirs is important.",ui\00_message\quest\q60200133.gmd,\quest\q60200133.arc,q60200133.arc,19
0,,論理の理解と転化、そして組み換え――これが錬金術だ,"Understanding, transforming, and
rearranging order—that is alchemy.",ui\00_message\quest\q60200133.gmd,\quest\q60200133.arc,q60200133.arc,20
0,,君の紡ぐ論理は、友を助けることもできるだろう,The order you weave may also aid allies.,ui\00_message\quest\q60200133.gmd,\quest\q60200133.arc,q60200133.arc,21
0,,錬成物質は固めて付着させた方が効果的だ,"For best results, solidify and 
bind the alchemical matter.",ui\00_message\quest\q60200133.gmd,\quest\q60200133.arc,q60200133.arc,22
0,,論理によって状態異常を操るんだ,Control ailments using calculated methods.,ui\00_message\quest\q60200133.gmd,\quest\q60200133.arc,q60200133.arc,23
0,,仲間が共にある時は、積極的に彼らの力を押し上げなさい,"When allies are present, actively
amplify their strength.",ui\00_message\quest\q60200133.gmd,\quest\q60200133.arc,q60200133.arc,24
0,,錬成物質を付着させることで敵の気を引く、これも戦術だ,"Using alchemical compounds to 
distract the enemy is also a tactic.",ui\00_message\quest\q60200133.gmd,\quest\q60200133.arc,q60200133.arc,25
0,,どのエリクシルを用いるか、吟味しているかな？,Are you deliberating which elixir to use?,ui\00_message\quest\q60200133.gmd,\quest\q60200133.arc,q60200133.arc,26
0,,"白竜が君に、さらに新たな錬金の戦技を
授けようとしたのかい――？
にわかには信じがたいが――
いや、そういうことなのだな――わかったよ","Did the White Dragon attempt to bestow upon
you yet another new alchemical combat skill?
Hard to believe at first, but—
No, that must be the case. Understood.",ui\00_message\quest\q60200134.gmd,\quest\q60200134.arc,q60200134.arc,0
0,,"しかし、君がさらなる力を
手にするにふさわしい器かどうか
私に見極めさせてもらうよ
果てなき錬金術の追及は、時に人を狂わせるからね","However, I must ascertain whether you are
a worthy vessel for greater power. The
endless pursuit of alchemy can drive one mad.",ui\00_message\quest\q60200134.gmd,\quest\q60200134.arc,q60200134.arc,1
0,,"試練の場を用意するから
そこで落ち合うことにしよう","I shall prepare a trial ground. Let us
meet there.",ui\00_message\quest\q60200134.gmd,\quest\q60200134.arc,q60200134.arc,2
0,,"――試練の場へは、エリアランクが足りないと
入れないこともあるんだ
ちゃんと自分で確認してから向かうようにね","――You may not be able to enter the trial grounds
if your area rank is insufficient.
Make sure to check properly before heading there.",ui\00_message\quest\q60200134.gmd,\quest\q60200134.arc,q60200134.arc,3
0,,"君が力を手にするにふさわしい器かどうか
見極めさせてもらうよ
試練の場を用意するから
そこで落ち合うことにしよう","I must ascertain if you are a worthy
vessel for greater power. I shall prepare
a trial ground. Let us meet there.",ui\00_message\quest\q60200134.gmd,\quest\q60200134.arc,q60200134.arc,4
0,,"――試練の場へは、エリアランクが足りないと
入れないこともあるんだ
ちゃんと自分で確認してから向かうようにね","――You may not be able to enter the trial grounds
if your area rank is insufficient.
Make sure to check properly before heading there.",ui\00_message\quest\q60200134.gmd,\quest\q60200134.arc,q60200134.arc,5
0,,"おや、思ったより早かったね
それでは行くとしようか――試練の旅へ","Oh, you’re earlier than expected. Then
let us depart—on a journey of trials.",ui\00_message\quest\q60200134.gmd,\quest\q60200134.arc,q60200134.arc,6
0,,"これで試練は終わりだよ
――よくぞここまで研鑽したね","The trials end here. 
You’ve honed yourself well to reach this point.",ui\00_message\quest\q60200134.gmd,\quest\q60200134.arc,q60200134.arc,7
0,,"さて、一度わたしの工房に戻ってから
正式に新たな技を継承しようか","Now, let us return to my workshop and
formally pass down the new techniques.",ui\00_message\quest\q60200134.gmd,\quest\q60200134.arc,q60200134.arc,8
0,,"錬金術を操る君の姿を見届けさせてもらった
術に狂わされることもなく、論理に忠実な
安定した戦い方だったよ
君になら、さらなる技を継承しても大丈夫だろう","I’ve witnessed your mastery of alchemy.
You never let the art sway you, staying true
to order. Your fighting style was steady.
You’re ready to inherit greater techniques.",ui\00_message\quest\q60200134.gmd,\quest\q60200134.arc,q60200134.arc,9
0,,"錬金術という人の論理による人のための
学問と、竜の理との共存――
君のような存在が、新たな世界を切り開いて
くれるのかもしれない","The coexistence of human order—alchemy—
and the dragon’s order... Perhaps one like
you will carve a new world.",ui\00_message\quest\q60200134.gmd,\quest\q60200134.arc,q60200134.arc,10
0,,君の紡ぐ論理、見極めさせてもらうよ,Let me discern the order you weave.,ui\00_message\quest\q60200134.gmd,\quest\q60200134.arc,q60200134.arc,11
0,,まずは軽くいこうか、あれが最初の試練だ,Let’s start lightly. That is the first trial.,ui\00_message\quest\q60200134.gmd,\quest\q60200134.arc,q60200134.arc,12
0,,"ふむ、中々いいね
次は第二の試練へ向かおう","Hmm, not bad at all. 
Now, onward to the second trial.",ui\00_message\quest\q60200134.gmd,\quest\q60200134.arc,q60200134.arc,13
0,,よし、第二の試練だ,"Very well, the second trial begins.",ui\00_message\quest\q60200134.gmd,\quest\q60200134.arc,q60200134.arc,14
0,,次が最後――今までが基礎だとしたら次は応用だ,"Next is the last—
if the previous ones were theory, 
this is application.",ui\00_message\quest\q60200134.gmd,\quest\q60200134.arc,q60200134.arc,15
0,,"さて、これが最後の試練だ
君が研鑽してきたものの本質を見せてもらおう","Now, this is the final trial. 
Show me the essence of what you’ve honed.",ui\00_message\quest\q60200134.gmd,\quest\q60200134.arc,q60200134.arc,16
0,,"ふむ、いいだろう――
これで試練を終わりにしよう
一度わたしの工房に戻ってから
新たな技を継承しようか","Hmm, very well— the trial is concluded.
Return to my workshop, and I shall pass
down new techniques.",ui\00_message\quest\q60200134.gmd,\quest\q60200134.arc,q60200134.arc,17
0,,高い移動力は錬金術を支える足場のようなものだ,"High mobility serves as the foundation
that supports alchemy.",ui\00_message\quest\q60200134.gmd,\quest\q60200134.arc,q60200134.arc,18
0,,意志によって自在に力の流れを、論理を操るんだ,We manipulate the flow of power and order at will.,ui\00_message\quest\q60200134.gmd,\quest\q60200134.arc,q60200134.arc,19
0,,戦いにおいて、エリクシルの使い分けは重要だよ,"In battle, proper use of Elixirs is important.",ui\00_message\quest\q60200134.gmd,\quest\q60200134.arc,q60200134.arc,20
0,,論理の理解と転化、そして組み換え――これが錬金術だ,"Understanding, transforming, and
rearranging order—that is alchemy.",ui\00_message\quest\q60200134.gmd,\quest\q60200134.arc,q60200134.arc,21
0,,君の紡ぐ論理は、友を助けることもできるだろう,The order you weave may also aid allies.,ui\00_message\quest\q60200134.gmd,\quest\q60200134.arc,q60200134.arc,22
0,,錬成物質は固めて付着させた方が効果的だ,"For best results, solidify and 
bind the alchemical matter.",ui\00_message\quest\q60200134.gmd,\quest\q60200134.arc,q60200134.arc,23
0,,論理によって状態異常を操るんだ,Control ailments using calculated methods.,ui\00_message\quest\q60200134.gmd,\quest\q60200134.arc,q60200134.arc,24
0,,仲間が共にある時は、積極的に彼らの力を押し上げなさい,"When allies are present, actively
amplify their strength.",ui\00_message\quest\q60200134.gmd,\quest\q60200134.arc,q60200134.arc,25
0,,錬成物質を付着させることで敵の気を引く、これも戦術だ,"Using alchemical compounds to 
distract the enemy is also a tactic.",ui\00_message\quest\q60200134.gmd,\quest\q60200134.arc,q60200134.arc,26
0,,どのエリクシルを用いるか、吟味しているかな？,Are you deliberating which elixir to use?,ui\00_message\quest\q60200134.gmd,\quest\q60200134.arc,q60200134.arc,27
0,,"白竜が君に、さらに新たな錬金の戦技を
授けようとしたのかい――？
にわかには信じがたいが――
いや、そういうことなのだな――わかったよ","Did the White Dragon attempt to bestow upon
you yet another new alchemical combat skill?
Hard to believe at first, but—
No, that must be the case. Understood.",ui\00_message\quest\q60200135.gmd,\quest\q60200135.arc,q60200135.arc,0
0,,"しかし、君がさらなる力を
手にするにふさわしい器かどうか
私に見極めさせてもらうよ
果てなき錬金術の追及は、時に人を狂わせるからね","However, I must ascertain whether you are
a worthy vessel for greater power. The
endless pursuit of alchemy can drive one mad.",ui\00_message\quest\q60200135.gmd,\quest\q60200135.arc,q60200135.arc,1
0,,"試練の場を用意するから
そこで落ち合うことにしよう","I shall prepare a trial ground. Let us
meet there.",ui\00_message\quest\q60200135.gmd,\quest\q60200135.arc,q60200135.arc,2
0,,"――試練の場へは、エリアランクが足りないと
入れないこともあるんだ
ちゃんと自分で確認してから向かうようにね","――You may not be able to enter the trial grounds
if your area rank is insufficient.
Make sure to check properly before heading there.",ui\00_message\quest\q60200135.gmd,\quest\q60200135.arc,q60200135.arc,3
0,,"君が力を手にするにふさわしい器かどうか
見極めさせてもらうよ
試練の場を用意するから
そこで落ち合うことにしよう","I must ascertain if you are a worthy
vessel for greater power. I shall prepare
a trial ground. Let us meet there.",ui\00_message\quest\q60200135.gmd,\quest\q60200135.arc,q60200135.arc,4
0,,"――試練の場へは、エリアランクが足りないと
入れないこともあるんだ
ちゃんと自分で確認してから向かうようにね","――You may not be able to enter the trial grounds
if your area rank is insufficient.
Make sure to check properly before heading there.",ui\00_message\quest\q60200135.gmd,\quest\q60200135.arc,q60200135.arc,5
0,,"おや、思ったより早かったね
それでは行くとしようか――試練の旅へ","Oh, you’re earlier than expected. Then
let us depart—on a journey of trials.",ui\00_message\quest\q60200135.gmd,\quest\q60200135.arc,q60200135.arc,6
0,,"これで試練は終わりだよ
――よくぞここまで研鑽したね","The trials end here. 
You’ve honed yourself well to reach this point.",ui\00_message\quest\q60200135.gmd,\quest\q60200135.arc,q60200135.arc,7
0,,"さて、一度わたしの工房に戻ってから
正式に新たな技を継承しようか","Now, let us return to my workshop and
formally pass down the new techniques.",ui\00_message\quest\q60200135.gmd,\quest\q60200135.arc,q60200135.arc,8
0,,"錬金術を操る君の姿を見届けさせてもらった
術に狂わされることもなく、論理に忠実な
安定した戦い方だったよ
君になら、さらなる技を継承しても大丈夫だろう","I’ve witnessed your mastery of alchemy.
You never let the art sway you, staying true
to order. Your fighting style was steady.
You’re ready to inherit greater techniques.",ui\00_message\quest\q60200135.gmd,\quest\q60200135.arc,q60200135.arc,9
0,,"錬金術という人の論理による人のための
学問と、竜の理との共存――
君のような存在が、新たな世界を切り開いて
くれるのかもしれない","The coexistence of human order—alchemy—
and the dragon’s order... Perhaps one like
you will carve a new world.",ui\00_message\quest\q60200135.gmd,\quest\q60200135.arc,q60200135.arc,10
0,,君の紡ぐ論理、見極めさせてもらうよ,Let me discern the order you weave.,ui\00_message\quest\q60200135.gmd,\quest\q60200135.arc,q60200135.arc,11
0,,まずは軽くいこうか、あれが最初の試練だ,Let’s start lightly. That is the first trial.,ui\00_message\quest\q60200135.gmd,\quest\q60200135.arc,q60200135.arc,12
0,,"ふむ、中々いいね
次は第二の試練へ向かおう","Hmm, not bad at all. 
Now, onward to the second trial.",ui\00_message\quest\q60200135.gmd,\quest\q60200135.arc,q60200135.arc,13
0,,よし、第二の試練だ,"Very well, the second trial begins.",ui\00_message\quest\q60200135.gmd,\quest\q60200135.arc,q60200135.arc,14
0,,次が最後――今までが基礎だとしたら次は応用だ,"Next is the last—
if the previous ones were theory, 
this is application.",ui\00_message\quest\q60200135.gmd,\quest\q60200135.arc,q60200135.arc,15
0,,"さて、これが最後の試練だ
君が研鑽してきたものの本質を見せてもらおう","Now, this is the final trial. 
Show me the essence of what you’ve honed.",ui\00_message\quest\q60200135.gmd,\quest\q60200135.arc,q60200135.arc,16
0,,"ふむ、いいだろう――
これで試練を終わりにしよう
一度わたしの工房に戻ってから
新たな技を継承しようか","Hmm, very well— the trial is concluded.
Return to my workshop, and I shall pass
down new techniques.",ui\00_message\quest\q60200135.gmd,\quest\q60200135.arc,q60200135.arc,17
0,,高い移動力は錬金術を支える足場のようなものだ,"High mobility serves as the foundation
that supports alchemy.",ui\00_message\quest\q60200135.gmd,\quest\q60200135.arc,q60200135.arc,18
0,,意志によって自在に力の流れを、論理を操るんだ,We manipulate the flow of power and order at will.,ui\00_message\quest\q60200135.gmd,\quest\q60200135.arc,q60200135.arc,19
0,,戦いにおいて、エリクシルの使い分けは重要だよ,"In battle, proper use of Elixirs is important.",ui\00_message\quest\q60200135.gmd,\quest\q60200135.arc,q60200135.arc,20
0,,論理の理解と転化、そして組み換え――これが錬金術だ,"Understanding, transforming, and
rearranging order—that is alchemy.",ui\00_message\quest\q60200135.gmd,\quest\q60200135.arc,q60200135.arc,21
0,,君の紡ぐ論理は、友を助けることもできるだろう,The order you weave may also aid allies.,ui\00_message\quest\q60200135.gmd,\quest\q60200135.arc,q60200135.arc,22
0,,錬成物質は固めて付着させた方が効果的だ,"For best results, solidify and 
bind the alchemical matter.",ui\00_message\quest\q60200135.gmd,\quest\q60200135.arc,q60200135.arc,23
0,,論理によって状態異常を操るんだ,Control ailments using calculated methods.,ui\00_message\quest\q60200135.gmd,\quest\q60200135.arc,q60200135.arc,24
0,,仲間が共にある時は、積極的に彼らの力を押し上げなさい,"When allies are present, actively
amplify their strength.",ui\00_message\quest\q60200135.gmd,\quest\q60200135.arc,q60200135.arc,25
0,,錬成物質を付着させることで敵の気を引く、これも戦術だ,"Using alchemical compounds to 
distract the enemy is also a tactic.",ui\00_message\quest\q60200135.gmd,\quest\q60200135.arc,q60200135.arc,26
0,,どのエリクシルを用いるか、吟味しているかな？,Are you deliberating which elixir to use?,ui\00_message\quest\q60200135.gmd,\quest\q60200135.arc,q60200135.arc,27
0,,"ふん――なるほどな
突然慣れぬ力を感じたのは
貴様が仕える白竜からのものだったのか","Hmm... I see. 
So the sudden unfamiliar power I felt came from 
the white dragon you serve.",ui\00_message\quest\q60200136.gmd,\quest\q60200136.arc,q60200136.arc,0
0,,"貴様に新たな戦技を与えたい――ということか
いいだろう、この力を使って編み出した
新たな技を伝授してやる","So you want me to grant you a new combat skill.
Very well. I shall teach you a new technique
forged with this power.",ui\00_message\quest\q60200136.gmd,\quest\q60200136.arc,q60200136.arc,1
0,,"しかし、その前に試させてもらおう
貴様が森羅万象への敬意を忘れず
霊力を操ることができているのか――
この技にふさわしい者であるのかを――","But first, let me test you.
Have you kept reverence for all creation? 
Can you truly wield spiritual energy? 
Are you worthy of this technique?",ui\00_message\quest\q60200136.gmd,\quest\q60200136.arc,q60200136.arc,2
0,,"――以前、レスタニアの訓練官が
ほどよい鍛練の場とやらを記した
リストを送ってきていたな","...Some time ago, a training officer from Lestania 
sent me a list of suitable training grounds.",ui\00_message\quest\q60200136.gmd,\quest\q60200136.arc,q60200136.arc,3
0,,"今回、試練の場は
レスタニアの中より選ぶことにする
準備ができ次第、向かうがいい","This time, the trial grounds will be
selected from within Lestania.
Head there once you are ready.",ui\00_message\quest\q60200136.gmd,\quest\q60200136.arc,q60200136.arc,4
0,,"――念のために言っておくが
試練の場へはエリアランクが足らぬ場合
足を踏み入れることすらできんようだ
その場合は素直に出直すべきだろうな","...For your sake, know this: 
if your area rank is insufficient, you cannot 
even set foot in the trial site. 
In that case, you should humbly return later.",ui\00_message\quest\q60200136.gmd,\quest\q60200136.arc,q60200136.arc,5
0,,"試させてもらおう
この技にふさわしい者であるのかを――
今回はレスタニアにて、試練の場を用意する
準備ができ次第、向かうがいい","I shall put you to the test—to see if you are
worthy of this technique. This time, the trial
shall take place in Lestania. Go there when
you are ready.",ui\00_message\quest\q60200136.gmd,\quest\q60200136.arc,q60200136.arc,6
0,,"――念のために言っておくが
試練の場へはエリアランクが足らぬ場合
足を踏み入れることすらできん
素直に出直すべきだろうな","...For your sake, know this: 
if your area rank is insufficient, 
you cannot even set foot in the trial site. 
You should return later.",ui\00_message\quest\q60200136.gmd,\quest\q60200136.arc,q60200136.arc,7
0,,"今回は俺も貴様と共に霊槍をふるおう
たるんだところは見せてくれるなよ
――行くぞ","This time, I too shall wield the Spirit Lance 
alongside you. 
Do not show me any slack—let’s go.",ui\00_message\quest\q60200136.gmd,\quest\q60200136.arc,q60200136.arc,8
0,,"たゆまぬ鍛練の成果を見せてもらった
――どうした、我が庵に戻らないのか
戦技を継承すると言っているのだぞ","Your ceaseless training has borne fruit.
...Why hesitate? Return to my retreat.
I shall teach you my skills.",ui\00_message\quest\q60200136.gmd,\quest\q60200136.arc,q60200136.arc,9
0,,"ふむ――
鍛練は欠かさずにいるようだな
霊槍が貴様の体に馴染み、霊球も歌っているようだ
森羅の加護を活かした、よい戦いだった","Hmm... It seems you have 
not neglected your training. 
The Spirit Lance has become one with you, 
and the spirit sphere sings. 
It was a fine battle, 
making full use of nature’s blessings.",ui\00_message\quest\q60200136.gmd,\quest\q60200136.arc,q60200136.arc,10
0,,"今後も鍛練に励み
さらに気高きスピリットランサーの
極みへと邁進するがいい
この戦技は、貴様のものだ","Continue to train diligently and strive
toward the pinnacle of becoming a noble
Spirit Lancer. This combat skill is now
yours.",ui\00_message\quest\q60200136.gmd,\quest\q60200136.arc,q60200136.arc,11
0,,日々の鍛練はそのまま戦い方に映る――見極めさせてもらうぞ,"The way you fight mirrors your training.
I'll evaluate you.",ui\00_message\quest\q60200136.gmd,\quest\q60200136.arc,q60200136.arc,12
0,,"言わずともわかったようだな
あれが最初の試練だ","You seemed to know without being told.
That was the first trial.",ui\00_message\quest\q60200136.gmd,\quest\q60200136.arc,q60200136.arc,13
0,,この程度、軽くいなせて当然であろう,"Of course, you'd effortlessly parry
something at this basic level.",ui\00_message\quest\q60200136.gmd,\quest\q60200136.arc,q60200136.arc,14
0,,"第二の試練だ
そろそろ本気を出してもらう","This is the second trial.
Time to get serious.",ui\00_message\quest\q60200136.gmd,\quest\q60200136.arc,q60200136.arc,15
0,,やるようだな、次が最後の試練だ,"You’re doing well. 
The next one is the final trial.",ui\00_message\quest\q60200136.gmd,\quest\q60200136.arc,q60200136.arc,16
0,,"これが最後の試練となる
見せてみるがいい
その槍さばきを","This is the final trial. 
Show me your spearwork.",ui\00_message\quest\q60200136.gmd,\quest\q60200136.arc,q60200136.arc,17
0,,"たゆまぬ鍛練が霊槍に宿っているのを確かに感じた
――我が庵へ戻り、戦技の継承を行おう","I sensed the tireless discipline
embodied in your Spirit Lance.
Let's return to my hut and
conduct the technique transfer.",ui\00_message\quest\q60200136.gmd,\quest\q60200136.arc,q60200136.arc,18
0,,ふん――霊槍は貴様の体の一部となっているようだな,"Hmph... 
The Spirit Lance has become
an extension of your very body.",ui\00_message\quest\q60200136.gmd,\quest\q60200136.arc,q60200136.arc,19
0,,森羅に満ちる霊力を感じろ――そして感謝の念を忘れるな,"Channel the spiritual energy
flowing through existence -
hold thankfulness close.",ui\00_message\quest\q60200136.gmd,\quest\q60200136.arc,q60200136.arc,20
0,,集めた霊力をいつ、何に使うかが肝要だ,"The key lies in when and how you 
use the spiritual energy you gather.",ui\00_message\quest\q60200136.gmd,\quest\q60200136.arc,q60200136.arc,21
0,,貴様の手にあるのはただの武器ではない、わかっているな,"What you hold in your hand is 
no mere weapon, you understand.",ui\00_message\quest\q60200136.gmd,\quest\q60200136.arc,q60200136.arc,22
0,,森羅の祝福によって仲間を癒すこともできるのだ,"The world's spiritual blessings
let you mend comrades' wounds.",ui\00_message\quest\q60200136.gmd,\quest\q60200136.arc,q60200136.arc,23
0,,"突きにばかり固執するな
加護を得た時、霊槍は踊る","Don't obsess over thrusting alone.
When blessed, the Spirit Lance dances.",ui\00_message\quest\q60200136.gmd,\quest\q60200136.arc,q60200136.arc,24
0,,森羅の加護を得るのだ――霊力を操れ,"Receive of nature's divine blessing -
harness the spiritual energy.",ui\00_message\quest\q60200136.gmd,\quest\q60200136.arc,q60200136.arc,25
0,,霊力によって己を鼓舞する、これはスピリットランサーの基本だな,"To invigorate oneself with spiritual power—
this is the foundation of a Spirit Lancer.",ui\00_message\quest\q60200136.gmd,\quest\q60200136.arc,q60200136.arc,26
0,,その霊力は仲間を癒し導くものでもあることを忘れるな,"Do not forget that this spiritual power 
can also heal and guide your allies.",ui\00_message\quest\q60200136.gmd,\quest\q60200136.arc,q60200136.arc,27
0,,攻めるに出るべきか、支援に回るべきか――見極めろ,"Decide whether to strike or
aid your allies - Judge wisely.",ui\00_message\quest\q60200136.gmd,\quest\q60200136.arc,q60200136.arc,28
0,,"ふん――なるほどな
此度も突然強い力を感じたのは
貴様が仕える白竜からのものだったか","Hmph... I see. 
So the sudden surge of power I felt this time 
also came from the white dragon you serve.",ui\00_message\quest\q60200137.gmd,\quest\q60200137.arc,q60200137.arc,0
0,,"再び貴様に新たな戦技を与えたい――ということだな
いいだろう、この力を使って編み出した
新たな技を伝授してやる","You wish me to grant you another new 
combat skill, is that it? 
Very well. I shall teach you a new technique 
forged with this power.",ui\00_message\quest\q60200137.gmd,\quest\q60200137.arc,q60200137.arc,1
0,,"しかし、その前に試させてもらおう
貴様が森羅万象への敬意を忘れず
霊力を操ることができているのか――
この技にふさわしい者であるのかを――","But first, let me test you.
Have you kept reverence for all creation? 
Can you truly wield spiritual energy? 
Are you worthy of this technique?",ui\00_message\quest\q60200137.gmd,\quest\q60200137.arc,q60200137.arc,2
0,,"――以前、レスタニアの訓練官が
ほどよい鍛練の場とやらを記した
リストを送ってきていたな","...Some time ago, a training officer from Lestania 
sent me a list of suitable training grounds.",ui\00_message\quest\q60200137.gmd,\quest\q60200137.arc,q60200137.arc,3
0,,"今回、試練の場は
レスタニアの中より選ぶことにする
準備ができ次第、向かうがいい","This time, the trial grounds will be
selected from within Lestania.
Head there once you are ready.",ui\00_message\quest\q60200137.gmd,\quest\q60200137.arc,q60200137.arc,4
0,,"――念のために言っておくが
試練の場へはエリアランクが足らぬ場合
足を踏み入れることすらできんようだ
その場合は素直に出直すべきだろうな","...For your sake, know this: 
if your area rank is insufficient, you cannot 
even set foot in the trial site. 
In that case, you should humbly return later.",ui\00_message\quest\q60200137.gmd,\quest\q60200137.arc,q60200137.arc,5
0,,"試させてもらおう
この技にふさわしい者であるのかを――
今回もレスタニアにて、試練の場を用意する
準備ができ次第、向かうがいい","I shall put you to the test—to see if you are
worthy of this technique. This time as well,
the trial shall take place in Lestania. Go
there when you are ready.",ui\00_message\quest\q60200137.gmd,\quest\q60200137.arc,q60200137.arc,6
0,,"――念のために言っておくが
試練の場へはエリアランクが足らぬ場合
足を踏み入れることすらできん
素直に出直すべきだろうな","...For your sake, know this: 
if your area rank is insufficient, 
you cannot even set foot in the trial site. 
You should return later.",ui\00_message\quest\q60200137.gmd,\quest\q60200137.arc,q60200137.arc,7
0,,"再び俺も共に霊槍をふるおう
たるんだところは見せてくれるなよ
――行くぞ","Once again, 
we'll wield the Spirit Lances together.
Keep your focus sharp.
—Let's go.",ui\00_message\quest\q60200137.gmd,\quest\q60200137.arc,q60200137.arc,8
0,,"たゆまぬ鍛練の成果を見せてもらった
――どうした、我が庵に戻らないのか
戦技を継承すると言っているのだぞ","Your ceaseless training has borne fruit.
...Why hesitate? Return to my retreat.
I shall teach you my skills.",ui\00_message\quest\q60200137.gmd,\quest\q60200137.arc,q60200137.arc,9
0,,"ふむ――
鍛練は欠かさずにいるようだな
霊槍が貴様の体に馴染み、霊球も歌っているようだ
森羅の加護を活かした、よい戦いだった","Hmm... It seems you have 
not neglected your training. 
The Spirit Lance has become one with you, 
and the spirit sphere sings. 
It was a fine battle, 
making full use of nature’s blessings.",ui\00_message\quest\q60200137.gmd,\quest\q60200137.arc,q60200137.arc,10
0,,"今後も鍛練に励み
さらに気高きスピリットランサーの
極みへと邁進するがいい
この戦技は、貴様のものだ","Continue to train diligently and strive
toward the pinnacle of becoming a noble
Spirit Lancer. This combat skill is now
yours.",ui\00_message\quest\q60200137.gmd,\quest\q60200137.arc,q60200137.arc,11
0,,日々の鍛練はそのまま戦い方に映る――見極めさせてもらうぞ,"The way you fight mirrors your training.
I'll evaluate you.",ui\00_message\quest\q60200137.gmd,\quest\q60200137.arc,q60200137.arc,12
0,,"言わずともわかったようだな
あれが最初の試練だ","You seemed to know without being told.
That was the first trial.",ui\00_message\quest\q60200137.gmd,\quest\q60200137.arc,q60200137.arc,13
0,,この程度、軽くいなせて当然であろう,"Of course, you'd effortlessly parry
something at this basic level.",ui\00_message\quest\q60200137.gmd,\quest\q60200137.arc,q60200137.arc,14
0,,"第二の試練だ
そろそろ本気を出してもらう","This is the second trial.
Time to get serious.",ui\00_message\quest\q60200137.gmd,\quest\q60200137.arc,q60200137.arc,15
0,,やるようだな、次が最後の試練だ,"You’re doing well. 
The next one is the final trial.",ui\00_message\quest\q60200137.gmd,\quest\q60200137.arc,q60200137.arc,16
0,,"これが最後の試練となる
見せてみるがいい
その槍さばきを","This is the final trial. 
Show me your spearwork.",ui\00_message\quest\q60200137.gmd,\quest\q60200137.arc,q60200137.arc,17
0,,"たゆまぬ鍛練が霊槍に宿っているのを確かに感じた
――我が庵へ戻り、戦技の継承を行おう","I sensed the tireless discipline
embodied in your Spirit Lance.
Let's return to my hut and
conduct the technique transfer.",ui\00_message\quest\q60200137.gmd,\quest\q60200137.arc,q60200137.arc,18
0,,ふん――霊槍は貴様の体の一部となっているようだな,"Hmph... 
The Spirit Lance has become
an extension of your very body.",ui\00_message\quest\q60200137.gmd,\quest\q60200137.arc,q60200137.arc,19
0,,森羅に満ちる霊力を感じろ――そして感謝の念を忘れるな,"Channel the spiritual energy
flowing through existence -
hold thankfulness close.",ui\00_message\quest\q60200137.gmd,\quest\q60200137.arc,q60200137.arc,20
0,,集めた霊力をいつ、何に使うかが肝要だ,"The key lies in when and how you 
use the spiritual energy you gather.",ui\00_message\quest\q60200137.gmd,\quest\q60200137.arc,q60200137.arc,21
0,,貴様の手にあるのはただの武器ではない、わかっているな,"What you hold in your hand is 
no mere weapon, you understand.",ui\00_message\quest\q60200137.gmd,\quest\q60200137.arc,q60200137.arc,22
0,,森羅の祝福によって仲間を癒すこともできるのだ,"The world's spiritual blessings
let you mend comrades' wounds.",ui\00_message\quest\q60200137.gmd,\quest\q60200137.arc,q60200137.arc,23
0,,"突きにばかり固執するな
加護を得た時、霊槍は踊る","Don't obsess over thrusting alone.
When blessed, the Spirit Lance dances.",ui\00_message\quest\q60200137.gmd,\quest\q60200137.arc,q60200137.arc,24
0,,森羅の加護を得るのだ――霊力を操れ,"Receive of nature's divine blessing -
harness the spiritual energy.",ui\00_message\quest\q60200137.gmd,\quest\q60200137.arc,q60200137.arc,25
0,,霊力によって己を鼓舞する、これはスピリットランサーの基本だな,"To invigorate oneself with spiritual power—
this is the foundation of a Spirit Lancer.",ui\00_message\quest\q60200137.gmd,\quest\q60200137.arc,q60200137.arc,26
0,,その霊力は仲間を癒し導くものでもあることを忘れるな,"Do not forget that this spiritual power 
can also heal and guide your allies.",ui\00_message\quest\q60200137.gmd,\quest\q60200137.arc,q60200137.arc,27
0,,攻めるに出るべきか、支援に回るべきか――見極めろ,"Decide whether to strike or
aid your allies - Judge wisely.",ui\00_message\quest\q60200137.gmd,\quest\q60200137.arc,q60200137.arc,28
0,,"ふん――なるほどな
此度も突然強い力を感じたのは
貴様が仕える白竜からのものだったか","Hmph... I see. 
So the sudden surge of power I felt this time 
also came from the white dragon you serve.",ui\00_message\quest\q60200138.gmd,\quest\q60200138.arc,q60200138.arc,0
0,,"再び貴様に新たな戦技を与えたい――ということだな
いいだろう、この力を使って編み出した
新たな技を伝授してやる","You wish me to grant you another new 
combat skill, is that it? 
Very well. I shall teach you a new technique 
forged with this power.",ui\00_message\quest\q60200138.gmd,\quest\q60200138.arc,q60200138.arc,1
0,,"しかし、その前に試させてもらおう
貴様が森羅万象への敬意を忘れず
霊力を操ることができているのか――
この技にふさわしい者であるのかを――","But first, let me test you.
Have you kept reverence for all creation? 
Can you truly wield spiritual energy? 
Are you worthy of this technique?",ui\00_message\quest\q60200138.gmd,\quest\q60200138.arc,q60200138.arc,2
0,,"――以前、レスタニアの訓練官が
ほどよい鍛練の場とやらを記した
リストを送ってきていたな","...Some time ago, a training officer from Lestania 
sent me a list of suitable training grounds.",ui\00_message\quest\q60200138.gmd,\quest\q60200138.arc,q60200138.arc,3
0,,"今回、試練の場は
魔赤島の中より選ぶことにする
準備ができ次第、向かうがいい","This time, the trial grounds will be
selected from within Bloodbane Isle.
Head there once you are ready.",ui\00_message\quest\q60200138.gmd,\quest\q60200138.arc,q60200138.arc,4
0,,"試させてもらおう
この技にふさわしい者であるのかを――
今回は魔赤島の中より、試練の場を用意する
準備ができ次第、向かうがいい","I shall put you to the test—to see if you are
worthy of this technique. This time, the trial
shall take place in Bloodbane Isle. Go there
when you are ready.",ui\00_message\quest\q60200138.gmd,\quest\q60200138.arc,q60200138.arc,5
0,,"再び俺も共に霊槍をふるおう
たるんだところは見せてくれるなよ
――行くぞ","Once again, 
we'll wield the Spirit Lances together.
Keep your focus sharp.
—Let's go.",ui\00_message\quest\q60200138.gmd,\quest\q60200138.arc,q60200138.arc,6
0,,"たゆまぬ鍛練の成果を見せてもらった
――どうした、我が庵に戻らないのか
戦技を継承すると言っているのだぞ","Your ceaseless training has borne fruit.
...Why hesitate? Return to my retreat.
I shall teach you my skills.",ui\00_message\quest\q60200138.gmd,\quest\q60200138.arc,q60200138.arc,7
0,,"ふむ――
鍛練は欠かさずにいるようだな
霊槍が貴様の体に馴染み、霊球も歌っているようだ
森羅の加護を活かした、よい戦いだった","Hmm... It seems you have 
not neglected your training. 
The Spirit Lance has become one with you, 
and the spirit sphere sings. 
It was a fine battle, 
making full use of nature’s blessings.",ui\00_message\quest\q60200138.gmd,\quest\q60200138.arc,q60200138.arc,8
0,,"今後も鍛練に励み
さらに気高きスピリットランサーの
極みへと邁進するがいい
この戦技は、貴様のものだ","Continue to train diligently and strive
toward the pinnacle of becoming a noble
Spirit Lancer. This combat skill is now
yours.",ui\00_message\quest\q60200138.gmd,\quest\q60200138.arc,q60200138.arc,9
0,,日々の鍛練はそのまま戦い方に映る――見極めさせてもらうぞ,"The way you fight mirrors your training.
I'll evaluate you.",ui\00_message\quest\q60200138.gmd,\quest\q60200138.arc,q60200138.arc,10
0,,"言わずともわかったようだな
あれが最初の試練だ","You seemed to know without being told.
That was the first trial.",ui\00_message\quest\q60200138.gmd,\quest\q60200138.arc,q60200138.arc,11
0,,この程度、軽くいなせて当然であろう,"Of course, you'd effortlessly parry
something at this basic level.",ui\00_message\quest\q60200138.gmd,\quest\q60200138.arc,q60200138.arc,12
0,,"第二の試練だ
そろそろ本気を出してもらう","This is the second trial.
Time to get serious.",ui\00_message\quest\q60200138.gmd,\quest\q60200138.arc,q60200138.arc,13
0,,やるようだな、次が最後の試練だ,"You’re doing well. 
The next one is the final trial.",ui\00_message\quest\q60200138.gmd,\quest\q60200138.arc,q60200138.arc,14
0,,"これが最後の試練となる
見せてみるがいい
その槍さばきを","This is the final trial. 
Show me your spearwork.",ui\00_message\quest\q60200138.gmd,\quest\q60200138.arc,q60200138.arc,15
0,,"たゆまぬ鍛練が霊槍に宿っているのを確かに感じた
――我が庵へ戻り、戦技の継承を行おう","I sensed the tireless discipline
embodied in your Spirit Lance.
Let's return to my hut and
conduct the technique transfer.",ui\00_message\quest\q60200138.gmd,\quest\q60200138.arc,q60200138.arc,16
0,,ふん――霊槍は貴様の体の一部となっているようだな,"Hmph... 
The Spirit Lance has become
an extension of your very body.",ui\00_message\quest\q60200138.gmd,\quest\q60200138.arc,q60200138.arc,17
0,,森羅に満ちる霊力を感じろ――そして感謝の念を忘れるな,"Channel the spiritual energy
flowing through existence -
hold thankfulness close.",ui\00_message\quest\q60200138.gmd,\quest\q60200138.arc,q60200138.arc,18
0,,集めた霊力をいつ、何に使うかが肝要だ,"The key lies in when and how you 
use the spiritual energy you gather.",ui\00_message\quest\q60200138.gmd,\quest\q60200138.arc,q60200138.arc,19
0,,貴様の手にあるのはただの武器ではない、わかっているな,"What you hold in your hand is 
no mere weapon, you understand.",ui\00_message\quest\q60200138.gmd,\quest\q60200138.arc,q60200138.arc,20
0,,森羅の祝福によって仲間を癒すこともできるのだ,"The world's spiritual blessings
let you mend comrades' wounds.",ui\00_message\quest\q60200138.gmd,\quest\q60200138.arc,q60200138.arc,21
0,,"突きにばかり固執するな
加護を得た時、霊槍は踊る","Don't obsess over thrusting alone.
When blessed, the Spirit Lance dances.",ui\00_message\quest\q60200138.gmd,\quest\q60200138.arc,q60200138.arc,22
0,,森羅の加護を得るのだ――霊力を操れ,"Receive of nature's divine blessing -
harness the spiritual energy.",ui\00_message\quest\q60200138.gmd,\quest\q60200138.arc,q60200138.arc,23
0,,霊力によって己を鼓舞する、これはスピリットランサーの基本だな,"To invigorate oneself with spiritual power—
this is the foundation of a Spirit Lancer.",ui\00_message\quest\q60200138.gmd,\quest\q60200138.arc,q60200138.arc,24
0,,その霊力は仲間を癒し導くものでもあることを忘れるな,"Do not forget that this spiritual power 
can also heal and guide your allies.",ui\00_message\quest\q60200138.gmd,\quest\q60200138.arc,q60200138.arc,25
0,,攻めるに出るべきか、支援に回るべきか――見極めろ,"Decide whether to strike or
aid your allies - Judge wisely.",ui\00_message\quest\q60200138.gmd,\quest\q60200138.arc,q60200138.arc,26
0,,"ふん――なるほどな
此度も突然強い力を感じたのは
貴様が仕える白竜からのものだったか","Hmph... I see. 
So the sudden surge of power I felt this time 
also came from the white dragon you serve.",ui\00_message\quest\q60200139.gmd,\quest\q60200139.arc,q60200139.arc,0
0,,"再び貴様に新たな戦技を与えたい――ということだな
いいだろう、この力を使って編み出した
新たな技を伝授してやる","You wish me to grant you another new 
combat skill, is that it? 
Very well. I shall teach you a new technique 
forged with this power.",ui\00_message\quest\q60200139.gmd,\quest\q60200139.arc,q60200139.arc,1
0,,"しかし、その前に試させてもらおう
貴様が森羅万象への敬意を忘れず
霊力を操ることができているのか――
この技にふさわしい者であるのかを――","But first, let me test you.
Have you kept reverence for all creation? 
Can you truly wield spiritual energy? 
Are you worthy of this technique?",ui\00_message\quest\q60200139.gmd,\quest\q60200139.arc,q60200139.arc,2
0,,"――以前、レスタニアの訓練官が
ほどよい鍛練の場とやらを記した
リストを送ってきていたな","...Some time ago, a training officer from Lestania 
sent me a list of suitable training grounds.",ui\00_message\quest\q60200139.gmd,\quest\q60200139.arc,q60200139.arc,3
0,,"今回、試練の場は
魔赤島の中より選ぶことにする
準備ができ次第、向かうがいい","This time, the trial grounds will be
selected from within Bloodbane Isle.
Head there once you are ready.",ui\00_message\quest\q60200139.gmd,\quest\q60200139.arc,q60200139.arc,4
0,,"――念のために言っておくが
試練の場へはエリアランクが足らぬ場合
足を踏み入れることすらできんようだ
その場合は素直に出直すべきだろうな","...For your sake, know this: 
if your area rank is insufficient, you cannot 
even set foot in the trial site. 
In that case, you should humbly return later.",ui\00_message\quest\q60200139.gmd,\quest\q60200139.arc,q60200139.arc,5
0,,"試させてもらおう
この技にふさわしい者であるのかを――
今回は魔赤島にて、試練の場を用意する
準備ができ次第、向かうがいい","I shall put you to the test—to see if you are
worthy of this technique. This time, the trial
shall take place in Bloodbane Isle. Go there
when you are ready.",ui\00_message\quest\q60200139.gmd,\quest\q60200139.arc,q60200139.arc,6
0,,"――念のために言っておくが
試練の場へはエリアランクが足らぬ場合
足を踏み入れることすらできん
素直に出直すべきだろうな","...For your sake, know this: 
if your area rank is insufficient, 
you cannot even set foot in the trial site. 
You should return later.",ui\00_message\quest\q60200139.gmd,\quest\q60200139.arc,q60200139.arc,7
0,,"再び俺も共に霊槍をふるおう
たるんだところは見せてくれるなよ
――行くぞ","Once again, 
we'll wield the Spirit Lances together.
Keep your focus sharp.
—Let's go.",ui\00_message\quest\q60200139.gmd,\quest\q60200139.arc,q60200139.arc,8
0,,"たゆまぬ鍛練の成果を見せてもらった
――どうした、我が庵に戻らないのか
戦技を継承すると言っているのだぞ","Your ceaseless training has borne fruit.
...Why hesitate? Return to my retreat.
I shall teach you my skills.",ui\00_message\quest\q60200139.gmd,\quest\q60200139.arc,q60200139.arc,9
0,,"ふむ――
鍛練は欠かさずにいるようだな
霊槍が貴様の体に馴染み、霊球も歌っているようだ
森羅の加護を活かした、よい戦いだった","Hmm... It seems you have 
not neglected your training. 
The Spirit Lance has become one with you, 
and the spirit sphere sings. 
It was a fine battle, 
making full use of nature’s blessings.",ui\00_message\quest\q60200139.gmd,\quest\q60200139.arc,q60200139.arc,10
0,,"今後も鍛練に励み
さらに気高きスピリットランサーの
極みへと邁進するがいい
この戦技は、貴様のものだ","Continue to train diligently and strive
toward the pinnacle of becoming a noble
Spirit Lancer. This combat skill is now
yours.",ui\00_message\quest\q60200139.gmd,\quest\q60200139.arc,q60200139.arc,11
0,,日々の鍛練はそのまま戦い方に映る――見極めさせてもらうぞ,"The way you fight mirrors your training.
I'll evaluate you.",ui\00_message\quest\q60200139.gmd,\quest\q60200139.arc,q60200139.arc,12
0,,"言わずともわかったようだな
あれが最初の試練だ","You seemed to know without being told.
That was the first trial.",ui\00_message\quest\q60200139.gmd,\quest\q60200139.arc,q60200139.arc,13
0,,この程度、軽くいなせて当然であろう,"Of course, you'd effortlessly parry
something at this basic level.",ui\00_message\quest\q60200139.gmd,\quest\q60200139.arc,q60200139.arc,14
0,,"第二の試練だ
そろそろ本気を出してもらう","This is the second trial.
Time to get serious.",ui\00_message\quest\q60200139.gmd,\quest\q60200139.arc,q60200139.arc,15
0,,やるようだな、次が最後の試練だ,"You’re doing well. 
The next one is the final trial.",ui\00_message\quest\q60200139.gmd,\quest\q60200139.arc,q60200139.arc,16
0,,"これが最後の試練となる
見せてみるがいい
その槍さばきを","This is the final trial. 
Show me your spearwork.",ui\00_message\quest\q60200139.gmd,\quest\q60200139.arc,q60200139.arc,17
0,,"たゆまぬ鍛練が霊槍に宿っているのを確かに感じた
――我が庵へ戻り、戦技の継承を行おう","I sensed the tireless discipline
embodied in your Spirit Lance.
Let's return to my hut and
conduct the technique transfer.",ui\00_message\quest\q60200139.gmd,\quest\q60200139.arc,q60200139.arc,18
0,,ふん――霊槍は貴様の体の一部となっているようだな,"Hmph... 
The Spirit Lance has become
an extension of your very body.",ui\00_message\quest\q60200139.gmd,\quest\q60200139.arc,q60200139.arc,19
0,,森羅に満ちる霊力を感じろ――そして感謝の念を忘れるな,"Channel the spiritual energy
flowing through existence -
hold thankfulness close.",ui\00_message\quest\q60200139.gmd,\quest\q60200139.arc,q60200139.arc,20
0,,集めた霊力をいつ、何に使うかが肝要だ,"The key lies in when and how you 
use the spiritual energy you gather.",ui\00_message\quest\q60200139.gmd,\quest\q60200139.arc,q60200139.arc,21
0,,貴様の手にあるのはただの武器ではない、わかっているな,"What you hold in your hand is 
no mere weapon, you understand.",ui\00_message\quest\q60200139.gmd,\quest\q60200139.arc,q60200139.arc,22
0,,森羅の祝福によって仲間を癒すこともできるのだ,"The world's spiritual blessings
let you mend comrades' wounds.",ui\00_message\quest\q60200139.gmd,\quest\q60200139.arc,q60200139.arc,23
0,,"突きにばかり固執するな
加護を得た時、霊槍は踊る","Don't obsess over thrusting alone.
When blessed, the Spirit Lance dances.",ui\00_message\quest\q60200139.gmd,\quest\q60200139.arc,q60200139.arc,24
0,,森羅の加護を得るのだ――霊力を操れ,"Receive of nature's divine blessing -
harness the spiritual energy.",ui\00_message\quest\q60200139.gmd,\quest\q60200139.arc,q60200139.arc,25
0,,霊力によって己を鼓舞する、これはスピリットランサーの基本だな,"To invigorate oneself with spiritual power—
this is the foundation of a Spirit Lancer.",ui\00_message\quest\q60200139.gmd,\quest\q60200139.arc,q60200139.arc,26
0,,その霊力は仲間を癒し導くものでもあることを忘れるな,"Do not forget that this spiritual power 
can also heal and guide your allies.",ui\00_message\quest\q60200139.gmd,\quest\q60200139.arc,q60200139.arc,27
0,,攻めるに出るべきか、支援に回るべきか――見極めろ,"Decide whether to strike or
aid your allies - Judge wisely.",ui\00_message\quest\q60200139.gmd,\quest\q60200139.arc,q60200139.arc,28
0,,"盗賊達は盗んだ品々を抱えたまま
どこかの洞窟に潜んでいるらしい",,ui\00_message\quest\q60200200.gmd,\quest\q60200200.arc,q60200200.arc,0
0,,"目下、当たりをつけているのは
ブリア、ボルド周辺の洞窟あたりだ",,ui\00_message\quest\q60200200.gmd,\quest\q60200200.arc,q60200200.arc,1
0,,まずはブリア海岸へ行ってみてくれんか？,,ui\00_message\quest\q60200200.gmd,\quest\q60200200.arc,q60200200.arc,2
0,,"誰が隊長の右腕か――
これはなかなか興味深い考察かもしれない",,ui\00_message\quest\q60200200.gmd,\quest\q60200200.arc,q60200200.arc,3
0,,うーん、僕も気になってきた！,,ui\00_message\quest\q60200200.gmd,\quest\q60200200.arc,q60200200.arc,4
0,,隊長、まかせてください,,ui\00_message\quest\q60200200.gmd,\quest\q60200200.arc,q60200200.arc,5
0,,ま、手分けしてあたろうぜ,,ui\00_message\quest\q60200200.gmd,\quest\q60200200.arc,q60200200.arc,6
0,,エリオット、なんだか張り切ってるね,,ui\00_message\quest\q60200200.gmd,\quest\q60200200.arc,q60200200.arc,7
0,,"ああ、隊長もここに来たんだ
でも、今さらこんな場所に何かあるのかな～？",,ui\00_message\quest\q60200200.gmd,\quest\q60200200.arc,q60200200.arc,8
0,,"これだけ探しても盗品は見つからないし
敵は出てくるし散々！",,ui\00_message\quest\q60200200.gmd,\quest\q60200200.arc,q60200200.arc,9
0,,"ねえ隊長、盗賊はもう盗品持って
他へ行ったと思うな
次の現場へ行ってみる？",,ui\00_message\quest\q60200200.gmd,\quest\q60200200.arc,q60200200.arc,10
0,,"ここには盗賊はいないし
もちろん、盗品もない",,ui\00_message\quest\q60200200.gmd,\quest\q60200200.arc,q60200200.arc,11
0,,"次の場所、行ってみる？
ボルド鉱山のあたりだったよね",,ui\00_message\quest\q60200200.gmd,\quest\q60200200.arc,q60200200.arc,12
0,,"その顔じゃあ、ブリアははずれだったようだな
せっかくだ、手伝ってくれ",,ui\00_message\quest\q60200200.gmd,\quest\q60200200.arc,q60200200.arc,13
0,,何だお前！,,ui\00_message\quest\q60200200.gmd,\quest\q60200200.arc,q60200200.arc,14
0,,貴様、覚者か！,,ui\00_message\quest\q60200200.gmd,\quest\q60200200.arc,q60200200.arc,15
0,,かまうかよ、やっちまえ！,,ui\00_message\quest\q60200200.gmd,\quest\q60200200.arc,q60200200.arc,16
0,,"あんたは一体、誰が勝つと思う？
――おっと、こりゃ聞かない方が楽しいか",,ui\00_message\quest\q60200200.gmd,\quest\q60200200.arc,q60200200.arc,17
0,,さあ、盛り上がってきたぞ！,,ui\00_message\quest\q60200200.gmd,\quest\q60200200.arc,q60200200.arc,18
0,,俺が怪しいと睨んだ洞窟はここです,,ui\00_message\quest\q60200200.gmd,\quest\q60200200.arc,q60200200.arc,19
0,,"どうやら隊長も同じ読みですね
気をつけていきましょう",,ui\00_message\quest\q60200200.gmd,\quest\q60200200.arc,q60200200.arc,20
0,,"さあ、隊長、神殿に戻って自慢――
いいえ、報告しましょう",,ui\00_message\quest\q60200200.gmd,\quest\q60200200.arc,q60200200.arc,21
0,,"ああ、お見事だったな――
各地の村からも、報告がきたところだ",,ui\00_message\quest\q60200200.gmd,\quest\q60200200.arc,q60200200.arc,22
0,,"ガルドリン、リズ、エリオット――
誰が隊長の右腕にふさわしいのか！？",,ui\00_message\quest\q60200200.gmd,\quest\q60200200.arc,q60200200.arc,23
0,,どうやら今回の一番手柄はエリオットらしいね,,ui\00_message\quest\q60200200.gmd,\quest\q60200200.arc,q60200200.arc,24
0,,"おや、ひとりか
入れ違いになったようだな",,ui\00_message\quest\q60200201.gmd,\quest\q60200201.arc,q60200201.arc,0
0,,"メイリーフが、小鳥のことで相談があると
ここに来ていたのだ
それがどうにも要領を得ない話でな――",,ui\00_message\quest\q60200201.gmd,\quest\q60200201.arc,q60200201.arc,1
0,,"そういうことなら隊長が得意だろうから
探して相談するといい――そう言っておいた
あとは頼んだぞ",,ui\00_message\quest\q60200201.gmd,\quest\q60200201.arc,q60200201.arc,2
0,,"メイリーフは――
はて、少し前までそのあたりにいたのだが",,ui\00_message\quest\q60200201.gmd,\quest\q60200201.arc,q60200201.arc,3
0,,"メイリーフかい？
うーん、自分の家じゃないかなあ",,ui\00_message\quest\q60200201.gmd,\quest\q60200201.arc,q60200201.arc,4
0,,"小鳥の様子がおかしい――変だって
ずいぶん心配していたからね",,ui\00_message\quest\q60200201.gmd,\quest\q60200201.arc,q60200201.arc,5
0,,"ほら、あのキースヒルトから贈られた
小鳥なんだってさ",,ui\00_message\quest\q60200201.gmd,\quest\q60200201.arc,q60200201.arc,6
0,,"ああ、隊長さん
メイリーフの頼みをきいてあげて",,ui\00_message\quest\q60200201.gmd,\quest\q60200201.arc,q60200201.arc,7
0,,"ずっと小鳥の心配ばかりで――
このままではメイリーフが倒れてしまいそうなの",,ui\00_message\quest\q60200201.gmd,\quest\q60200201.arc,q60200201.arc,8
0,,見て、隊長さん！,,ui\00_message\quest\q60200201.gmd,\quest\q60200201.arc,q60200201.arc,9
0,,"わたしのヒルティが――
ほら、悲しそうに鳴いているでしょう？",,ui\00_message\quest\q60200201.gmd,\quest\q60200201.arc,q60200201.arc,10
0,,隊長、まずはメイリーフの話を聞いてみて,,ui\00_message\quest\q60200201.gmd,\quest\q60200201.arc,q60200201.arc,11
0,,"隊長さん、お願いします
ヒルティはキースヒルトから預かった
大切な小鳥なの",,ui\00_message\quest\q60200201.gmd,\quest\q60200201.arc,q60200201.arc,12
0,,"手分けして南の森を調べて
その後、合流することにしよう",,ui\00_message\quest\q60200201.gmd,\quest\q60200201.arc,q60200201.arc,13
0,,何事もなければいいのだけど――,,ui\00_message\quest\q60200201.gmd,\quest\q60200201.arc,q60200201.arc,14
0,,"久しぶりだね
リズはもう到着しているよ",,ui\00_message\quest\q60200201.gmd,\quest\q60200201.arc,q60200201.arc,15
0,,"さすが、対応が早いわね
詳しい話は聞いている？
ああ、そうでもないんだ",,ui\00_message\quest\q60200201.gmd,\quest\q60200201.arc,q60200201.arc,16
0,,――いつからだったかな,,ui\00_message\quest\q60200201.gmd,\quest\q60200201.arc,q60200201.arc,17
0,,"まず、森から鳥たちが減ってしまったの
次は小動物で、そして今は
中型の肉食動物たちも滅多に見なくなったわ",,ui\00_message\quest\q60200201.gmd,\quest\q60200201.arc,q60200201.arc,18
0,,"動物たちが戻らないと、森の姿が
変わってしまって、最悪の場合は
森が死んでしまうかもしれないよね",,ui\00_message\quest\q60200201.gmd,\quest\q60200201.arc,q60200201.arc,19
0,,"もしかしたら、白竜様にまた何か起こったのかと
思ったけど、そんなことはないっていうし――
だとすると、原因はなんだろうね",,ui\00_message\quest\q60200201.gmd,\quest\q60200201.arc,q60200201.arc,20
0,,"ああ、隊長
このあたりを歩きまわってみたけど
やっぱりこれまでとは雰囲気がちがうの",,ui\00_message\quest\q60200201.gmd,\quest\q60200201.arc,q60200201.arc,21
0,,"ロンドジールが少し調べたみたいだから
直接聞いてみて",,ui\00_message\quest\q60200201.gmd,\quest\q60200201.arc,q60200201.arc,22
0,,詳しいことはロンドジールから聞いてみて,,ui\00_message\quest\q60200201.gmd,\quest\q60200201.arc,q60200201.arc,23
0,,"最近、森の動物がすっかり減ってしまって――
たまに見つけても、とても怯えているんだ",,ui\00_message\quest\q60200201.gmd,\quest\q60200201.arc,q60200201.arc,24
0,,"まあ、正確には、怯えているように見えるという
意味だけど――",,ui\00_message\quest\q60200201.gmd,\quest\q60200201.arc,q60200201.arc,25
0,,"僕には、様子が変ということしかわからないけど
その感じはエルテ・ディナンに近づくほど
強い気がするよ",,ui\00_message\quest\q60200201.gmd,\quest\q60200201.arc,q60200201.arc,26
0,,"どうだろう――
エルテ・ディナンへ行って、森の異変の
原因を探って欲しいんだ
もちろん、解決してくれれば最高だよ",,ui\00_message\quest\q60200201.gmd,\quest\q60200201.arc,q60200201.arc,27
0,,"エルテ・ディナンで一体何が起きているんだろう
どうも胸騒ぎがするんだ",,ui\00_message\quest\q60200201.gmd,\quest\q60200201.arc,q60200201.arc,28
0,,"キースヒルトか――
話は聞いてるけど――ああ、会いたかったな",,ui\00_message\quest\q60200201.gmd,\quest\q60200201.arc,q60200201.arc,29
0,,ねえ、隊長？,,ui\00_message\quest\q60200201.gmd,\quest\q60200201.arc,q60200201.arc,30
0,,"この森、この古い街――
エルフの代わりに、わたしたちが
守っていかないとね",,ui\00_message\quest\q60200201.gmd,\quest\q60200201.arc,q60200201.arc,31
0,,"ねえ、神殿へ帰ろう
ジョゼフ様に報告しなくちゃ",,ui\00_message\quest\q60200201.gmd,\quest\q60200201.arc,q60200201.arc,32
0,,"キースヒルトはもういない――
――もういないって",,ui\00_message\quest\q60200201.gmd,\quest\q60200201.arc,q60200201.arc,33
0,,"何度自分に言いきかせても
信じることができなかったんだ",,ui\00_message\quest\q60200201.gmd,\quest\q60200201.arc,q60200201.arc,34
0,,"でも――無理して信じることなんて
ないんだよね",,ui\00_message\quest\q60200201.gmd,\quest\q60200201.arc,q60200201.arc,35
0,,"わたしには世の不思議も
――難しいこともわからないけど
とにかく、みんなが無事で良かったわ",,ui\00_message\quest\q60200201.gmd,\quest\q60200201.arc,q60200201.arc,36
0,,"キースヒルトが小鳥を使って君たちを
動かしたなんて、どうにも信じられないね",,ui\00_message\quest\q60200201.gmd,\quest\q60200201.arc,q60200201.arc,37
0,,"理屈をつけるとしたら――
うん――エルフはとてつもなく長命だから
その思いが、巡る竜力に濃く残る――",,ui\00_message\quest\q60200201.gmd,\quest\q60200201.arc,q60200201.arc,38
0,,その結果――なんてのはどうかな,,ui\00_message\quest\q60200201.gmd,\quest\q60200201.arc,q60200201.arc,39
0,,"ゲルトから話は聞いた
ご苦労だった",,ui\00_message\quest\q60200201.gmd,\quest\q60200201.arc,q60200201.arc,40
0,,"オークの件はなんらかの対処が必要だな
ヴァネッサに伝えておこう",,ui\00_message\quest\q60200201.gmd,\quest\q60200201.arc,q60200201.arc,41
0,,"それにしてもキースヒルトか――
まったく、エルフは不思議な種族だな
もっと話したかったわ",,ui\00_message\quest\q60200201.gmd,\quest\q60200201.arc,q60200201.arc,42
0,,"やあ――
あのね――
ちょっと頼みがあるんだ",,ui\00_message\quest\q60200202.gmd,\quest\q60200202.arc,q60200202.arc,0
0,,"僕はね、レスタニアに蓄積された
豊富な知識と、フィンダムの自然が育んだ
多彩な植物を組み合わせて
新たな薬を作れないかと考えているんだ",,ui\00_message\quest\q60200202.gmd,\quest\q60200202.arc,q60200202.arc,1
0,,"うまく行けば、これまで治せなかった
病気も治療可能になるかもしれない
もちろん、フィンダムの進歩にも
貢献できるだろうしね",,ui\00_message\quest\q60200202.gmd,\quest\q60200202.arc,q60200202.arc,2
0,,"いい話だろう？
でも、ジョゼフ様が大反対なんだ
もう、わけがわからないよ",,ui\00_message\quest\q60200202.gmd,\quest\q60200202.arc,q60200202.arc,3
0,,"ねえ、ジョゼフ様を説得してくれないかな？
君の話なら耳を貸すと思うんだ",,ui\00_message\quest\q60200202.gmd,\quest\q60200202.arc,q60200202.arc,4
0,,"ふう――
最近、疲れが取れなくてな――
面倒な話は、せめて一日おきにな",,ui\00_message\quest\q60200202.gmd,\quest\q60200202.arc,q60200202.arc,5
0,,"クラウスめ、最近はことごとく
わたしに楯突いてくる",,ui\00_message\quest\q60200202.gmd,\quest\q60200202.arc,q60200202.arc,6
0,,"提案に反対なわけじゃない
ただ、時期尚早だと思うのだ
フィンダムが落ち着くまで
あと５年――１０年――",,ui\00_message\quest\q60200202.gmd,\quest\q60200202.arc,q60200202.arc,7
0,,"それからでも遅くはない
わたしはとにかくクラウスが心配だ
おかしな毒を吸ってしまうのではないか
無茶をするのではないか――",,ui\00_message\quest\q60200202.gmd,\quest\q60200202.arc,q60200202.arc,8
0,,"ああ、言いたいことはいろいろあるが
一番重要なことだけ伝えておこう",,ui\00_message\quest\q60200202.gmd,\quest\q60200202.arc,q60200202.arc,9
0,,クラウスを――頼む,,ui\00_message\quest\q60200202.gmd,\quest\q60200202.arc,q60200202.arc,10
0,,"クラウスはどうせフィンダムに行くと
言い出すに違いない",,ui\00_message\quest\q60200202.gmd,\quest\q60200202.arc,q60200202.arc,11
0,,"隊長、一足先に行って安全を
確保してやってくれんか？",,ui\00_message\quest\q60200202.gmd,\quest\q60200202.arc,q60200202.arc,12
0,,"いやぁ――
ジョゼフ様にはがっかりだよ",,ui\00_message\quest\q60200202.gmd,\quest\q60200202.arc,q60200202.arc,13
0,,"そこで、お願いがあるんだけれど
フィンダムに行って向こうの植物を
いくつか採取してきてほしいんだ",,ui\00_message\quest\q60200202.gmd,\quest\q60200202.arc,q60200202.arc,14
0,,"薬のような効果を持つ植物が
必ずあるはずで、フィンダムの人なら
どこに生えているか知ってると思う",,ui\00_message\quest\q60200202.gmd,\quest\q60200202.arc,q60200202.arc,15
0,,フィンダムの植物を採取して欲しいんだ,,ui\00_message\quest\q60200202.gmd,\quest\q60200202.arc,q60200202.arc,16
0,,"薬のような効果を持つ植物が
必ずあるはずで、フィンダムの人なら
どこに生えているか知ってると思う",,ui\00_message\quest\q60200202.gmd,\quest\q60200202.arc,q60200202.arc,17
0,,おお、あなただったか,,ui\00_message\quest\q60200202.gmd,\quest\q60200202.arc,q60200202.arc,18
0,,"実は――手紙をしたためていたのだ
レスタニアの医術――特に薬の精製の
知識で我々を助けてくれまいかと――",,ui\00_message\quest\q60200202.gmd,\quest\q60200202.arc,q60200202.arc,19
0,,"ふむ――そうか！
レスタニアにも同じことを考えている
者がいるというのか",,ui\00_message\quest\q60200202.gmd,\quest\q60200202.arc,q60200202.arc,20
0,,"ではさっそく、不思議な効能で知られる
植物の自生場所を伝えるよう
各地のエリアマスターに伝達しておこう",,ui\00_message\quest\q60200202.gmd,\quest\q60200202.arc,q60200202.arc,21
0,,具体的な場所は彼らから聞いてほしい,,ui\00_message\quest\q60200202.gmd,\quest\q60200202.arc,q60200202.arc,22
0,,"ただしその効力のせいか、魔物を引き寄せる
植物としても知られているものばかりだ",,ui\00_message\quest\q60200202.gmd,\quest\q60200202.arc,q60200202.arc,23
0,,採集には、くれぐれも注意してくれ,,ui\00_message\quest\q60200202.gmd,\quest\q60200202.arc,q60200202.arc,24
0,,"目的の植物の自生地は複数あるが
そのうちの２箇所から採集できれば
十分だろう",,ui\00_message\quest\q60200202.gmd,\quest\q60200202.arc,q60200202.arc,25
0,,"具体的な場所は各地のエリアマスターたちから
聞くといい",,ui\00_message\quest\q60200202.gmd,\quest\q60200202.arc,q60200202.arc,26
0,,"来訪の目的は聞いています
お探しの植物は、そうですね",,ui\00_message\quest\q60200202.gmd,\quest\q60200202.arc,q60200202.arc,27
0,,"このモロー樹林の深層内を
探すと良いでしょう",,ui\00_message\quest\q60200202.gmd,\quest\q60200202.arc,q60200202.arc,28
0,,"でも気を付けてください
その植物は、森の徘徊者に守られていますから",,ui\00_message\quest\q60200202.gmd,\quest\q60200202.arc,q60200202.arc,29
0,,"元気だったかい！？
フィンダムの医療に手を貸してくれるんだって！
こんなに嬉しいことはないよ",,ui\00_message\quest\q60200202.gmd,\quest\q60200202.arc,q60200202.arc,30
0,,"そう、あんたの求める植物なら、マヌンの集落
あたりを探すといいんだけれど
ちょっと厄介でね",,ui\00_message\quest\q60200202.gmd,\quest\q60200202.arc,q60200202.arc,31
0,,"植物に魅入られたみたいにその場を
離れない魔物がいるんだ
だから、くれぐれも気をつけるんだよ",,ui\00_message\quest\q60200202.gmd,\quest\q60200202.arc,q60200202.arc,32
0,,"お久しぶりですね
レスタニアの覚者さま――",,ui\00_message\quest\q60200202.gmd,\quest\q60200202.arc,q60200202.arc,33
0,,"お話はガラダの使者の方より聞いています
ぜひとも協力させてください",,ui\00_message\quest\q60200202.gmd,\quest\q60200202.arc,q60200202.arc,34
0,,"あなたが求める植物は、エラン水林奥地――
密林の鍾乳洞入口あたりで見つかるでしょう",,ui\00_message\quest\q60200202.gmd,\quest\q60200202.arc,q60200202.arc,35
0,,"ですが――
そこには恐ろしい魔物が棲みついていると
聞いています
どうかご用心下さい",,ui\00_message\quest\q60200202.gmd,\quest\q60200202.arc,q60200202.arc,36
0,,"グリンデュアへようこそ
ふたたび貴君の顔を見れて嬉しく思うよ",,ui\00_message\quest\q60200202.gmd,\quest\q60200202.arc,q60200202.arc,37
0,,"ガラダの使いの者から話は聞いている
件の植物なら、この峡谷の奥地にある
谷間を調べてみるといい",,ui\00_message\quest\q60200202.gmd,\quest\q60200202.arc,q60200202.arc,38
0,,"ただし、魔物を倒さなければ目的の品は
手に入らないと思った方がいいな",,ui\00_message\quest\q60200202.gmd,\quest\q60200202.arc,q60200202.arc,39
0,,"おお、見たところ、無事のようだな
しかも、植物の採集も首尾良く
終えたようだ",,ui\00_message\quest\q60200202.gmd,\quest\q60200202.arc,q60200202.arc,40
0,,別の植物――ああ、あのことか,,ui\00_message\quest\q60200202.gmd,\quest\q60200202.arc,q60200202.arc,41
0,,"それなら、大いなる芯なる樹の樹内――
ヴァルテブル・ホールに行けば
必ず見つかるはずだ",,ui\00_message\quest\q60200202.gmd,\quest\q60200202.arc,q60200202.arc,42
0,,"クラウスには話したのだが――
やはり興味を持ったかな",,ui\00_message\quest\q60200202.gmd,\quest\q60200202.arc,q60200202.arc,43
0,,"ホールには魔物がいるから
くれぐれも気をつけてな",,ui\00_message\quest\q60200202.gmd,\quest\q60200202.arc,q60200202.arc,44
0,,"こちらは順調ですよ
じわりじわりと薬効成分の抽出中です
そちらはどうです？",,ui\00_message\quest\q60200202.gmd,\quest\q60200202.arc,q60200202.arc,45
0,,"頼んだ植物は見つかったかな？
ガラダから聞いたんだろう？",,ui\00_message\quest\q60200202.gmd,\quest\q60200202.arc,q60200202.arc,46
0,,"クラウスめ、ついにカミュまで巻きこんで
大々的に動き始めたな
わたしに隠そうともせんわ",,ui\00_message\quest\q60200202.gmd,\quest\q60200202.arc,q60200202.arc,47
0,,"ジョゼフ様ったら、クラウスのこと
気が気じゃないみたいですね
素直じゃないんだから、まったく",,ui\00_message\quest\q60200202.gmd,\quest\q60200202.arc,q60200202.arc,48
0,,"フィンダムに行ってるんでしょ？
わたしも行こうかな",,ui\00_message\quest\q60200202.gmd,\quest\q60200202.arc,q60200202.arc,49
0,,"クラウスに頼まれたブツは手に入ったのか？
魔物がいて厄介らしいが、俺を巻きこむなよ",,ui\00_message\quest\q60200202.gmd,\quest\q60200202.arc,q60200202.arc,50
0,,"ジョゼフとクラウスのけんかだけで
俺はいっぱいいっぱいだぜ",,ui\00_message\quest\q60200202.gmd,\quest\q60200202.arc,q60200202.arc,51
0,,"ファビオには会ったか？
たった今までいたのだが――
おまえを探していたぞ",,ui\00_message\quest\q60200203.gmd,\quest\q60200203.arc,q60200203.arc,0
0,,"次は酒場を探すと言っていたから
行ってみたらどうだ？",,ui\00_message\quest\q60200203.gmd,\quest\q60200203.arc,q60200203.arc,1
0,,"とはいえ、何やらコソコソした様子で
おまえを探している理由もなんだかんだと
ごまかしていた
変なことに巻きこまれるなよ",,ui\00_message\quest\q60200203.gmd,\quest\q60200203.arc,q60200203.arc,2
0,,"ファビオは酒場だろう
おかしなことに巻きこまれるなよ",,ui\00_message\quest\q60200203.gmd,\quest\q60200203.arc,q60200203.arc,3
0,,さっきファビオとひさしぶりに話したよ,,ui\00_message\quest\q60200203.gmd,\quest\q60200203.arc,q60200203.arc,4
0,,"ファビオはいつも商売のタネを探しているよね
知り合ったころはどうかと思っていたけど
最近は感心しているんだ",,ui\00_message\quest\q60200203.gmd,\quest\q60200203.arc,q60200203.arc,5
0,,"ああ、いたいた！
頼みたいことがあってあんたを探していたんだ",,ui\00_message\quest\q60200203.gmd,\quest\q60200203.arc,q60200203.arc,6
0,,"実はさ――このあいだ、地図を手に入れたんだ
それも、ただの地図じゃない
我らの友、レオが残した地図だ",,ui\00_message\quest\q60200203.gmd,\quest\q60200203.arc,q60200203.arc,7
0,,"しかも、半分ほど破れているな？
好奇心がはち切れそうだろう？
これは調べずにはいられないよな",,ui\00_message\quest\q60200203.gmd,\quest\q60200203.arc,q60200203.arc,8
0,,"その第一歩として、レオと親しかった
グリッテン砦のヴァネッサの意見を聞きたい
な？　一緒にグリッテン砦へ行こうぜ",,ui\00_message\quest\q60200203.gmd,\quest\q60200203.arc,q60200203.arc,9
0,,知ってるだろ？　おれはヴァネッサが苦手でね,,ui\00_message\quest\q60200203.gmd,\quest\q60200203.arc,q60200203.arc,10
0,,"おれなんかきっと嫌われている――
そう思うと、ふたりきりはキツい",,ui\00_message\quest\q60200203.gmd,\quest\q60200203.arc,q60200203.arc,11
0,,"あんたが新人の頃はいろいろ世話したよな？
その時の恩を、今、ちょーっと返してくれ",,ui\00_message\quest\q60200203.gmd,\quest\q60200203.arc,q60200203.arc,12
0,,ああ――よく来たな,,ui\00_message\quest\q60200203.gmd,\quest\q60200203.arc,q60200203.arc,13
0,,"悪いな
ここでの仕事を片付けて、なるべく早くに
わたしも行けるようにする",,ui\00_message\quest\q60200203.gmd,\quest\q60200203.arc,q60200203.arc,14
0,,"新しい地図にあった印は、やっぱり
この洞窟だよな――",,ui\00_message\quest\q60200203.gmd,\quest\q60200203.arc,q60200203.arc,15
0,,"これを見てくれ
つなぎ合わせた地図から読み取ると――",,ui\00_message\quest\q60200203.gmd,\quest\q60200203.arc,q60200203.arc,16
0,,"どうやら、この洞窟の、さらに奥に
何かがあるらしい",,ui\00_message\quest\q60200203.gmd,\quest\q60200203.arc,q60200203.arc,17
0,,"おそらく――危険な魔物がいるのだろう
レオはその魔物退治をひとりでやっていた
そういう奴だ、あいつは",,ui\00_message\quest\q60200203.gmd,\quest\q60200203.arc,q60200203.arc,18
0,,"よし、我々の手でレオの憂いを断ってやろう
行くぞ――",,ui\00_message\quest\q60200203.gmd,\quest\q60200203.arc,q60200203.arc,19
0,,くぅ――出た出た！,,ui\00_message\quest\q60200203.gmd,\quest\q60200203.arc,q60200203.arc,20
0,,これがレオの心残りか！？,,ui\00_message\quest\q60200203.gmd,\quest\q60200203.arc,q60200203.arc,21
0,,"何か手がかりがあるかもしれない
手分けして探そう",,ui\00_message\quest\q60200203.gmd,\quest\q60200203.arc,q60200203.arc,22
0,,レオめ、ここに何を隠したんだ？,,ui\00_message\quest\q60200203.gmd,\quest\q60200203.arc,q60200203.arc,23
0,,"また別の場所へのメッセージか――
おれたちもしかして、からかわれてるのか？",,ui\00_message\quest\q60200203.gmd,\quest\q60200203.arc,q60200203.arc,24
0,,"いや、レオはそういう性格じゃないしなあ
とにかく、このメッセージの場所は――",,ui\00_message\quest\q60200203.gmd,\quest\q60200203.arc,q60200203.arc,25
0,,この洞窟入口近くの、滝を望む崖あたりかな,,ui\00_message\quest\q60200203.gmd,\quest\q60200203.arc,q60200203.arc,26
0,,"新たな情報の示す先はこのダウ渓谷の
滝の麓というわけだな",,ui\00_message\quest\q60200203.gmd,\quest\q60200203.arc,q60200203.arc,27
0,,さあ、行こうか,,ui\00_message\quest\q60200203.gmd,\quest\q60200203.arc,q60200203.arc,28
0,,"おお、調査を引き受けてくれるか
貴君に頼めるのであれば心強い",,ui\00_message\quest\q60201000.gmd,\quest\q60201000.arc,q60201000.arc,0
0,,"場所はテルの西側、《刃擦れの細道》の辺りだ
ハイデルではあまり見ることの
なかった魔物たちが徘徊している",,ui\00_message\quest\q60201000.gmd,\quest\q60201000.arc,q60201000.arc,1
0,,"アークが何らかの作用によって
新手の魔物を引き付けているのか
それとも魔物が内部から出てくる術を知ったのか――",,ui\00_message\quest\q60201000.gmd,\quest\q60201000.arc,q60201000.arc,2
0,,"どちらにせよ、テルの脅威と
なることに変わりはない
なるべく早めに調査結果を知らせてくれ",,ui\00_message\quest\q60201000.gmd,\quest\q60201000.arc,q60201000.arc,3
0,,"場所はテルの西側、《刃擦れの細道》の辺りだ
テルの新たな脅威となりかねない――
なるべく早めに調査結果を知らせてくれ",,ui\00_message\quest\q60201000.gmd,\quest\q60201000.arc,q60201000.arc,4
0,,"おお、調査だけでなく
周辺にいた魔物の討伐も
してきてくれたのか！　感謝する",,ui\00_message\quest\q60201000.gmd,\quest\q60201000.arc,q60201000.arc,5
0,,"――ふむ、貴君のいうとおり、
魔物たちに錬金術の痕跡があったことや
発見場所が限定されているということは
内部から出てきたということになるだろうな――",,ui\00_message\quest\q60201000.gmd,\quest\q60201000.arc,q60201000.arc,6
0,,"恐らく今後も内部から這い出てきた魔物が
うろつくこともあるだろう
村人たちには、あの付近に近寄らぬよう
あらためて伝えておこう",,ui\00_message\quest\q60201000.gmd,\quest\q60201000.arc,q60201000.arc,7
0,,"――しかし、今までアークの中に潜んでいたものが
いったい何故この時期になって
這い出てきたのだろうな",,ui\00_message\quest\q60201000.gmd,\quest\q60201000.arc,q60201000.arc,8
0,,"アーク付近の様子については
今後も子細に監視しておく
貴君も何か気付いたことがあれば知らせてくれ",,ui\00_message\quest\q60201000.gmd,\quest\q60201000.arc,q60201000.arc,9
0,,"おお、調査に協力してくれるか
今わかっていることを全て話しておこう",,ui\00_message\quest\q60201001.gmd,\quest\q60201001.arc,q60201001.arc,0
0,,"《アーク》の付近から小動物の姿が
消えていると話したが、これは何かに
食われているというわけではないのだ",,ui\00_message\quest\q60201001.gmd,\quest\q60201001.arc,q60201001.arc,1
0,,"わたしが周囲を調べてみたところ
アークから発される微かな振動が大地に伝わり
小動物たちはそれを嫌って逃げたようだった",,ui\00_message\quest\q60201001.gmd,\quest\q60201001.arc,q60201001.arc,2
0,,"以前はアークからそのような振動が
発せられることはなかった
内部で何らかの変化が起こっていることは
確実と見ていいだろう",,ui\00_message\quest\q60201001.gmd,\quest\q60201001.arc,q60201001.arc,3
0,,"《アーク裏層》の入り口付近から
最も強い振動が確認されている
調査もそちら側から始めた方が良いだろう",,ui\00_message\quest\q60201001.gmd,\quest\q60201001.arc,q60201001.arc,4
0,,"アークには未だに謎が多い――
詳細な構造すら未だ解明されていないとも聞く
くれぐれも注意して向かってくれ",,ui\00_message\quest\q60201001.gmd,\quest\q60201001.arc,q60201001.arc,5
0,,"《アーク裏層》の入り口付近から
最も強い振動が確認されている
調査もそちら側から始めた方が良いだろう",,ui\00_message\quest\q60201001.gmd,\quest\q60201001.arc,q60201001.arc,6
0,,"アークには未だに謎が多い――
身の安全を優先した行動を心掛けてくれ",,ui\00_message\quest\q60201001.gmd,\quest\q60201001.arc,q60201001.arc,7
0,,"ああ、調査に行ってきてくれたのだな！
まずは無事の帰還を喜ぼうではないか",,ui\00_message\quest\q60201001.gmd,\quest\q60201001.arc,q60201001.arc,8
0,,"ふむ、《アーク裏層》の奥にて
強大な魔導兵器が起動し、暴走していたと――
その振動が微かにアークの外にまで
伝わっていたというのか――",,ui\00_message\quest\q60201001.gmd,\quest\q60201001.arc,q60201001.arc,9
0,,"話を聞くだけでも、その強力さが伝わってくるようだ
調査に加え、魔導兵器の停止まで済ませてくれるとは
さすがは統率の右腕と呼ばれる覚者だな",,ui\00_message\quest\q60201001.gmd,\quest\q60201001.arc,q60201001.arc,10
0,,"調査に協力してくれたことに感謝する
貴君の力添えなしでは解明できなかっただろう",,ui\00_message\quest\q60201001.gmd,\quest\q60201001.arc,q60201001.arc,11
0,,"今後もアーク内に残った魔導兵器が
暴走する可能性は残っている
わたしも引き続きアークの監視を
続けることを約束しよう",,ui\00_message\quest\q60201001.gmd,\quest\q60201001.arc,q60201001.arc,12
0,,"やっぱり覚者さんも
井戸の底の青い光、気になるよね！",,ui\00_message\quest\q60202000.gmd,\quest\q60202000.arc,q60202000.arc,0
0,,"もしかしたら今度こそ
""ブリアに眠る財宝""かもしれないし――
お宝って、意外とああいう地味なところに
あるんじゃないかって思うんだよ",,ui\00_message\quest\q60202000.gmd,\quest\q60202000.arc,q60202000.arc,1
0,,"あんな古い井戸の底なんか
目を付ける盗賊もいないだろうしね",,ui\00_message\quest\q60202000.gmd,\quest\q60202000.arc,q60202000.arc,2
0,,"じゃあ、青い光については
覚者さんに任せたよ！
お宝だといいな！",,ui\00_message\quest\q60202000.gmd,\quest\q60202000.arc,q60202000.arc,3
0,,"《灯台下の古井戸》の青い光のことは
覚者さんに任せたよ！
もしお宝だったら山分けだ！",,ui\00_message\quest\q60202000.gmd,\quest\q60202000.arc,q60202000.arc,4
0,,"えっ！
井戸の底はブルーニュートの巣になってたって！？
しかも、かなり大きい個体が居たって――！？",,ui\00_message\quest\q60202000.gmd,\quest\q60202000.arc,q60202000.arc,5
0,,"財宝が見つかれば、この村も覚者さんも
一気に潤うんじゃないかと思ったんだけど――
なんだか迷惑をかけちゃったね――",,ui\00_message\quest\q60202000.gmd,\quest\q60202000.arc,q60202000.arc,6
0,,"これ、お詫びといっちゃなんだけど
受け取ってよ！
井戸の魔物も掃除してくれたみたいだし
そのお礼も兼ねてさ",,ui\00_message\quest\q60202000.gmd,\quest\q60202000.arc,q60202000.arc,7
0,,"いやぁ、本当にまいったよ
ずっと封鎖してあった遺跡に
まさかリンドブルムが棲みついてるなんて――",,ui\00_message\quest\q60202001.gmd,\quest\q60202001.arc,q60202001.arc,0
0,,"すぐに封鎖しなおすことも考えたんだけど
竜は知能が高いっていうだろ？
モルトバ遺跡と井戸が繋がってるってことは
もうバレちゃってると思うんだよ――",,ui\00_message\quest\q60202001.gmd,\quest\q60202001.arc,q60202001.arc,1
0,,"もしもリンドブルムがこっち側に出てくるつもりなら
通路に鍵をかけ直したところで
焼け石に水じゃないか",,ui\00_message\quest\q60202001.gmd,\quest\q60202001.arc,q60202001.arc,2
0,,"そう考えると気が気じゃないんだ――
覚者さんに様子を見てきてもらうまでは
眠れそうにないよ――",,ui\00_message\quest\q60202001.gmd,\quest\q60202001.arc,q60202001.arc,3
0,,"《モルトバ遺跡》のリンドブルムが
もしこっちに来るようなそぶりを見せていたら
すぐに教えてくれ",,ui\00_message\quest\q60202001.gmd,\quest\q60202001.arc,q60202001.arc,4
0,,"エリアマスターとして、村人を避難させるとか
何か方法を考えないと――",,ui\00_message\quest\q60202001.gmd,\quest\q60202001.arc,q60202001.arc,5
0,,"うう、気が重いよ――
できるだけ早く見に行ってもらえないかな――",,ui\00_message\quest\q60202001.gmd,\quest\q60202001.arc,q60202001.arc,6
0,,"覚者さん、リンドブルムの様子はどうだった？
村の方に来そうな気配は――
えっ！　やっつけてきてくれたのか！？",,ui\00_message\quest\q60202001.gmd,\quest\q60202001.arc,q60202001.arc,7
0,,"そ、そりゃおかげで安心したけどさ！
リンドブルムだって、覚者さんに
とっちめられたとなれば、今後も村の方に
近寄ろうとはしないだろうからね",,ui\00_message\quest\q60202001.gmd,\quest\q60202001.arc,q60202001.arc,8
0,,"ふぅ、覚者さんがいてくれれば
きっとこれからもローテスは安泰だよ！
これ、今回のお礼だよ
少ないけど役に立ててくれ",,ui\00_message\quest\q60202001.gmd,\quest\q60202001.arc,q60202001.arc,9
0,,"退治を引き受けてくれるのね！
最近は白衛騎士団もこちら方面には
手が回っていないようだから、助かるわ",,ui\00_message\quest\q60203000.gmd,\quest\q60203000.arc,q60203000.arc,0
0,,"""子攫いのメリーティア""が巣食っているのは
リンウッドからミスリウ森林深部に向かう
一本道の途中にある《行商人の難所》よ",,ui\00_message\quest\q60203000.gmd,\quest\q60203000.arc,q60203000.arc,1
0,,"そういえば、""子攫いのメリーティア""のことは
もう知っていたかしら？
人の味を知った凶悪なナイトメアよ",,ui\00_message\quest\q60203000.gmd,\quest\q60203000.arc,q60203000.arc,2
0,,"かつてはこのレスタニア中を飛び回り
子供ばかりを攫っては食べていたそうよ
騎士団に討伐されたと聞いていたのだけど
どこかに潜んで生き延びていたのね",,ui\00_message\quest\q60203000.gmd,\quest\q60203000.arc,q60203000.arc,3
0,,"一体いつ頃から活動を再開したのかは
わからないけど
先日、恐ろしい叫び声と共に
ジンゲンの方角から飛来したの",,ui\00_message\quest\q60203000.gmd,\quest\q60203000.arc,q60203000.arc,4
0,,"リンウッドには子供も多いから
きっと目を付けて近くで狙っているに違いないわ
子供が攫われる前に何とかしなきゃ――",,ui\00_message\quest\q60203000.gmd,\quest\q60203000.arc,q60203000.arc,5
0,,"""子攫いのメリーティア""は
《行商人の難所》に
巣食っているわ",,ui\00_message\quest\q60203000.gmd,\quest\q60203000.arc,q60203000.arc,6
0,,"ナイトメアの中でも
人の味を知った凶悪な個体よ
くれぐれも気を付けてね",,ui\00_message\quest\q60203000.gmd,\quest\q60203000.arc,q60203000.arc,7
0,,"""子攫いのメリーティア""を
討伐してきてくれたのね！
貴方のことだから、きっとあの魔物相手にも
上手くやってくれると信じていたわ！",,ui\00_message\quest\q60203000.gmd,\quest\q60203000.arc,q60203000.arc,8
0,,"これでメリーティアも
また住み処を変えるか
傷が癒えるまで大人しくしているでしょう",,ui\00_message\quest\q60203000.gmd,\quest\q60203000.arc,q60203000.arc,9
0,,"きっと村の親たちも安心すると思うわ
これは、私と親たちの気持ちだと思って
受け取ってちょうだい",,ui\00_message\quest\q60203000.gmd,\quest\q60203000.arc,q60203000.arc,10
0,,"よかった、引き受けてくれるのね！
それじゃあ、出発前に《ミスリウ古墳墓》で
何が起こったかを話しておくわね",,ui\00_message\quest\q60203001.gmd,\quest\q60203001.arc,q60203001.arc,0
0,,"先日、あの古墳墓に歴史家が立ち入ったのよ
もちろん、私の許可を得てのことだったんだけど――
中で調べ事をしている時に、魔物に襲われたらしいの",,ui\00_message\quest\q60203001.gmd,\quest\q60203001.arc,q60203001.arc,1
0,,"何とか命からがら逃げてきたみたいだけど
どうにも言っていることがはっきりしないのよ",,ui\00_message\quest\q60203001.gmd,\quest\q60203001.arc,q60203001.arc,2
0,,"――薄暗い古墳墓の中で突然飛びかかられて
その瞬間にランタンを落としてしまったから
どんな魔物だったかわからない――",,ui\00_message\quest\q60203001.gmd,\quest\q60203001.arc,q60203001.arc,3
0,,"――飛びかかられた瞬間に
両腕を振り回して抵抗したものの
魔物の毛一本掴むことができなかった――ですって",,ui\00_message\quest\q60203001.gmd,\quest\q60203001.arc,q60203001.arc,4
0,,"何かの魔物がいることは間違いないと思うんだけど
古墳墓の中に何が潜んでいるかはわからないから
くれぐれも注意してね",,ui\00_message\quest\q60203001.gmd,\quest\q60203001.arc,q60203001.arc,5
0,,"《ミスリウ古墳墓》調査の進みは
どうかしら？",,ui\00_message\quest\q60203001.gmd,\quest\q60203001.arc,q60203001.arc,6
0,,"急ぐわけじゃないけど気がかりなのよ
何かわかったら、すぐ教えてね",,ui\00_message\quest\q60203001.gmd,\quest\q60203001.arc,q60203001.arc,7
0,,"まぁ、早速調査に行ってきてくれたのね！
くわしく聞かせて！",,ui\00_message\quest\q60203001.gmd,\quest\q60203001.arc,q60203001.arc,8
0,,"――そうだったの――
あの古墳墓には強力な墓守が
ついているということね",,ui\00_message\quest\q60203001.gmd,\quest\q60203001.arc,q60203001.arc,9
0,,"一体どういう人があの古墳墓に
葬られているのかはわからないけれど
今後も軽々しく足を踏み入れない方が良さそうね",,ui\00_message\quest\q60203001.gmd,\quest\q60203001.arc,q60203001.arc,10
0,,"それにしても、シャドーキメラが
""得体の知れない魔物""の正体とはね！",,ui\00_message\quest\q60203001.gmd,\quest\q60203001.arc,q60203001.arc,11
0,,"確かに、薄暗いところでは姿が見えにくいし
その毛にも触れることはできないけれど――
未知の強大な魔物でも潜んでいるのかと
思っちゃったわ！",,ui\00_message\quest\q60203001.gmd,\quest\q60203001.arc,q60203001.arc,12
0,,"これはこれは、覚者さん！
《ボルド大坑道》の魔物退治の件
引き受けてくださるんですな！",,ui\00_message\quest\q60204000.gmd,\quest\q60204000.arc,q60204000.arc,0
0,,"いやぁ、助かります！
《ボルド大坑道》の再開発はこのエリアにとって
避けては通れない重大な課題でしてね",,ui\00_message\quest\q60204000.gmd,\quest\q60204000.arc,q60204000.arc,1
0,,"なんでも、骸骨騎士が坑内を歩いている――とか
光るドクロが坑道の奥からこっちを見てた――とか
おおかたスケルトンか何かだと思うんですけどねぇ",,ui\00_message\quest\q60204000.gmd,\quest\q60204000.arc,q60204000.arc,2
0,,"鉱員が集まらなくなる妙な噂は
早めにどうにかしてしまわないといけません",,ui\00_message\quest\q60204000.gmd,\quest\q60204000.arc,q60204000.arc,3
0,,"覚者さんがちゃんと退治してくださったと
言えるようになれば、また鉱員も集まるでしょう
ここは一つ、よろしくお願いしますよ！",,ui\00_message\quest\q60204000.gmd,\quest\q60204000.arc,q60204000.arc,4
0,,"そういえば、《ボルド大坑道》の妙な噂については
どうなりましたかな？",,ui\00_message\quest\q60204000.gmd,\quest\q60204000.arc,q60204000.arc,5
0,,"いえいえ、急いでいるわけではありませんが
あの噂は私も気になっているもので！",,ui\00_message\quest\q60204000.gmd,\quest\q60204000.arc,q60204000.arc,6
0,,"ほら、アレです
骸骨騎士が坑道をうろついているとかいう噂――",,ui\00_message\quest\q60204000.gmd,\quest\q60204000.arc,q60204000.arc,7
0,,"ほう、スカルロード！
そんなものがあの坑道内をさまよっていたのですか
残ってくれていた数少ない鉱員が襲われる前に
退治していただけて助かりました！",,ui\00_message\quest\q60204000.gmd,\quest\q60204000.arc,q60204000.arc,8
0,,"噂の正体はスカルロードで
覚者さんにきっちり退治していただいた――
そう説明できれば、いずれ噂も消えましょう",,ui\00_message\quest\q60204000.gmd,\quest\q60204000.arc,q60204000.arc,9
0,,"これでまた鉱員を集めて
ボルド大坑道の再開発を進めることができますな！
覚者さん、いつもありがとうございます！",,ui\00_message\quest\q60204000.gmd,\quest\q60204000.arc,q60204000.arc,10
0,,"《灼熱の封鎖道》なんですがね
私も様子を見に入ってみたところ
ダイヤどころかジオゴーレムが丸まっているのを
見つけてしまったんですよ",,ui\00_message\quest\q60204001.gmd,\quest\q60204001.arc,q60204001.arc,0
0,,"いやぁ、やっぱり人の手が入らないと
ああいうのが棲みついてしまうんですねぇ",,ui\00_message\quest\q60204001.gmd,\quest\q60204001.arc,q60204001.arc,1
0,,"特に、ジオゴーレムは炎の力を
動力にしているそうですから
地下の溶岩からの熱を受けられるあの場所は
居心地がいいんでしょうな――",,ui\00_message\quest\q60204001.gmd,\quest\q60204001.arc,q60204001.arc,2
0,,"しかし、あんな魔物が居座っているとなると
今後《灼熱の封鎖道》を
開発しようってことになった時に
差し障りがあるかも知れません",,ui\00_message\quest\q60204001.gmd,\quest\q60204001.arc,q60204001.arc,3
0,,"こりゃぁボルドの発展に
関わりかねない問題ですからね
早めに手を打っておきたいんです
よろしく頼みますよ、覚者さん！",,ui\00_message\quest\q60204001.gmd,\quest\q60204001.arc,q60204001.arc,4
0,,"《灼熱の封鎖道》に居座っている
ジオゴーレムの件、何か進展はありましたかな？",,ui\00_message\quest\q60204001.gmd,\quest\q60204001.arc,q60204001.arc,5
0,,"このボルドの将来のため
よろしく頼みますよ、覚者さん！",,ui\00_message\quest\q60204001.gmd,\quest\q60204001.arc,q60204001.arc,6
0,,"さすがは覚者さん！
もうあのジオゴーレムを
片付けてきてくださったんですか？！",,ui\00_message\quest\q60204001.gmd,\quest\q60204001.arc,q60204001.arc,7
0,,"ジオゴーレムを見つけた時は
焦ったものですが、覚者さんのおかげで
このボルドは安泰ですな！",,ui\00_message\quest\q60204001.gmd,\quest\q60204001.arc,q60204001.arc,8
0,,"あそこは地熱の加減もあって
ジオゴーレムには絶好の環境でしょうから
今後もまた見かけることがあれば
追い払っておいてもらえると助かります",,ui\00_message\quest\q60204001.gmd,\quest\q60204001.arc,q60204001.arc,9
0,,"おお、覚者様！
調査を引き受けてくださるのですね！",,ui\00_message\quest\q60205000.gmd,\quest\q60205000.arc,q60205000.arc,0
0,,"カタコンベの近くに
逃げ惑うような姿の石像が
たくさん立ち並んでいます――",,ui\00_message\quest\q60205000.gmd,\quest\q60205000.arc,q60205000.arc,1
0,,"石と化した村人たちは
もはや戻ることは叶わぬことでしょう――
しかし、原因となった魔物が徘徊し続ける限り
この村は滅亡の危機に瀕することになるのです",,ui\00_message\quest\q60205000.gmd,\quest\q60205000.arc,q60205000.arc,2
0,,"このままでは村人たちも
村の外を歩くことができません
あの辺りに危険な魔物が潜んでいないか
調査をお願いいたします――",,ui\00_message\quest\q60205000.gmd,\quest\q60205000.arc,q60205000.arc,3
0,,"カタコンベの近くに突如現れた石像――
あれは子供を探しに出た親たちのように
思えてなりません",,ui\00_message\quest\q60205000.gmd,\quest\q60205000.arc,q60205000.arc,4
0,,"どうか、あの辺りに危険な魔物が潜んでいないか
調査をお願いいたします",,ui\00_message\quest\q60205000.gmd,\quest\q60205000.arc,q60205000.arc,5
0,,"な、なんと！
カタコンベ近くにガーゴイルの群れが
巣食っていたのですか――",,ui\00_message\quest\q60205000.gmd,\quest\q60205000.arc,q60205000.arc,6
0,,"子供を探しに出たというのに
ガーゴイルに襲われてしまうとは――
親たちもさぞ無念であったことでしょう――",,ui\00_message\quest\q60205000.gmd,\quest\q60205000.arc,q60205000.arc,7
0,,"カタコンベの近くには近寄らないよう
村人たちにも周知いたします
調査にご協力くださってありがとうございました
ジンゲンの村人を代表してお礼を申し上げます",,ui\00_message\quest\q60205000.gmd,\quest\q60205000.arc,q60205000.arc,8
0,,"一つ気がかりなことがあるのですが――
あの辺りには子供らしき石像は
見当たりませんでしたが
子供たちもガーゴイルに襲われたのでしょうか――",,ui\00_message\quest\q60205000.gmd,\quest\q60205000.arc,q60205000.arc,9
0,,"此度もお引き受けくださるとは――
覚者様のお心遣いに感謝いたします",,ui\00_message\quest\q60205001.gmd,\quest\q60205001.arc,q60205001.arc,0
0,,"《見捨てられた井戸》から聞こえたという人の声――
もしかすると居なくなった子供たちや
その親の誰かが、井戸の中で生きているのではと
希望を捨てきれないのです",,ui\00_message\quest\q60205001.gmd,\quest\q60205001.arc,q60205001.arc,1
0,,"しかし、魔物の声である可能性も高いので
我々が調べに行くこともできず――",,ui\00_message\quest\q60205001.gmd,\quest\q60205001.arc,q60205001.arc,2
0,,"覚者様のような方にお頼りするしかないのです
井戸の奥に誰も居ないかを確認していただければ
我々も諦めがつくというもの
どうかよろしくお願いいたします",,ui\00_message\quest\q60205001.gmd,\quest\q60205001.arc,q60205001.arc,3
0,,"《見捨てられた井戸》は
その名の通り、何年も前に井戸としての機能を失い
存在を忘れられていた井戸でした",,ui\00_message\quest\q60205001.gmd,\quest\q60205001.arc,q60205001.arc,4
0,,"井戸の底がどのような状態になっているかは
わたくしにも想像がつきません
覚者様、お気をつけて――",,ui\00_message\quest\q60205001.gmd,\quest\q60205001.arc,q60205001.arc,5
0,,"何ということだ――
《見捨てられた井戸》の中に
メドゥーサがいたとは――",,ui\00_message\quest\q60205001.gmd,\quest\q60205001.arc,q60205001.arc,6
0,,"子供を探して井戸の中に入った親たちは
そこでメドゥーサの餌食となったのですね――
そして、命からがら井戸から逃げ出した者すら
ガーゴイルの群れに襲われた――",,ui\00_message\quest\q60205001.gmd,\quest\q60205001.arc,q60205001.arc,7
0,,"そのような事態が起こっているとは
予想だにしませんでした――
ときに、あの井戸の中に子供の姿はあったでしょうか？",,ui\00_message\quest\q60205001.gmd,\quest\q60205001.arc,q60205001.arc,8
0,,"――そうですか、井戸に
子供たちが居た形跡は無かったのですね
あの子たちは一体どこに行ってしまったのか――",,ui\00_message\quest\q60205001.gmd,\quest\q60205001.arc,q60205001.arc,9
0,,"ともあれ、覚者様
おかげ様でわたくし共も一旦は
気持ちの整理を付けることができました――",,ui\00_message\quest\q60205001.gmd,\quest\q60205001.arc,q60205001.arc,10
0,,"こちらはこのジンゲンの全ての村人からの
感謝の気持ちでございます
どうかお役立てください",,ui\00_message\quest\q60205001.gmd,\quest\q60205001.arc,q60205001.arc,11
0,,"イニアス湖の近辺に現れた人影を
打ち払ってくださるのですね",,ui\00_message\quest\q60206000.gmd,\quest\q60206000.arc,q60206000.arc,0
0,,"イヴァンがあの辺りに近寄れず
森の中を巡回していただけないとなると
魔物の襲来に備えることもできません",,ui\00_message\quest\q60206000.gmd,\quest\q60206000.arc,q60206000.arc,1
0,,"ここで森の奥に潜む魔物を食い止め
テルやリンウッドの人々を守るためにも
どうかよろしくお願いいたします――",,ui\00_message\quest\q60206000.gmd,\quest\q60206000.arc,q60206000.arc,2
0,,"覚者さま、イニアス湖近辺に
現れた人影について――
心の片隅にお留め置きください――",,ui\00_message\quest\q60206000.gmd,\quest\q60206000.arc,q60206000.arc,3
0,,"人が何かを強く思った時
思念体がその場にとどまり続けることがあると
耳にした覚えがございます",,ui\00_message\quest\q60206000.gmd,\quest\q60206000.arc,q60206000.arc,4
0,,"かの人影も恐らく
誰かが遺した思念体でありましょう
このような深き森にて、一体何を思われたのか――",,ui\00_message\quest\q60206000.gmd,\quest\q60206000.arc,q60206000.arc,5
0,,"思念体は一度散らされようと
時が経てば再び姿を成すことがあるそうです
覚者さま、もしその姿を見ることがあれば
その時はよろしくお願いいたします――",,ui\00_message\quest\q60206000.gmd,\quest\q60206000.arc,q60206000.arc,6
0,,"先日、突如としてこの祠の前に現れた
ミストドレイクはイヴァンによって退けられ
《霧幻のテラス》へと去りました",,ui\00_message\quest\q60206001.gmd,\quest\q60206001.arc,q60206001.arc,0
0,,"力が戻った時、ミストドレイクは
再びこの祠に襲来することでしょう
そうなれば、私には対抗する術がありません",,ui\00_message\quest\q60206001.gmd,\quest\q60206001.arc,q60206001.arc,1
0,,"覚者さま、今が好機なのです
どうかこの機に《霧幻のテラス》への
封じ込めにご協力ください",,ui\00_message\quest\q60206001.gmd,\quest\q60206001.arc,q60206001.arc,2
0,,"覚者さま、《霧幻のテラス》に
潜むミストドレイク――
力を取り戻してしまう前に
遺跡内に封じ込めていただけないでしょうか",,ui\00_message\quest\q60206001.gmd,\quest\q60206001.arc,q60206001.arc,3
0,,"覚者さま、《霧幻のテラス》への
ミストドレイク封じ込めにご協力くださり
感謝いたします",,ui\00_message\quest\q60206001.gmd,\quest\q60206001.arc,q60206001.arc,4
0,,"覚者さまのお力添えがなければ
とても成しえなかったことです
最大限のお礼を申し上げます",,ui\00_message\quest\q60206001.gmd,\quest\q60206001.arc,q60206001.arc,5
0,,"それにしても、あのミストドレイク――
祠へ降り立ったその時
何かを探し求めるような目をしていたのです――",,ui\00_message\quest\q60206001.gmd,\quest\q60206001.arc,q60206001.arc,6
0,,"――いえ、この祠に
思念体となった竜の求めるようなものなど
ありませんから、私の気のせいでしょうね",,ui\00_message\quest\q60206001.gmd,\quest\q60206001.arc,q60206001.arc,7
0,,"この祠にあるのは
かつてここを訪れた
人々の記憶くらいでしょうから――",,ui\00_message\quest\q60206001.gmd,\quest\q60206001.arc,q60206001.arc,8
0,,"引き受けてくれるのかい
じゃあ、問題のエントについて
詳しく説明するよ",,ui\00_message\quest\q60207000.gmd,\quest\q60207000.arc,q60207000.arc,0
0,,"《大樹の広場》の付近に現れたエントなんだけど
えらく攻撃的で、あの辺りに
近寄ることすらできないんだ",,ui\00_message\quest\q60207000.gmd,\quest\q60207000.arc,q60207000.arc,1
0,,"なぜ突然暴れ始めたのかは
わからないんだけど――
ここからもそう遠くないし
こちらに向かってくることがあると困るからね",,ui\00_message\quest\q60207000.gmd,\quest\q60207000.arc,q60207000.arc,2
0,,"エントが暴れているのは《大樹の広場》付近だよ
あの辺りは大木が多いから
エントと普通の木を見間違えないようにね",,ui\00_message\quest\q60207000.gmd,\quest\q60207000.arc,q60207000.arc,3
0,,"エントを倒してきてくれたのか！
これで安心して薬草を摘みにいくことができるよ",,ui\00_message\quest\q60207000.gmd,\quest\q60207000.arc,q60207000.arc,4
0,,"それにしても、あのエントは一体何に反応して
暴れていたんだろう",,ui\00_message\quest\q60207000.gmd,\quest\q60207000.arc,q60207000.arc,5
0,,"いや、今まで《大樹の広場》では
エントが暴れるなんてことは無かったから
奇妙に思ってさ",,ui\00_message\quest\q60207000.gmd,\quest\q60207000.arc,q60207000.arc,6
