335,ABILITY_INFO_299,"えぐり突きのダメージ量が増加する
<COL ffdc78>LV UP毎にダメージがより増加
LV5～6で気絶攻力が増加</COL>","Increases the damage of Gouge.
<COL ffdc78>LV UP: Further increases damage.
LV5～6: Increases stun power.</COL>",ui\00_message\skill\ability_info.gmd,\ui\uGUIPopSkillInfo.arc,uGUIPopSkillInfo.arc,335,
359,ABILITY_INFO_300,"強連撃のダメージ量が増加する
<COL ffdc78>LV UP毎にダメージがより増加
LV5～6で吹き飛ばし力が増加</COL>","Increases the damage of Dire Onslaught.
<COL ffdc78>LV UP: Further increases damage.
LV5～6: Increases blow power.</COL>",ui\00_message\skill\ability_info.gmd,\ui\uGUICharacter.arc,uGUICharacter.arc,359,
359,ABILITY_INFO_300,"強連撃のダメージ量が増加する
<COL ffdc78>LV UP毎にダメージがより増加
LV5～6で吹き飛ばし力が増加</COL>","Increases the damage of Dire Onslaught.
<COL ffdc78>LV UP: Further increases damage.
LV5～6: Increases blow power.</COL>",ui\00_message\skill\ability_info.gmd,\ui\uGUIDogmaOrb.arc,uGUIDogmaOrb.arc,359,
359,ABILITY_INFO_300,"強連撃のダメージ量が増加する
<COL ffdc78>LV UP毎にダメージがより増加
LV5～6で吹き飛ばし力が増加</COL>","Increases the damage of Dire Onslaught.
<COL ffdc78>LV UP: Further increases damage.
LV5～6: Increases blow power.</COL>",ui\00_message\skill\ability_info.gmd,\ui\uGUIJobMaster.arc,uGUIJobMaster.arc,359,
359,ABILITY_INFO_300,"強連撃のダメージ量が増加する
<COL ffdc78>LV UP毎にダメージがより増加
LV5～6で吹き飛ばし力が増加</COL>","Increases the damage of Dire Onslaught.
<COL ffdc78>LV UP: Further increases damage.
LV5～6: Increases blow power.</COL>",ui\00_message\skill\ability_info.gmd,\ui\uGUIJobOrbTree.arc,uGUIJobOrbTree.arc,359,
359,ABILITY_INFO_300,"強連撃のダメージ量が増加する
<COL ffdc78>LV UP毎にダメージがより増加
LV5～6で吹き飛ばし力が増加</COL>","Increases the damage of Dire Onslaught.
<COL ffdc78>LV UP: Further increases damage.
LV5～6: Increases blow power.</COL>",ui\00_message\skill\ability_info.gmd,\ui\uGUIPopDetail01.arc,uGUIPopDetail01.arc,359,
359,ABILITY_INFO_300,"強連撃のダメージ量が増加する
<COL ffdc78>LV UP毎にダメージがより増加
LV5～6で吹き飛ばし力が増加</COL>","Increases the damage of Dire Onslaught.
<COL ffdc78>LV UP: Further increases damage.
LV5～6: Increases blow power.</COL>",ui\00_message\skill\ability_info.gmd,\ui\uGUIPopSkillInfo.arc,uGUIPopSkillInfo.arc,359,
371,ABILITY_INFO_301,"盾の防御性能が向上し
より強い攻撃を防ぎやすくなる
<COL ffdc78>LV UP毎に盾ガード値がより増加</COL>","Increases the guard power of the shield
making it easier to withstand stronger attacks.
<COL ffdc78>LV UP: Further increases guard
power.</COL>",ui\00_message\skill\ability_info.gmd,\ui\uGUICharacter.arc,uGUICharacter.arc,371,
371,ABILITY_INFO_301,"盾の防御性能が向上し
より強い攻撃を防ぎやすくなる
<COL ffdc78>LV UP毎に盾ガード値がより増加</COL>","Increases the guard power of the shield
making it easier to withstand stronger attacks.
<COL ffdc78>LV UP: Further increases guard
power.</COL>",ui\00_message\skill\ability_info.gmd,\ui\uGUIDogmaOrb.arc,uGUIDogmaOrb.arc,371,
371,ABILITY_INFO_301,"盾の防御性能が向上し
より強い攻撃を防ぎやすくなる
<COL ffdc78>LV UP毎に盾ガード値がより増加</COL>","Increases the guard power of the shield
making it easier to withstand stronger attacks.
<COL ffdc78>LV UP: Further increases guard
power.</COL>",ui\00_message\skill\ability_info.gmd,\ui\uGUIJobMaster.arc,uGUIJobMaster.arc,371,
371,ABILITY_INFO_301,"盾の防御性能が向上し
より強い攻撃を防ぎやすくなる
<COL ffdc78>LV UP毎に盾ガード値がより増加</COL>","Increases the guard power of the shield
making it easier to withstand stronger attacks.
<COL ffdc78>LV UP: Further increases guard
power.</COL>",ui\00_message\skill\ability_info.gmd,\ui\uGUIJobOrbTree.arc,uGUIJobOrbTree.arc,371,
371,ABILITY_INFO_301,"盾の防御性能が向上し
より強い攻撃を防ぎやすくなる
<COL ffdc78>LV UP毎に盾ガード値がより増加</COL>","Increases the guard power of the shield
making it easier to withstand stronger attacks.
<COL ffdc78>LV UP: Further increases guard
power.</COL>",ui\00_message\skill\ability_info.gmd,\ui\uGUIPopDetail01.arc,uGUIPopDetail01.arc,371,
371,ABILITY_INFO_301,"盾の防御性能が向上し
より強い攻撃を防ぎやすくなる
<COL ffdc78>LV UP毎に盾ガード値がより増加</COL>","Increases the guard power of the shield
making it easier to withstand stronger attacks.
<COL ffdc78>LV UP: Further increases guard
power.</COL>",ui\00_message\skill\ability_info.gmd,\ui\uGUIPopSkillInfo.arc,uGUIPopSkillInfo.arc,371,
383,ABILITY_INFO_302,"連撃のダメージ量が増加する
<COL ffdc78>LV UP毎にダメージがより増加
LV5～6でチャンス攻力と疲労攻力が増加</COL>","Increases damage of Onslaught.
<COL ffdc78>LV UP: Further increases damage dealt.
LV5～6: Increases chance and exhaust attack.</COL>",ui\00_message\skill\ability_info.gmd,\ui\uGUICharacter.arc,uGUICharacter.arc,383,
383,ABILITY_INFO_302,"連撃のダメージ量が増加する
<COL ffdc78>LV UP毎にダメージがより増加
LV5～6でチャンス攻力と疲労攻力が増加</COL>","Increases damage of Onslaught.
<COL ffdc78>LV UP: Further increases damage dealt.
LV5～6: Increases chance and exhaust attack.</COL>",ui\00_message\skill\ability_info.gmd,\ui\uGUIDogmaOrb.arc,uGUIDogmaOrb.arc,383,
383,ABILITY_INFO_302,"連撃のダメージ量が増加する
<COL ffdc78>LV UP毎にダメージがより増加
LV5～6でチャンス攻力と疲労攻力が増加</COL>","Increases damage of Onslaught.
<COL ffdc78>LV UP: Further increases damage dealt.
LV5～6: Increases chance and exhaust attack.</COL>",ui\00_message\skill\ability_info.gmd,\ui\uGUIJobMaster.arc,uGUIJobMaster.arc,383,
383,ABILITY_INFO_302,"連撃のダメージ量が増加する
<COL ffdc78>LV UP毎にダメージがより増加
LV5～6でチャンス攻力と疲労攻力が増加</COL>","Increases damage of Onslaught.
<COL ffdc78>LV UP: Further increases damage dealt.
LV5～6: Increases chance and exhaust attack.</COL>",ui\00_message\skill\ability_info.gmd,\ui\uGUIJobOrbTree.arc,uGUIJobOrbTree.arc,383,
383,ABILITY_INFO_302,"連撃のダメージ量が増加する
<COL ffdc78>LV UP毎にダメージがより増加
LV5～6でチャンス攻力と疲労攻力が増加</COL>","Increases damage of Onslaught.
<COL ffdc78>LV UP: Further increases damage dealt.
LV5～6: Increases chance and exhaust attack.</COL>",ui\00_message\skill\ability_info.gmd,\ui\uGUIPopDetail01.arc,uGUIPopDetail01.arc,383,
383,ABILITY_INFO_302,"連撃のダメージ量が増加する
<COL ffdc78>LV UP毎にダメージがより増加
LV5～6でチャンス攻力と疲労攻力が増加</COL>","Increases damage of Onslaught.
<COL ffdc78>LV UP: Further increases damage dealt.
LV5～6: Increases chance and exhaust attack.</COL>",ui\00_message\skill\ability_info.gmd,\ui\uGUIPopSkillInfo.arc,uGUIPopSkillInfo.arc,383,
395,ABILITY_INFO_303,"斬り崩し/強斬り崩しのダメージ量が増加する
<COL ffdc78>LV UP毎にダメージがより増加
LV5～6で気絶攻力が増加</COL>","Increases damage of Guard Break/Strong Guard
Break.
<COL ffdc78>LV UP: Further increases damage dealt.
LV5～6: Increases stun power.</COL>",ui\00_message\skill\ability_info.gmd,\ui\uGUICharacter.arc,uGUICharacter.arc,395,
395,ABILITY_INFO_303,"斬り崩し/強斬り崩しのダメージ量が増加する
<COL ffdc78>LV UP毎にダメージがより増加
LV5～6で気絶攻力が増加</COL>","Increases damage of Guard Break/Strong Guard
Break.
<COL ffdc78>LV UP: Further increases damage dealt.
LV5～6: Increases stun power.</COL>",ui\00_message\skill\ability_info.gmd,\ui\uGUIDogmaOrb.arc,uGUIDogmaOrb.arc,395,
395,ABILITY_INFO_303,"斬り崩し/強斬り崩しのダメージ量が増加する
<COL ffdc78>LV UP毎にダメージがより増加
LV5～6で気絶攻力が増加</COL>","Increases damage of Guard Break/Strong Guard
Break.
<COL ffdc78>LV UP: Further increases damage dealt.
LV5～6: Increases stun power.</COL>",ui\00_message\skill\ability_info.gmd,\ui\uGUIJobMaster.arc,uGUIJobMaster.arc,395,
395,ABILITY_INFO_303,"斬り崩し/強斬り崩しのダメージ量が増加する
<COL ffdc78>LV UP毎にダメージがより増加
LV5～6で気絶攻力が増加</COL>","Increases damage of Guard Break/Strong Guard
Break.
<COL ffdc78>LV UP: Further increases damage dealt.
LV5～6: Increases stun power.</COL>",ui\00_message\skill\ability_info.gmd,\ui\uGUIJobOrbTree.arc,uGUIJobOrbTree.arc,395,
395,ABILITY_INFO_303,"斬り崩し/強斬り崩しのダメージ量が増加する
<COL ffdc78>LV UP毎にダメージがより増加
LV5～6で気絶攻力が増加</COL>","Increases damage of Guard Break/Strong Guard
Break.
<COL ffdc78>LV UP: Further increases damage dealt.
LV5～6: Increases stun power.</COL>",ui\00_message\skill\ability_info.gmd,\ui\uGUIPopDetail01.arc,uGUIPopDetail01.arc,395,
395,ABILITY_INFO_303,"斬り崩し/強斬り崩しのダメージ量が増加する
<COL ffdc78>LV UP毎にダメージがより増加
LV5～6で気絶攻力が増加</COL>","Increases damage of Guard Break/Strong Guard
Break.
<COL ffdc78>LV UP: Further increases damage dealt.
LV5～6: Increases stun power.</COL>",ui\00_message\skill\ability_info.gmd,\ui\uGUIPopSkillInfo.arc,uGUIPopSkillInfo.arc,395,
419,ABILITY_INFO_304,"溜め動作中に受けるダメージ量が軽減される
<COL ffdc78>LV UP毎にダメージがさらに軽減</COL>","Reduces damage taken while charging an attack.
<COL ffdc78>LV UP: Further decreases damage
received.</COL>",ui\00_message\skill\ability_info.gmd,\ui\uGUICharacter.arc,uGUICharacter.arc,419,
419,ABILITY_INFO_304,"溜め動作中に受けるダメージ量が軽減される
<COL ffdc78>LV UP毎にダメージがさらに軽減</COL>","Reduces damage taken while charging an attack.
<COL ffdc78>LV UP: Further decreases damage
received.</COL>",ui\00_message\skill\ability_info.gmd,\ui\uGUIDogmaOrb.arc,uGUIDogmaOrb.arc,419,
419,ABILITY_INFO_304,"溜め動作中に受けるダメージ量が軽減される
<COL ffdc78>LV UP毎にダメージがさらに軽減</COL>","Reduces damage taken while charging an attack.
<COL ffdc78>LV UP: Further decreases damage
received.</COL>",ui\00_message\skill\ability_info.gmd,\ui\uGUIJobMaster.arc,uGUIJobMaster.arc,419,
419,ABILITY_INFO_304,"溜め動作中に受けるダメージ量が軽減される
<COL ffdc78>LV UP毎にダメージがさらに軽減</COL>","Reduces damage taken while charging an attack.
<COL ffdc78>LV UP: Further decreases damage
received.</COL>",ui\00_message\skill\ability_info.gmd,\ui\uGUIJobOrbTree.arc,uGUIJobOrbTree.arc,419,
419,ABILITY_INFO_304,"溜め動作中に受けるダメージ量が軽減される
<COL ffdc78>LV UP毎にダメージがさらに軽減</COL>","Reduces damage taken while charging an attack.
<COL ffdc78>LV UP: Further decreases damage
received.</COL>",ui\00_message\skill\ability_info.gmd,\ui\uGUIPopDetail01.arc,uGUIPopDetail01.arc,419,
419,ABILITY_INFO_304,"溜め動作中に受けるダメージ量が軽減される
<COL ffdc78>LV UP毎にダメージがさらに軽減</COL>","Reduces damage taken while charging an attack.
<COL ffdc78>LV UP: Further decreases damage
received.</COL>",ui\00_message\skill\ability_info.gmd,\ui\uGUIPopSkillInfo.arc,uGUIPopSkillInfo.arc,419,
407,ABILITY_INFO_305,"えぐり突きのダメージ量が増加する
<COL ffdc78>LV UP毎にダメージがより増加
LV5～6でチャンス攻力と疲労攻力が増加</COL>","Increases the damage of Gouge.
<COL ffdc78>LV UP: Further increases damage dealt.
LV5～6: Increases chance and exhaust attack.",ui\00_message\skill\ability_info.gmd,\ui\uGUICharacter.arc,uGUICharacter.arc,407,
407,ABILITY_INFO_305,"えぐり突きのダメージ量が増加する
<COL ffdc78>LV UP毎にダメージがより増加
LV5～6でチャンス攻力と疲労攻力が増加</COL>","Increases the damage of Gouge.
<COL ffdc78>LV UP: Further increases damage dealt.
LV5～6: Increases chance and exhaust attack.",ui\00_message\skill\ability_info.gmd,\ui\uGUIDogmaOrb.arc,uGUIDogmaOrb.arc,407,
407,ABILITY_INFO_305,"えぐり突きのダメージ量が増加する
<COL ffdc78>LV UP毎にダメージがより増加
LV5～6でチャンス攻力と疲労攻力が増加</COL>","Increases the damage of Gouge.
<COL ffdc78>LV UP: Further increases damage dealt.
LV5～6: Increases chance and exhaust attack.",ui\00_message\skill\ability_info.gmd,\ui\uGUIJobMaster.arc,uGUIJobMaster.arc,407,
407,ABILITY_INFO_305,"えぐり突きのダメージ量が増加する
<COL ffdc78>LV UP毎にダメージがより増加
LV5～6でチャンス攻力と疲労攻力が増加</COL>","Increases the damage of Gouge.
<COL ffdc78>LV UP: Further increases damage dealt.
LV5～6: Increases chance and exhaust attack.",ui\00_message\skill\ability_info.gmd,\ui\uGUIJobOrbTree.arc,uGUIJobOrbTree.arc,407,
407,ABILITY_INFO_305,"えぐり突きのダメージ量が増加する
<COL ffdc78>LV UP毎にダメージがより増加
LV5～6でチャンス攻力と疲労攻力が増加</COL>","Increases the damage of Gouge.
<COL ffdc78>LV UP: Further increases damage dealt.
LV5～6: Increases chance and exhaust attack.",ui\00_message\skill\ability_info.gmd,\ui\uGUIPopDetail01.arc,uGUIPopDetail01.arc,407,
407,ABILITY_INFO_305,"えぐり突きのダメージ量が増加する
<COL ffdc78>LV UP毎にダメージがより増加
LV5～6でチャンス攻力と疲労攻力が増加</COL>","Increases the damage of Gouge.
<COL ffdc78>LV UP: Further increases damage dealt.
LV5～6: Increases chance and exhaust attack.",ui\00_message\skill\ability_info.gmd,\ui\uGUIPopSkillInfo.arc,uGUIPopSkillInfo.arc,407,
431,ABILITY_INFO_306,"強連撃のダメージ量が増加する
<COL ffdc78>LV UP毎にダメージがより増加
LV5～6でチャンス攻力と疲労攻力が増加</COL>","Increases the damage of Dire Onslaught.
<COL ffdc78>LV UP: Further increases damage dealt.
LV5～6: Increases chance and exhaust attack.</COL>",ui\00_message\skill\ability_info.gmd,\ui\uGUICharacter.arc,uGUICharacter.arc,431,
431,ABILITY_INFO_306,"強連撃のダメージ量が増加する
<COL ffdc78>LV UP毎にダメージがより増加
LV5～6でチャンス攻力と疲労攻力が増加</COL>","Increases the damage of Dire Onslaught.
<COL ffdc78>LV UP: Further increases damage dealt.
LV5～6: Increases chance and exhaust attack.</COL>",ui\00_message\skill\ability_info.gmd,\ui\uGUIDogmaOrb.arc,uGUIDogmaOrb.arc,431,
431,ABILITY_INFO_306,"強連撃のダメージ量が増加する
<COL ffdc78>LV UP毎にダメージがより増加
LV5～6でチャンス攻力と疲労攻力が増加</COL>","Increases the damage of Dire Onslaught.
<COL ffdc78>LV UP: Further increases damage dealt.
LV5～6: Increases chance and exhaust attack.</COL>",ui\00_message\skill\ability_info.gmd,\ui\uGUIJobMaster.arc,uGUIJobMaster.arc,431,
431,ABILITY_INFO_306,"強連撃のダメージ量が増加する
<COL ffdc78>LV UP毎にダメージがより増加
LV5～6でチャンス攻力と疲労攻力が増加</COL>","Increases the damage of Dire Onslaught.
<COL ffdc78>LV UP: Further increases damage dealt.
LV5～6: Increases chance and exhaust attack.</COL>",ui\00_message\skill\ability_info.gmd,\ui\uGUIJobOrbTree.arc,uGUIJobOrbTree.arc,431,
431,ABILITY_INFO_306,"強連撃のダメージ量が増加する
<COL ffdc78>LV UP毎にダメージがより増加
LV5～6でチャンス攻力と疲労攻力が増加</COL>","Increases the damage of Dire Onslaught.
<COL ffdc78>LV UP: Further increases damage dealt.
LV5～6: Increases chance and exhaust attack.</COL>",ui\00_message\skill\ability_info.gmd,\ui\uGUIPopDetail01.arc,uGUIPopDetail01.arc,431,
431,ABILITY_INFO_306,"強連撃のダメージ量が増加する
<COL ffdc78>LV UP毎にダメージがより増加
LV5～6でチャンス攻力と疲労攻力が増加</COL>","Increases the damage of Dire Onslaught.
<COL ffdc78>LV UP: Further increases damage dealt.
LV5～6: Increases chance and exhaust attack.</COL>",ui\00_message\skill\ability_info.gmd,\ui\uGUIPopSkillInfo.arc,uGUIPopSkillInfo.arc,431,
443,ABILITY_INFO_307,"えぐり突きのスタミナ消費量が軽減される
<COL ffdc78>LV UP毎にスタミナ消費がさらに減少</COL>","Reduces stamina cost of Gouge.
<COL ffdc78>LV UP: Further increases reduction
amount.</COL>",ui\00_message\skill\ability_info.gmd,\ui\uGUICharacter.arc,uGUICharacter.arc,443,
443,ABILITY_INFO_307,"えぐり突きのスタミナ消費量が軽減される
<COL ffdc78>LV UP毎にスタミナ消費がさらに減少</COL>","Reduces stamina cost of Gouge.
<COL ffdc78>LV UP: Further increases reduction
amount.</COL>",ui\00_message\skill\ability_info.gmd,\ui\uGUIDogmaOrb.arc,uGUIDogmaOrb.arc,443,
443,ABILITY_INFO_307,"えぐり突きのスタミナ消費量が軽減される
<COL ffdc78>LV UP毎にスタミナ消費がさらに減少</COL>","Reduces stamina cost of Gouge.
<COL ffdc78>LV UP: Further increases reduction
amount.</COL>",ui\00_message\skill\ability_info.gmd,\ui\uGUIJobMaster.arc,uGUIJobMaster.arc,443,
443,ABILITY_INFO_307,"えぐり突きのスタミナ消費量が軽減される
<COL ffdc78>LV UP毎にスタミナ消費がさらに減少</COL>","Reduces stamina cost of Gouge.
<COL ffdc78>LV UP: Further increases reduction
amount.</COL>",ui\00_message\skill\ability_info.gmd,\ui\uGUIJobOrbTree.arc,uGUIJobOrbTree.arc,443,
443,ABILITY_INFO_307,"えぐり突きのスタミナ消費量が軽減される
<COL ffdc78>LV UP毎にスタミナ消費がさらに減少</COL>","Reduces stamina cost of Gouge.
<COL ffdc78>LV UP: Further increases reduction
amount.</COL>",ui\00_message\skill\ability_info.gmd,\ui\uGUIPopDetail01.arc,uGUIPopDetail01.arc,443,
443,ABILITY_INFO_307,"えぐり突きのスタミナ消費量が軽減される
<COL ffdc78>LV UP毎にスタミナ消費がさらに減少</COL>","Reduces stamina cost of Gouge.
<COL ffdc78>LV UP: Further increases reduction
amount.</COL>",ui\00_message\skill\ability_info.gmd,\ui\uGUIPopSkillInfo.arc,uGUIPopSkillInfo.arc,443,
300,ABILITY_INFO_308,"弓射ちのダメージ量が増加する
<COL ffdc78>LV UP毎にダメージがより増加
LV5～6で吹き飛ばし力が増加</COL>","Increases the damage of your basic arrow attacks.
<COL ffdc78>LV UP: Further increases damage.
LV5～6: Increases stagger power.</COL>",ui\00_message\skill\ability_info.gmd,\ui\uGUICharacter.arc,uGUICharacter.arc,300,
300,ABILITY_INFO_308,"弓射ちのダメージ量が増加する
<COL ffdc78>LV UP毎にダメージがより増加
LV5～6で吹き飛ばし力が増加</COL>","Increases the damage of your basic arrow attacks.
<COL ffdc78>LV UP: Further increases damage.
LV5～6: Increases stagger power.</COL>",ui\00_message\skill\ability_info.gmd,\ui\uGUIDogmaOrb.arc,uGUIDogmaOrb.arc,300,
300,ABILITY_INFO_308,"弓射ちのダメージ量が増加する
<COL ffdc78>LV UP毎にダメージがより増加
LV5～6で吹き飛ばし力が増加</COL>","Increases the damage of your basic arrow attacks.
<COL ffdc78>LV UP: Further increases damage.
LV5～6: Increases stagger power.</COL>",ui\00_message\skill\ability_info.gmd,\ui\uGUIJobMaster.arc,uGUIJobMaster.arc,300,
300,ABILITY_INFO_308,"弓射ちのダメージ量が増加する
<COL ffdc78>LV UP毎にダメージがより増加
LV5～6で吹き飛ばし力が増加</COL>","Increases the damage of your basic arrow attacks.
<COL ffdc78>LV UP: Further increases damage.
LV5～6: Increases stagger power.</COL>",ui\00_message\skill\ability_info.gmd,\ui\uGUIJobOrbTree.arc,uGUIJobOrbTree.arc,300,
300,ABILITY_INFO_308,"弓射ちのダメージ量が増加する
<COL ffdc78>LV UP毎にダメージがより増加
LV5～6で吹き飛ばし力が増加</COL>","Increases the damage of your basic arrow attacks.
<COL ffdc78>LV UP: Further increases damage.
LV5～6: Increases stagger power.</COL>",ui\00_message\skill\ability_info.gmd,\ui\uGUIPopDetail01.arc,uGUIPopDetail01.arc,300,
300,ABILITY_INFO_308,"弓射ちのダメージ量が増加する
<COL ffdc78>LV UP毎にダメージがより増加
LV5～6で吹き飛ばし力が増加</COL>","Increases the damage of your basic arrow attacks.
<COL ffdc78>LV UP: Further increases damage.
LV5～6: Increases stagger power.</COL>",ui\00_message\skill\ability_info.gmd,\ui\uGUIPopSkillInfo.arc,uGUIPopSkillInfo.arc,300,
312,ABILITY_INFO_309,"仕込み爆矢射ちのダメージ量が増加する
<COL ffdc78>LV UP毎にダメージがより増加
LV5～6で状態異常蓄積値が増加</COL>","Increases the damage of Explosive Arrows.
<COL ffdc78>LV UP: Further increases damage.
LV5～6: Increases status effect rate.</COL>",ui\00_message\skill\ability_info.gmd,\ui\uGUICharacter.arc,uGUICharacter.arc,312,
312,ABILITY_INFO_309,"仕込み爆矢射ちのダメージ量が増加する
<COL ffdc78>LV UP毎にダメージがより増加
LV5～6で状態異常蓄積値が増加</COL>","Increases the damage of Explosive Arrows.
<COL ffdc78>LV UP: Further increases damage.
LV5～6: Increases status effect rate.</COL>",ui\00_message\skill\ability_info.gmd,\ui\uGUIDogmaOrb.arc,uGUIDogmaOrb.arc,312,
312,ABILITY_INFO_309,"仕込み爆矢射ちのダメージ量が増加する
<COL ffdc78>LV UP毎にダメージがより増加
LV5～6で状態異常蓄積値が増加</COL>","Increases the damage of Explosive Arrows.
<COL ffdc78>LV UP: Further increases damage.
LV5～6: Increases status effect rate.</COL>",ui\00_message\skill\ability_info.gmd,\ui\uGUIJobMaster.arc,uGUIJobMaster.arc,312,
312,ABILITY_INFO_309,"仕込み爆矢射ちのダメージ量が増加する
<COL ffdc78>LV UP毎にダメージがより増加
LV5～6で状態異常蓄積値が増加</COL>","Increases the damage of Explosive Arrows.
<COL ffdc78>LV UP: Further increases damage.
LV5～6: Increases status effect rate.</COL>",ui\00_message\skill\ability_info.gmd,\ui\uGUIJobOrbTree.arc,uGUIJobOrbTree.arc,312,
312,ABILITY_INFO_309,"仕込み爆矢射ちのダメージ量が増加する
<COL ffdc78>LV UP毎にダメージがより増加
LV5～6で状態異常蓄積値が増加</COL>","Increases the damage of Explosive Arrows.
<COL ffdc78>LV UP: Further increases damage.
LV5～6: Increases status effect rate.</COL>",ui\00_message\skill\ability_info.gmd,\ui\uGUIPopDetail01.arc,uGUIPopDetail01.arc,312,
312,ABILITY_INFO_309,"仕込み爆矢射ちのダメージ量が増加する
<COL ffdc78>LV UP毎にダメージがより増加
LV5～6で状態異常蓄積値が増加</COL>","Increases the damage of Explosive Arrows.
<COL ffdc78>LV UP: Further increases damage.
LV5～6: Increases status effect rate.</COL>",ui\00_message\skill\ability_info.gmd,\ui\uGUIPopSkillInfo.arc,uGUIPopSkillInfo.arc,312,
336,ABILITY_INFO_310,"弓構え中の物理防御力と魔法防御力が上昇する
<COL ffdc78>LV UP毎に物理/魔法防御力がより上昇</COL>","Increases physical and magic defense while aiming
your bow.
<COL ffdc78>LV UP: Further increases
defenses.</COL>",ui\00_message\skill\ability_info.gmd,\ui\uGUICharacter.arc,uGUICharacter.arc,336,
336,ABILITY_INFO_310,"弓構え中の物理防御力と魔法防御力が上昇する
<COL ffdc78>LV UP毎に物理/魔法防御力がより上昇</COL>","Increases physical and magic defense while aiming
your bow.
<COL ffdc78>LV UP: Further increases
defenses.</COL>",ui\00_message\skill\ability_info.gmd,\ui\uGUIDogmaOrb.arc,uGUIDogmaOrb.arc,336,
336,ABILITY_INFO_310,"弓構え中の物理防御力と魔法防御力が上昇する
<COL ffdc78>LV UP毎に物理/魔法防御力がより上昇</COL>","Increases physical and magic defense while aiming
your bow.
<COL ffdc78>LV UP: Further increases
defenses.</COL>",ui\00_message\skill\ability_info.gmd,\ui\uGUIJobMaster.arc,uGUIJobMaster.arc,336,
336,ABILITY_INFO_310,"弓構え中の物理防御力と魔法防御力が上昇する
<COL ffdc78>LV UP毎に物理/魔法防御力がより上昇</COL>","Increases physical and magic defense while aiming
your bow.
<COL ffdc78>LV UP: Further increases
defenses.</COL>",ui\00_message\skill\ability_info.gmd,\ui\uGUIJobOrbTree.arc,uGUIJobOrbTree.arc,336,
336,ABILITY_INFO_310,"弓構え中の物理防御力と魔法防御力が上昇する
<COL ffdc78>LV UP毎に物理/魔法防御力がより上昇</COL>","Increases physical and magic defense while aiming
your bow.
<COL ffdc78>LV UP: Further increases
defenses.</COL>",ui\00_message\skill\ability_info.gmd,\ui\uGUIPopDetail01.arc,uGUIPopDetail01.arc,336,
336,ABILITY_INFO_310,"弓構え中の物理防御力と魔法防御力が上昇する
<COL ffdc78>LV UP毎に物理/魔法防御力がより上昇</COL>","Increases physical and magic defense while aiming
your bow.
<COL ffdc78>LV UP: Further increases
defenses.</COL>",ui\00_message\skill\ability_info.gmd,\ui\uGUIPopSkillInfo.arc,uGUIPopSkillInfo.arc,336,
324,ABILITY_INFO_311,"矢じり斬りのダメージ量が増加する
<COL ffdc78>LV UP毎にダメージがより増加
LV5～6で状態異常蓄積値が増加</COL>","Increases the damage of Arrowhead Strike.
<COL ffdc78>LV UP: Further increases damage.
LV5～6: Increases status effect rate.</COL>",ui\00_message\skill\ability_info.gmd,\ui\uGUICharacter.arc,uGUICharacter.arc,324,
324,ABILITY_INFO_311,"矢じり斬りのダメージ量が増加する
<COL ffdc78>LV UP毎にダメージがより増加
LV5～6で状態異常蓄積値が増加</COL>","Increases the damage of Arrowhead Strike.
<COL ffdc78>LV UP: Further increases damage.
LV5～6: Increases status effect rate.</COL>",ui\00_message\skill\ability_info.gmd,\ui\uGUIDogmaOrb.arc,uGUIDogmaOrb.arc,324,
324,ABILITY_INFO_311,"矢じり斬りのダメージ量が増加する
<COL ffdc78>LV UP毎にダメージがより増加
LV5～6で状態異常蓄積値が増加</COL>","Increases the damage of Arrowhead Strike.
<COL ffdc78>LV UP: Further increases damage.
LV5～6: Increases status effect rate.</COL>",ui\00_message\skill\ability_info.gmd,\ui\uGUIJobMaster.arc,uGUIJobMaster.arc,324,
324,ABILITY_INFO_311,"矢じり斬りのダメージ量が増加する
<COL ffdc78>LV UP毎にダメージがより増加
LV5～6で状態異常蓄積値が増加</COL>","Increases the damage of Arrowhead Strike.
<COL ffdc78>LV UP: Further increases damage.
LV5～6: Increases status effect rate.</COL>",ui\00_message\skill\ability_info.gmd,\ui\uGUIJobOrbTree.arc,uGUIJobOrbTree.arc,324,
324,ABILITY_INFO_311,"矢じり斬りのダメージ量が増加する
<COL ffdc78>LV UP毎にダメージがより増加
LV5～6で状態異常蓄積値が増加</COL>","Increases the damage of Arrowhead Strike.
<COL ffdc78>LV UP: Further increases damage.
LV5～6: Increases status effect rate.</COL>",ui\00_message\skill\ability_info.gmd,\ui\uGUIPopDetail01.arc,uGUIPopDetail01.arc,324,
324,ABILITY_INFO_311,"矢じり斬りのダメージ量が増加する
<COL ffdc78>LV UP毎にダメージがより増加
LV5～6で状態異常蓄積値が増加</COL>","Increases the damage of Arrowhead Strike.
<COL ffdc78>LV UP: Further increases damage.
LV5～6: Increases status effect rate.</COL>",ui\00_message\skill\ability_info.gmd,\ui\uGUIPopSkillInfo.arc,uGUIPopSkillInfo.arc,324,
348,ABILITY_INFO_312,"しじま射ちのダメージ量が増加する
<COL ffdc78>LV UP毎にダメージがより増加
LV5～6で吹き飛ばし力が増加</COL>","Increases damage of Keensight shots.
<COL ffdc78>LV UP: Further increases damage.
LV5～6: Increases blow power.</COL>",ui\00_message\skill\ability_info.gmd,\ui\uGUICharacter.arc,uGUICharacter.arc,348,
348,ABILITY_INFO_312,"しじま射ちのダメージ量が増加する
<COL ffdc78>LV UP毎にダメージがより増加
LV5～6で吹き飛ばし力が増加</COL>","Increases damage of Keensight shots.
<COL ffdc78>LV UP: Further increases damage.
LV5～6: Increases blow power.</COL>",ui\00_message\skill\ability_info.gmd,\ui\uGUIDogmaOrb.arc,uGUIDogmaOrb.arc,348,
348,ABILITY_INFO_312,"しじま射ちのダメージ量が増加する
<COL ffdc78>LV UP毎にダメージがより増加
LV5～6で吹き飛ばし力が増加</COL>","Increases damage of Keensight shots.
<COL ffdc78>LV UP: Further increases damage.
LV5～6: Increases blow power.</COL>",ui\00_message\skill\ability_info.gmd,\ui\uGUIJobMaster.arc,uGUIJobMaster.arc,348,
348,ABILITY_INFO_312,"しじま射ちのダメージ量が増加する
<COL ffdc78>LV UP毎にダメージがより増加
LV5～6で吹き飛ばし力が増加</COL>","Increases damage of Keensight shots.
<COL ffdc78>LV UP: Further increases damage.
LV5～6: Increases blow power.</COL>",ui\00_message\skill\ability_info.gmd,\ui\uGUIJobOrbTree.arc,uGUIJobOrbTree.arc,348,
348,ABILITY_INFO_312,"しじま射ちのダメージ量が増加する
<COL ffdc78>LV UP毎にダメージがより増加
LV5～6で吹き飛ばし力が増加</COL>","Increases damage of Keensight shots.
<COL ffdc78>LV UP: Further increases damage.
LV5～6: Increases blow power.</COL>",ui\00_message\skill\ability_info.gmd,\ui\uGUIPopDetail01.arc,uGUIPopDetail01.arc,348,
348,ABILITY_INFO_312,"しじま射ちのダメージ量が増加する
<COL ffdc78>LV UP毎にダメージがより増加
LV5～6で吹き飛ばし力が増加</COL>","Increases damage of Keensight shots.
<COL ffdc78>LV UP: Further increases damage.
LV5～6: Increases blow power.</COL>",ui\00_message\skill\ability_info.gmd,\ui\uGUIPopSkillInfo.arc,uGUIPopSkillInfo.arc,348,
360,ABILITY_INFO_313,"パーティーメンバーを助け起こすと
自身が受ける物理攻撃ダメージが一定時間軽減される
<COL ffdc78>LV UP毎に効果持続時間がより延長</COL>","When you revive a party member they will
have increased Physical Defense for a period of
time.
<COL ffdc78>LV UP: Increases effect duration
further.</COL>",ui\00_message\skill\ability_info.gmd,\ui\uGUICharacter.arc,uGUICharacter.arc,360,
360,ABILITY_INFO_313,"パーティーメンバーを助け起こすと
自身が受ける物理攻撃ダメージが一定時間軽減される
<COL ffdc78>LV UP毎に効果持続時間がより延長</COL>","When you revive a party member they will
have increased Physical Defense for a period of
time.
<COL ffdc78>LV UP: Increases effect duration
further.</COL>",ui\00_message\skill\ability_info.gmd,\ui\uGUIDogmaOrb.arc,uGUIDogmaOrb.arc,360,
360,ABILITY_INFO_313,"パーティーメンバーを助け起こすと
自身が受ける物理攻撃ダメージが一定時間軽減される
<COL ffdc78>LV UP毎に効果持続時間がより延長</COL>","When you revive a party member they will
have increased Physical Defense for a period of
time.
<COL ffdc78>LV UP: Increases effect duration
further.</COL>",ui\00_message\skill\ability_info.gmd,\ui\uGUIJobMaster.arc,uGUIJobMaster.arc,360,
360,ABILITY_INFO_313,"パーティーメンバーを助け起こすと
自身が受ける物理攻撃ダメージが一定時間軽減される
<COL ffdc78>LV UP毎に効果持続時間がより延長</COL>","When you revive a party member they will
have increased Physical Defense for a period of
time.
<COL ffdc78>LV UP: Increases effect duration
further.</COL>",ui\00_message\skill\ability_info.gmd,\ui\uGUIJobOrbTree.arc,uGUIJobOrbTree.arc,360,
360,ABILITY_INFO_313,"パーティーメンバーを助け起こすと
自身が受ける物理攻撃ダメージが一定時間軽減される
<COL ffdc78>LV UP毎に効果持続時間がより延長</COL>","When you revive a party member they will
have increased Physical Defense for a period of
time.
<COL ffdc78>LV UP: Increases effect duration
further.</COL>",ui\00_message\skill\ability_info.gmd,\ui\uGUIPopDetail01.arc,uGUIPopDetail01.arc,360,
360,ABILITY_INFO_313,"パーティーメンバーを助け起こすと
自身が受ける物理攻撃ダメージが一定時間軽減される
<COL ffdc78>LV UP毎に効果持続時間がより延長</COL>","When you revive a party member they will
have increased Physical Defense for a period of
time.
<COL ffdc78>LV UP: Increases effect duration
further.</COL>",ui\00_message\skill\ability_info.gmd,\ui\uGUIPopSkillInfo.arc,uGUIPopSkillInfo.arc,360,
372,ABILITY_INFO_314,"弓射ちのダメージ量が増加する
<COL ffdc78>LV UP毎にダメージがより増加
LV5～6でチャンス攻力と疲労攻力が増加</COL>","Increases the damage of basic arrow attacks.
<COL ffdc78>LV UP: Further increases damage.
LV5～6: Increases chance and exhaust attack.</COL>",ui\00_message\skill\ability_info.gmd,\ui\uGUICharacter.arc,uGUICharacter.arc,372,
372,ABILITY_INFO_314,"弓射ちのダメージ量が増加する
<COL ffdc78>LV UP毎にダメージがより増加
LV5～6でチャンス攻力と疲労攻力が増加</COL>","Increases the damage of basic arrow attacks.
<COL ffdc78>LV UP: Further increases damage.
LV5～6: Increases chance and exhaust attack.</COL>",ui\00_message\skill\ability_info.gmd,\ui\uGUIDogmaOrb.arc,uGUIDogmaOrb.arc,372,
372,ABILITY_INFO_314,"弓射ちのダメージ量が増加する
<COL ffdc78>LV UP毎にダメージがより増加
LV5～6でチャンス攻力と疲労攻力が増加</COL>","Increases the damage of basic arrow attacks.
<COL ffdc78>LV UP: Further increases damage.
LV5～6: Increases chance and exhaust attack.</COL>",ui\00_message\skill\ability_info.gmd,\ui\uGUIJobMaster.arc,uGUIJobMaster.arc,372,
372,ABILITY_INFO_314,"弓射ちのダメージ量が増加する
<COL ffdc78>LV UP毎にダメージがより増加
LV5～6でチャンス攻力と疲労攻力が増加</COL>","Increases the damage of basic arrow attacks.
<COL ffdc78>LV UP: Further increases damage.
LV5～6: Increases chance and exhaust attack.</COL>",ui\00_message\skill\ability_info.gmd,\ui\uGUIJobOrbTree.arc,uGUIJobOrbTree.arc,372,
372,ABILITY_INFO_314,"弓射ちのダメージ量が増加する
<COL ffdc78>LV UP毎にダメージがより増加
LV5～6でチャンス攻力と疲労攻力が増加</COL>","Increases the damage of basic arrow attacks.
<COL ffdc78>LV UP: Further increases damage.
LV5～6: Increases chance and exhaust attack.</COL>",ui\00_message\skill\ability_info.gmd,\ui\uGUIPopDetail01.arc,uGUIPopDetail01.arc,372,
372,ABILITY_INFO_314,"弓射ちのダメージ量が増加する
<COL ffdc78>LV UP毎にダメージがより増加
LV5～6でチャンス攻力と疲労攻力が増加</COL>","Increases the damage of basic arrow attacks.
<COL ffdc78>LV UP: Further increases damage.
LV5～6: Increases chance and exhaust attack.</COL>",ui\00_message\skill\ability_info.gmd,\ui\uGUIPopSkillInfo.arc,uGUIPopSkillInfo.arc,372,
384,ABILITY_INFO_315,"仕込み爆矢射ちのダメージ量が増加する
<COL ffdc78>LV UP毎にダメージがより増加
LV5～6でチャンス攻力と疲労攻力が増加</COL>","Increases damage of Exploding Arrows.
<COL ffdc78>LV UP: Further increases damage dealt.
LV5～6: Increases chance and exhaust attack.</COL>",ui\00_message\skill\ability_info.gmd,\ui\uGUICharacter.arc,uGUICharacter.arc,384,
384,ABILITY_INFO_315,"仕込み爆矢射ちのダメージ量が増加する
<COL ffdc78>LV UP毎にダメージがより増加
LV5～6でチャンス攻力と疲労攻力が増加</COL>","Increases damage of Exploding Arrows.
<COL ffdc78>LV UP: Further increases damage dealt.
LV5～6: Increases chance and exhaust attack.</COL>",ui\00_message\skill\ability_info.gmd,\ui\uGUIDogmaOrb.arc,uGUIDogmaOrb.arc,384,
384,ABILITY_INFO_315,"仕込み爆矢射ちのダメージ量が増加する
<COL ffdc78>LV UP毎にダメージがより増加
LV5～6でチャンス攻力と疲労攻力が増加</COL>","Increases damage of Exploding Arrows.
<COL ffdc78>LV UP: Further increases damage dealt.
LV5～6: Increases chance and exhaust attack.</COL>",ui\00_message\skill\ability_info.gmd,\ui\uGUIJobMaster.arc,uGUIJobMaster.arc,384,
384,ABILITY_INFO_315,"仕込み爆矢射ちのダメージ量が増加する
<COL ffdc78>LV UP毎にダメージがより増加
LV5～6でチャンス攻力と疲労攻力が増加</COL>","Increases damage of Exploding Arrows.
<COL ffdc78>LV UP: Further increases damage dealt.
LV5～6: Increases chance and exhaust attack.</COL>",ui\00_message\skill\ability_info.gmd,\ui\uGUIJobOrbTree.arc,uGUIJobOrbTree.arc,384,
384,ABILITY_INFO_315,"仕込み爆矢射ちのダメージ量が増加する
<COL ffdc78>LV UP毎にダメージがより増加
LV5～6でチャンス攻力と疲労攻力が増加</COL>","Increases damage of Exploding Arrows.
<COL ffdc78>LV UP: Further increases damage dealt.
LV5～6: Increases chance and exhaust attack.</COL>",ui\00_message\skill\ability_info.gmd,\ui\uGUIPopDetail01.arc,uGUIPopDetail01.arc,384,
384,ABILITY_INFO_315,"仕込み爆矢射ちのダメージ量が増加する
<COL ffdc78>LV UP毎にダメージがより増加
LV5～6でチャンス攻力と疲労攻力が増加</COL>","Increases damage of Exploding Arrows.
<COL ffdc78>LV UP: Further increases damage dealt.
LV5～6: Increases chance and exhaust attack.</COL>",ui\00_message\skill\ability_info.gmd,\ui\uGUIPopSkillInfo.arc,uGUIPopSkillInfo.arc,384,
408,ABILITY_INFO_316,"最大スタミナが増加する
<COL ffdc78>LV UP毎に最大スタミナがより増加</COL>","Increases your maximum stamina.
<COL ffdc78>LV UP: Further increases maximum
stamina.</COL>",ui\00_message\skill\ability_info.gmd,\ui\uGUICharacter.arc,uGUICharacter.arc,408,
408,ABILITY_INFO_316,"最大スタミナが増加する
<COL ffdc78>LV UP毎に最大スタミナがより増加</COL>","Increases your maximum stamina.
<COL ffdc78>LV UP: Further increases maximum
stamina.</COL>",ui\00_message\skill\ability_info.gmd,\ui\uGUIDogmaOrb.arc,uGUIDogmaOrb.arc,408,
408,ABILITY_INFO_316,"最大スタミナが増加する
<COL ffdc78>LV UP毎に最大スタミナがより増加</COL>","Increases your maximum stamina.
<COL ffdc78>LV UP: Further increases maximum
stamina.</COL>",ui\00_message\skill\ability_info.gmd,\ui\uGUIJobMaster.arc,uGUIJobMaster.arc,408,
408,ABILITY_INFO_316,"最大スタミナが増加する
<COL ffdc78>LV UP毎に最大スタミナがより増加</COL>","Increases your maximum stamina.
<COL ffdc78>LV UP: Further increases maximum
stamina.</COL>",ui\00_message\skill\ability_info.gmd,\ui\uGUIJobOrbTree.arc,uGUIJobOrbTree.arc,408,
408,ABILITY_INFO_316,"最大スタミナが増加する
<COL ffdc78>LV UP毎に最大スタミナがより増加</COL>","Increases your maximum stamina.
<COL ffdc78>LV UP: Further increases maximum
stamina.</COL>",ui\00_message\skill\ability_info.gmd,\ui\uGUIPopDetail01.arc,uGUIPopDetail01.arc,408,
408,ABILITY_INFO_316,"最大スタミナが増加する
<COL ffdc78>LV UP毎に最大スタミナがより増加</COL>","Increases your maximum stamina.
<COL ffdc78>LV UP: Further increases maximum
stamina.</COL>",ui\00_message\skill\ability_info.gmd,\ui\uGUIPopSkillInfo.arc,uGUIPopSkillInfo.arc,408,
396,ABILITY_INFO_317,"矢じり斬りのダメージ量が増加する
<COL ffdc78>LV UP毎にダメージがより増加
LV5～6でチャンス攻力と疲労攻力が増加</COL>","Increases the damage of Arrowhead Strike.
<COL ffdc78>LV UP: Further increases damage dealt.
LV5～6: Increases chance and exhaust attack.</COL>",ui\00_message\skill\ability_info.gmd,\ui\uGUICharacter.arc,uGUICharacter.arc,396,
396,ABILITY_INFO_317,"矢じり斬りのダメージ量が増加する
<COL ffdc78>LV UP毎にダメージがより増加
LV5～6でチャンス攻力と疲労攻力が増加</COL>","Increases the damage of Arrowhead Strike.
<COL ffdc78>LV UP: Further increases damage dealt.
LV5～6: Increases chance and exhaust attack.</COL>",ui\00_message\skill\ability_info.gmd,\ui\uGUIDogmaOrb.arc,uGUIDogmaOrb.arc,396,
396,ABILITY_INFO_317,"矢じり斬りのダメージ量が増加する
<COL ffdc78>LV UP毎にダメージがより増加
LV5～6でチャンス攻力と疲労攻力が増加</COL>","Increases the damage of Arrowhead Strike.
<COL ffdc78>LV UP: Further increases damage dealt.
LV5～6: Increases chance and exhaust attack.</COL>",ui\00_message\skill\ability_info.gmd,\ui\uGUIJobMaster.arc,uGUIJobMaster.arc,396,
396,ABILITY_INFO_317,"矢じり斬りのダメージ量が増加する
<COL ffdc78>LV UP毎にダメージがより増加
LV5～6でチャンス攻力と疲労攻力が増加</COL>","Increases the damage of Arrowhead Strike.
<COL ffdc78>LV UP: Further increases damage dealt.
LV5～6: Increases chance and exhaust attack.</COL>",ui\00_message\skill\ability_info.gmd,\ui\uGUIJobOrbTree.arc,uGUIJobOrbTree.arc,396,
396,ABILITY_INFO_317,"矢じり斬りのダメージ量が増加する
<COL ffdc78>LV UP毎にダメージがより増加
LV5～6でチャンス攻力と疲労攻力が増加</COL>","Increases the damage of Arrowhead Strike.
<COL ffdc78>LV UP: Further increases damage dealt.
LV5～6: Increases chance and exhaust attack.</COL>",ui\00_message\skill\ability_info.gmd,\ui\uGUIPopDetail01.arc,uGUIPopDetail01.arc,396,
396,ABILITY_INFO_317,"矢じり斬りのダメージ量が増加する
<COL ffdc78>LV UP毎にダメージがより増加
LV5～6でチャンス攻力と疲労攻力が増加</COL>","Increases the damage of Arrowhead Strike.
<COL ffdc78>LV UP: Further increases damage dealt.
LV5～6: Increases chance and exhaust attack.</COL>",ui\00_message\skill\ability_info.gmd,\ui\uGUIPopSkillInfo.arc,uGUIPopSkillInfo.arc,396,
420,ABILITY_INFO_318,"しじま射ちのダメージ量が増加する
<COL ffdc78>LV UP毎にダメージがより増加
LV5～6でチャンス攻力と疲労攻力が増加</COL>","Increases damage of Keensight shots.
<COL ffdc78>LV UP: Further increases damage dealt.
LV5～6: Increases chance and exhaust attack.</COL>",ui\00_message\skill\ability_info.gmd,\ui\uGUICharacter.arc,uGUICharacter.arc,420,
420,ABILITY_INFO_318,"しじま射ちのダメージ量が増加する
<COL ffdc78>LV UP毎にダメージがより増加
LV5～6でチャンス攻力と疲労攻力が増加</COL>","Increases damage of Keensight shots.
<COL ffdc78>LV UP: Further increases damage dealt.
LV5～6: Increases chance and exhaust attack.</COL>",ui\00_message\skill\ability_info.gmd,\ui\uGUIDogmaOrb.arc,uGUIDogmaOrb.arc,420,
420,ABILITY_INFO_318,"しじま射ちのダメージ量が増加する
<COL ffdc78>LV UP毎にダメージがより増加
LV5～6でチャンス攻力と疲労攻力が増加</COL>","Increases damage of Keensight shots.
<COL ffdc78>LV UP: Further increases damage dealt.
LV5～6: Increases chance and exhaust attack.</COL>",ui\00_message\skill\ability_info.gmd,\ui\uGUIJobMaster.arc,uGUIJobMaster.arc,420,
420,ABILITY_INFO_318,"しじま射ちのダメージ量が増加する
<COL ffdc78>LV UP毎にダメージがより増加
LV5～6でチャンス攻力と疲労攻力が増加</COL>","Increases damage of Keensight shots.
<COL ffdc78>LV UP: Further increases damage dealt.
LV5～6: Increases chance and exhaust attack.</COL>",ui\00_message\skill\ability_info.gmd,\ui\uGUIJobOrbTree.arc,uGUIJobOrbTree.arc,420,
420,ABILITY_INFO_318,"しじま射ちのダメージ量が増加する
<COL ffdc78>LV UP毎にダメージがより増加
LV5～6でチャンス攻力と疲労攻力が増加</COL>","Increases damage of Keensight shots.
<COL ffdc78>LV UP: Further increases damage dealt.
LV5～6: Increases chance and exhaust attack.</COL>",ui\00_message\skill\ability_info.gmd,\ui\uGUIPopDetail01.arc,uGUIPopDetail01.arc,420,
420,ABILITY_INFO_318,"しじま射ちのダメージ量が増加する
<COL ffdc78>LV UP毎にダメージがより増加
LV5～6でチャンス攻力と疲労攻力が増加</COL>","Increases damage of Keensight shots.
<COL ffdc78>LV UP: Further increases damage dealt.
LV5～6: Increases chance and exhaust attack.</COL>",ui\00_message\skill\ability_info.gmd,\ui\uGUIPopSkillInfo.arc,uGUIPopSkillInfo.arc,420,
432,ABILITY_INFO_319,"達人装填成功時に増加する弓射ちの矢の威力が増加する
<COL ffdc78>LV UP毎にダメージがより増加</COL>","Increases the damage of the triple shot arrow
gained
upon a perfect reload.
<COL ffdc78>LV UP: Further increases damage
dealt.</COL>",ui\00_message\skill\ability_info.gmd,\ui\uGUICharacter.arc,uGUICharacter.arc,432,
432,ABILITY_INFO_319,"達人装填成功時に増加する弓射ちの矢の威力が増加する
<COL ffdc78>LV UP毎にダメージがより増加</COL>","Increases the damage of the triple shot arrow
gained
upon a perfect reload.
<COL ffdc78>LV UP: Further increases damage
dealt.</COL>",ui\00_message\skill\ability_info.gmd,\ui\uGUIDogmaOrb.arc,uGUIDogmaOrb.arc,432,
432,ABILITY_INFO_319,"達人装填成功時に増加する弓射ちの矢の威力が増加する
<COL ffdc78>LV UP毎にダメージがより増加</COL>","Increases the damage of the triple shot arrow
gained
upon a perfect reload.
<COL ffdc78>LV UP: Further increases damage
dealt.</COL>",ui\00_message\skill\ability_info.gmd,\ui\uGUIJobMaster.arc,uGUIJobMaster.arc,432,
432,ABILITY_INFO_319,"達人装填成功時に増加する弓射ちの矢の威力が増加する
<COL ffdc78>LV UP毎にダメージがより増加</COL>","Increases the damage of the triple shot arrow
gained
upon a perfect reload.
<COL ffdc78>LV UP: Further increases damage
dealt.</COL>",ui\00_message\skill\ability_info.gmd,\ui\uGUIJobOrbTree.arc,uGUIJobOrbTree.arc,432,
432,ABILITY_INFO_319,"達人装填成功時に増加する弓射ちの矢の威力が増加する
<COL ffdc78>LV UP毎にダメージがより増加</COL>","Increases the damage of the triple shot arrow
gained
upon a perfect reload.
<COL ffdc78>LV UP: Further increases damage
dealt.</COL>",ui\00_message\skill\ability_info.gmd,\ui\uGUIPopDetail01.arc,uGUIPopDetail01.arc,432,
432,ABILITY_INFO_319,"達人装填成功時に増加する弓射ちの矢の威力が増加する
<COL ffdc78>LV UP毎にダメージがより増加</COL>","Increases the damage of the triple shot arrow
gained
upon a perfect reload.
<COL ffdc78>LV UP: Further increases damage
dealt.</COL>",ui\00_message\skill\ability_info.gmd,\ui\uGUIPopSkillInfo.arc,uGUIPopSkillInfo.arc,432,
301,ABILITY_INFO_320,"ヒールオーラ/ヒールオーラエクス/
ライドヒールオーラの回復量が増加する
<COL ffdc78>LV UP毎に回復量がより増加
LV5～6で詠唱速度が上昇</COL>","Increases the healing done by Heal Aura,
Greater Heal Aura, and Ride Heal Aura.
<COL ffdc78>LV UP: Further increases resistance.
LV5～6: Increases cast speed.</COL>",ui\00_message\skill\ability_info.gmd,\ui\uGUICharacter.arc,uGUICharacter.arc,301,
301,ABILITY_INFO_320,"ヒールオーラ/ヒールオーラエクス/
ライドヒールオーラの回復量が増加する
<COL ffdc78>LV UP毎に回復量がより増加
LV5～6で詠唱速度が上昇</COL>","Increases the healing done by Heal Aura,
Greater Heal Aura, and Ride Heal Aura.
<COL ffdc78>LV UP: Further increases resistance.
LV5～6: Increases cast speed.</COL>",ui\00_message\skill\ability_info.gmd,\ui\uGUIDogmaOrb.arc,uGUIDogmaOrb.arc,301,
301,ABILITY_INFO_320,"ヒールオーラ/ヒールオーラエクス/
ライドヒールオーラの回復量が増加する
<COL ffdc78>LV UP毎に回復量がより増加
LV5～6で詠唱速度が上昇</COL>","Increases the healing done by Heal Aura,
Greater Heal Aura, and Ride Heal Aura.
<COL ffdc78>LV UP: Further increases resistance.
LV5～6: Increases cast speed.</COL>",ui\00_message\skill\ability_info.gmd,\ui\uGUIJobMaster.arc,uGUIJobMaster.arc,301,
301,ABILITY_INFO_320,"ヒールオーラ/ヒールオーラエクス/
ライドヒールオーラの回復量が増加する
<COL ffdc78>LV UP毎に回復量がより増加
LV5～6で詠唱速度が上昇</COL>","Increases the healing done by Heal Aura,
Greater Heal Aura, and Ride Heal Aura.
<COL ffdc78>LV UP: Further increases resistance.
LV5～6: Increases cast speed.</COL>",ui\00_message\skill\ability_info.gmd,\ui\uGUIJobOrbTree.arc,uGUIJobOrbTree.arc,301,
301,ABILITY_INFO_320,"ヒールオーラ/ヒールオーラエクス/
ライドヒールオーラの回復量が増加する
<COL ffdc78>LV UP毎に回復量がより増加
LV5～6で詠唱速度が上昇</COL>","Increases the healing done by Heal Aura,
Greater Heal Aura, and Ride Heal Aura.
<COL ffdc78>LV UP: Further increases resistance.
LV5～6: Increases cast speed.</COL>",ui\00_message\skill\ability_info.gmd,\ui\uGUIPopDetail01.arc,uGUIPopDetail01.arc,301,
301,ABILITY_INFO_320,"ヒールオーラ/ヒールオーラエクス/
ライドヒールオーラの回復量が増加する
<COL ffdc78>LV UP毎に回復量がより増加
LV5～6で詠唱速度が上昇</COL>","Increases the healing done by Heal Aura,
Greater Heal Aura, and Ride Heal Aura.
<COL ffdc78>LV UP: Further increases resistance.
LV5～6: Increases cast speed.</COL>",ui\00_message\skill\ability_info.gmd,\ui\uGUIPopSkillInfo.arc,uGUIPopSkillInfo.arc,301,
313,ABILITY_INFO_321,"ブラストビットのダメージ量が増加する
<COL ffdc78>LV UP毎にダメージがより増加
LV5～6で吹き飛ばし力が増加</COL>","Increases the damage of Blast Bit.
<COL ffdc78>LV UP: Further increases damage.
LV5～6: Increases stagger power.</COL>",ui\00_message\skill\ability_info.gmd,\ui\uGUICharacter.arc,uGUICharacter.arc,313,
313,ABILITY_INFO_321,"ブラストビットのダメージ量が増加する
<COL ffdc78>LV UP毎にダメージがより増加
LV5～6で吹き飛ばし力が増加</COL>","Increases the damage of Blast Bit.
<COL ffdc78>LV UP: Further increases damage.
LV5～6: Increases stagger power.</COL>",ui\00_message\skill\ability_info.gmd,\ui\uGUIDogmaOrb.arc,uGUIDogmaOrb.arc,313,
313,ABILITY_INFO_321,"ブラストビットのダメージ量が増加する
<COL ffdc78>LV UP毎にダメージがより増加
LV5～6で吹き飛ばし力が増加</COL>","Increases the damage of Blast Bit.
<COL ffdc78>LV UP: Further increases damage.
LV5～6: Increases stagger power.</COL>",ui\00_message\skill\ability_info.gmd,\ui\uGUIJobMaster.arc,uGUIJobMaster.arc,313,
313,ABILITY_INFO_321,"ブラストビットのダメージ量が増加する
<COL ffdc78>LV UP毎にダメージがより増加
LV5～6で吹き飛ばし力が増加</COL>","Increases the damage of Blast Bit.
<COL ffdc78>LV UP: Further increases damage.
LV5～6: Increases stagger power.</COL>",ui\00_message\skill\ability_info.gmd,\ui\uGUIJobOrbTree.arc,uGUIJobOrbTree.arc,313,
313,ABILITY_INFO_321,"ブラストビットのダメージ量が増加する
<COL ffdc78>LV UP毎にダメージがより増加
LV5～6で吹き飛ばし力が増加</COL>","Increases the damage of Blast Bit.
<COL ffdc78>LV UP: Further increases damage.
LV5～6: Increases stagger power.</COL>",ui\00_message\skill\ability_info.gmd,\ui\uGUIPopDetail01.arc,uGUIPopDetail01.arc,313,
313,ABILITY_INFO_321,"ブラストビットのダメージ量が増加する
<COL ffdc78>LV UP毎にダメージがより増加
LV5～6で吹き飛ばし力が増加</COL>","Increases the damage of Blast Bit.
<COL ffdc78>LV UP: Further increases damage.
LV5～6: Increases stagger power.</COL>",ui\00_message\skill\ability_info.gmd,\ui\uGUIPopSkillInfo.arc,uGUIPopSkillInfo.arc,313,
337,ABILITY_INFO_322,"パーティーメンバーを助け起こすと
自身が受ける魔法攻撃ダメージが一定時間軽減される
<COL ffdc78>LV UP毎に効果持続時間がより延長</COL>","Decreases damage from magic attacks temporarily
after reviving a party member.
<COL ffdc78>LV UP: Further extends effect
duration.</COL>",ui\00_message\skill\ability_info.gmd,\ui\uGUICharacter.arc,uGUICharacter.arc,337,
337,ABILITY_INFO_322,"パーティーメンバーを助け起こすと
自身が受ける魔法攻撃ダメージが一定時間軽減される
<COL ffdc78>LV UP毎に効果持続時間がより延長</COL>","Decreases damage from magic attacks temporarily
after reviving a party member.
<COL ffdc78>LV UP: Further extends effect
duration.</COL>",ui\00_message\skill\ability_info.gmd,\ui\uGUIDogmaOrb.arc,uGUIDogmaOrb.arc,337,
337,ABILITY_INFO_322,"パーティーメンバーを助け起こすと
自身が受ける魔法攻撃ダメージが一定時間軽減される
<COL ffdc78>LV UP毎に効果持続時間がより延長</COL>","Decreases damage from magic attacks temporarily
after reviving a party member.
<COL ffdc78>LV UP: Further extends effect
duration.</COL>",ui\00_message\skill\ability_info.gmd,\ui\uGUIJobMaster.arc,uGUIJobMaster.arc,337,
337,ABILITY_INFO_322,"パーティーメンバーを助け起こすと
自身が受ける魔法攻撃ダメージが一定時間軽減される
<COL ffdc78>LV UP毎に効果持続時間がより延長</COL>","Decreases damage from magic attacks temporarily
after reviving a party member.
<COL ffdc78>LV UP: Further extends effect
duration.</COL>",ui\00_message\skill\ability_info.gmd,\ui\uGUIJobOrbTree.arc,uGUIJobOrbTree.arc,337,
337,ABILITY_INFO_322,"パーティーメンバーを助け起こすと
自身が受ける魔法攻撃ダメージが一定時間軽減される
<COL ffdc78>LV UP毎に効果持続時間がより延長</COL>","Decreases damage from magic attacks temporarily
after reviving a party member.
<COL ffdc78>LV UP: Further extends effect
duration.</COL>",ui\00_message\skill\ability_info.gmd,\ui\uGUIPopDetail01.arc,uGUIPopDetail01.arc,337,
337,ABILITY_INFO_322,"パーティーメンバーを助け起こすと
自身が受ける魔法攻撃ダメージが一定時間軽減される
<COL ffdc78>LV UP毎に効果持続時間がより延長</COL>","Decreases damage from magic attacks temporarily
after reviving a party member.
<COL ffdc78>LV UP: Further extends effect
duration.</COL>",ui\00_message\skill\ability_info.gmd,\ui\uGUIPopSkillInfo.arc,uGUIPopSkillInfo.arc,337,
325,ABILITY_INFO_323,"セイントオーラ/セイントオーラエクス
ライドセイントオーラのダメージ量が増加する
<COL ffdc78>LV UP毎にダメージがより増加
LV5～6で吹き飛ばし力が増加</COL>","Increases the damage of Holy Aura,
Greater Holy Aura, and Ride Holy Aura.
<COL ffdc78>LV UP: Further increases damage.
LV5～6: Increases stagger power.</COL>",ui\00_message\skill\ability_info.gmd,\ui\uGUICharacter.arc,uGUICharacter.arc,325,
325,ABILITY_INFO_323,"セイントオーラ/セイントオーラエクス
ライドセイントオーラのダメージ量が増加する
<COL ffdc78>LV UP毎にダメージがより増加
LV5～6で吹き飛ばし力が増加</COL>","Increases the damage of Holy Aura,
Greater Holy Aura, and Ride Holy Aura.
<COL ffdc78>LV UP: Further increases damage.
LV5～6: Increases stagger power.</COL>",ui\00_message\skill\ability_info.gmd,\ui\uGUIDogmaOrb.arc,uGUIDogmaOrb.arc,325,
325,ABILITY_INFO_323,"セイントオーラ/セイントオーラエクス
ライドセイントオーラのダメージ量が増加する
<COL ffdc78>LV UP毎にダメージがより増加
LV5～6で吹き飛ばし力が増加</COL>","Increases the damage of Holy Aura,
Greater Holy Aura, and Ride Holy Aura.
<COL ffdc78>LV UP: Further increases damage.
LV5～6: Increases stagger power.</COL>",ui\00_message\skill\ability_info.gmd,\ui\uGUIJobMaster.arc,uGUIJobMaster.arc,325,
325,ABILITY_INFO_323,"セイントオーラ/セイントオーラエクス
ライドセイントオーラのダメージ量が増加する
<COL ffdc78>LV UP毎にダメージがより増加
LV5～6で吹き飛ばし力が増加</COL>","Increases the damage of Holy Aura,
Greater Holy Aura, and Ride Holy Aura.
<COL ffdc78>LV UP: Further increases damage.
LV5～6: Increases stagger power.</COL>",ui\00_message\skill\ability_info.gmd,\ui\uGUIJobOrbTree.arc,uGUIJobOrbTree.arc,325,
325,ABILITY_INFO_323,"セイントオーラ/セイントオーラエクス
ライドセイントオーラのダメージ量が増加する
<COL ffdc78>LV UP毎にダメージがより増加
LV5～6で吹き飛ばし力が増加</COL>","Increases the damage of Holy Aura,
Greater Holy Aura, and Ride Holy Aura.
<COL ffdc78>LV UP: Further increases damage.
LV5～6: Increases stagger power.</COL>",ui\00_message\skill\ability_info.gmd,\ui\uGUIPopDetail01.arc,uGUIPopDetail01.arc,325,
325,ABILITY_INFO_323,"セイントオーラ/セイントオーラエクス
ライドセイントオーラのダメージ量が増加する
<COL ffdc78>LV UP毎にダメージがより増加
LV5～6で吹き飛ばし力が増加</COL>","Increases the damage of Holy Aura,
Greater Holy Aura, and Ride Holy Aura.
<COL ffdc78>LV UP: Further increases damage.
LV5～6: Increases stagger power.</COL>",ui\00_message\skill\ability_info.gmd,\ui\uGUIPopSkillInfo.arc,uGUIPopSkillInfo.arc,325,
349,ABILITY_INFO_324,"フィールドシフト解除時の衝撃波のダメージ量が増加する
<COL ffdc78>LV UP毎にダメージがより増加
LV5～6で吹き飛ばし力が増加</COL>","Increases damage dealt by the shockwave
created when cancelling Field Shift.
<COL ffdc78>LV UP: Further increases damage.
LV5～6: Increases blow power.</COL>",ui\00_message\skill\ability_info.gmd,\ui\uGUICharacter.arc,uGUICharacter.arc,349,
349,ABILITY_INFO_324,"フィールドシフト解除時の衝撃波のダメージ量が増加する
<COL ffdc78>LV UP毎にダメージがより増加
LV5～6で吹き飛ばし力が増加</COL>","Increases damage dealt by the shockwave
created when cancelling Field Shift.
<COL ffdc78>LV UP: Further increases damage.
LV5～6: Increases blow power.</COL>",ui\00_message\skill\ability_info.gmd,\ui\uGUIDogmaOrb.arc,uGUIDogmaOrb.arc,349,
349,ABILITY_INFO_324,"フィールドシフト解除時の衝撃波のダメージ量が増加する
<COL ffdc78>LV UP毎にダメージがより増加
LV5～6で吹き飛ばし力が増加</COL>","Increases damage dealt by the shockwave
created when cancelling Field Shift.
<COL ffdc78>LV UP: Further increases damage.
LV5～6: Increases blow power.</COL>",ui\00_message\skill\ability_info.gmd,\ui\uGUIJobMaster.arc,uGUIJobMaster.arc,349,
349,ABILITY_INFO_324,"フィールドシフト解除時の衝撃波のダメージ量が増加する
<COL ffdc78>LV UP毎にダメージがより増加
LV5～6で吹き飛ばし力が増加</COL>","Increases damage dealt by the shockwave
created when cancelling Field Shift.
<COL ffdc78>LV UP: Further increases damage.
LV5～6: Increases blow power.</COL>",ui\00_message\skill\ability_info.gmd,\ui\uGUIJobOrbTree.arc,uGUIJobOrbTree.arc,349,
349,ABILITY_INFO_324,"フィールドシフト解除時の衝撃波のダメージ量が増加する
<COL ffdc78>LV UP毎にダメージがより増加
LV5～6で吹き飛ばし力が増加</COL>","Increases damage dealt by the shockwave
created when cancelling Field Shift.
<COL ffdc78>LV UP: Further increases damage.
LV5～6: Increases blow power.</COL>",ui\00_message\skill\ability_info.gmd,\ui\uGUIPopDetail01.arc,uGUIPopDetail01.arc,349,
349,ABILITY_INFO_324,"フィールドシフト解除時の衝撃波のダメージ量が増加する
<COL ffdc78>LV UP毎にダメージがより増加
LV5～6で吹き飛ばし力が増加</COL>","Increases damage dealt by the shockwave
created when cancelling Field Shift.
<COL ffdc78>LV UP: Further increases damage.
LV5～6: Increases blow power.</COL>",ui\00_message\skill\ability_info.gmd,\ui\uGUIPopSkillInfo.arc,uGUIPopSkillInfo.arc,349,
361,ABILITY_INFO_325,"敵にとどめを刺したとき、体力が回復する
<COL ffdc78>LV UP毎に回復力がより上昇</COL>","When landing the finishing blow on an enemy,
your Stamina recovers.
<COL ffdc78>LV UP: Further increase recovered
Stamina.</COL>",ui\00_message\skill\ability_info.gmd,\ui\uGUICharacter.arc,uGUICharacter.arc,361,
361,ABILITY_INFO_325,"敵にとどめを刺したとき、体力が回復する
<COL ffdc78>LV UP毎に回復力がより上昇</COL>","When landing the finishing blow on an enemy,
your Stamina recovers.
<COL ffdc78>LV UP: Further increase recovered
Stamina.</COL>",ui\00_message\skill\ability_info.gmd,\ui\uGUIDogmaOrb.arc,uGUIDogmaOrb.arc,361,
361,ABILITY_INFO_325,"敵にとどめを刺したとき、体力が回復する
<COL ffdc78>LV UP毎に回復力がより上昇</COL>","When landing the finishing blow on an enemy,
your Stamina recovers.
<COL ffdc78>LV UP: Further increase recovered
Stamina.</COL>",ui\00_message\skill\ability_info.gmd,\ui\uGUIJobMaster.arc,uGUIJobMaster.arc,361,
361,ABILITY_INFO_325,"敵にとどめを刺したとき、体力が回復する
<COL ffdc78>LV UP毎に回復力がより上昇</COL>","When landing the finishing blow on an enemy,
your Stamina recovers.
<COL ffdc78>LV UP: Further increase recovered
Stamina.</COL>",ui\00_message\skill\ability_info.gmd,\ui\uGUIJobOrbTree.arc,uGUIJobOrbTree.arc,361,
361,ABILITY_INFO_325,"敵にとどめを刺したとき、体力が回復する
<COL ffdc78>LV UP毎に回復力がより上昇</COL>","When landing the finishing blow on an enemy,
your Stamina recovers.
<COL ffdc78>LV UP: Further increase recovered
Stamina.</COL>",ui\00_message\skill\ability_info.gmd,\ui\uGUIPopDetail01.arc,uGUIPopDetail01.arc,361,
361,ABILITY_INFO_325,"敵にとどめを刺したとき、体力が回復する
<COL ffdc78>LV UP毎に回復力がより上昇</COL>","When landing the finishing blow on an enemy,
your Stamina recovers.
<COL ffdc78>LV UP: Further increase recovered
Stamina.</COL>",ui\00_message\skill\ability_info.gmd,\ui\uGUIPopSkillInfo.arc,uGUIPopSkillInfo.arc,361,
373,ABILITY_INFO_326,"ヒールオーラ/ヒールオーラエクス/
ライドヒールオーラの回復量が増加する
<COL ffdc78>LV UP毎に回復量がより増加
LV5～6で展開中の耐久力が増加</COL>","Increases the recovery amount of
Heal Aura / Greater Heal Aura / Ride Heal Aura.
<COL ffdc78>LV UP: Further increases recovery
amount.
LV5～6: Increases endurance while aura is
deployed.</COL>",ui\00_message\skill\ability_info.gmd,\ui\uGUICharacter.arc,uGUICharacter.arc,373,
373,ABILITY_INFO_326,"ヒールオーラ/ヒールオーラエクス/
ライドヒールオーラの回復量が増加する
<COL ffdc78>LV UP毎に回復量がより増加
LV5～6で展開中の耐久力が増加</COL>","Increases the recovery amount of
Heal Aura / Greater Heal Aura / Ride Heal Aura.
<COL ffdc78>LV UP: Further increases recovery
amount.
LV5～6: Increases endurance while aura is
deployed.</COL>",ui\00_message\skill\ability_info.gmd,\ui\uGUIDogmaOrb.arc,uGUIDogmaOrb.arc,373,
373,ABILITY_INFO_326,"ヒールオーラ/ヒールオーラエクス/
ライドヒールオーラの回復量が増加する
<COL ffdc78>LV UP毎に回復量がより増加
LV5～6で展開中の耐久力が増加</COL>","Increases the recovery amount of
Heal Aura / Greater Heal Aura / Ride Heal Aura.
<COL ffdc78>LV UP: Further increases recovery
amount.
LV5～6: Increases endurance while aura is
deployed.</COL>",ui\00_message\skill\ability_info.gmd,\ui\uGUIJobMaster.arc,uGUIJobMaster.arc,373,
373,ABILITY_INFO_326,"ヒールオーラ/ヒールオーラエクス/
ライドヒールオーラの回復量が増加する
<COL ffdc78>LV UP毎に回復量がより増加
LV5～6で展開中の耐久力が増加</COL>","Increases the recovery amount of
Heal Aura / Greater Heal Aura / Ride Heal Aura.
<COL ffdc78>LV UP: Further increases recovery
amount.
LV5～6: Increases endurance while aura is
deployed.</COL>",ui\00_message\skill\ability_info.gmd,\ui\uGUIJobOrbTree.arc,uGUIJobOrbTree.arc,373,
373,ABILITY_INFO_326,"ヒールオーラ/ヒールオーラエクス/
ライドヒールオーラの回復量が増加する
<COL ffdc78>LV UP毎に回復量がより増加
LV5～6で展開中の耐久力が増加</COL>","Increases the recovery amount of
Heal Aura / Greater Heal Aura / Ride Heal Aura.
<COL ffdc78>LV UP: Further increases recovery
amount.
LV5～6: Increases endurance while aura is
deployed.</COL>",ui\00_message\skill\ability_info.gmd,\ui\uGUIPopDetail01.arc,uGUIPopDetail01.arc,373,
373,ABILITY_INFO_326,"ヒールオーラ/ヒールオーラエクス/
ライドヒールオーラの回復量が増加する
<COL ffdc78>LV UP毎に回復量がより増加
LV5～6で展開中の耐久力が増加</COL>","Increases the recovery amount of
Heal Aura / Greater Heal Aura / Ride Heal Aura.
<COL ffdc78>LV UP: Further increases recovery
amount.
LV5～6: Increases endurance while aura is
deployed.</COL>",ui\00_message\skill\ability_info.gmd,\ui\uGUIPopSkillInfo.arc,uGUIPopSkillInfo.arc,373,
385,ABILITY_INFO_327,"ブラストビットのダメージ量が増加する
<COL ffdc78>LV UP毎にダメージがより増加
LV5～6でチャンス攻力と疲労攻力が増加</COL>","Increases damage of Blast Bits.
<COL ffdc78>LV UP: Further increases damage dealt.
LV5～6: Increases chance and exhaust attack.</COL>",ui\00_message\skill\ability_info.gmd,\ui\uGUICharacter.arc,uGUICharacter.arc,385,
385,ABILITY_INFO_327,"ブラストビットのダメージ量が増加する
<COL ffdc78>LV UP毎にダメージがより増加
LV5～6でチャンス攻力と疲労攻力が増加</COL>","Increases damage of Blast Bits.
<COL ffdc78>LV UP: Further increases damage dealt.
LV5～6: Increases chance and exhaust attack.</COL>",ui\00_message\skill\ability_info.gmd,\ui\uGUIDogmaOrb.arc,uGUIDogmaOrb.arc,385,
385,ABILITY_INFO_327,"ブラストビットのダメージ量が増加する
<COL ffdc78>LV UP毎にダメージがより増加
LV5～6でチャンス攻力と疲労攻力が増加</COL>","Increases damage of Blast Bits.
<COL ffdc78>LV UP: Further increases damage dealt.
LV5～6: Increases chance and exhaust attack.</COL>",ui\00_message\skill\ability_info.gmd,\ui\uGUIJobMaster.arc,uGUIJobMaster.arc,385,
385,ABILITY_INFO_327,"ブラストビットのダメージ量が増加する
<COL ffdc78>LV UP毎にダメージがより増加
LV5～6でチャンス攻力と疲労攻力が増加</COL>","Increases damage of Blast Bits.
<COL ffdc78>LV UP: Further increases damage dealt.
LV5～6: Increases chance and exhaust attack.</COL>",ui\00_message\skill\ability_info.gmd,\ui\uGUIJobOrbTree.arc,uGUIJobOrbTree.arc,385,
