1,SAME_LETTER_260_622,み,mi,ui\00_message\ng_word\same_letter_260.gmd,\ui\gui_cmn.arc,gui_cmn.arc,1,
2,SAME_LETTER_260_623,ミ,Mi,ui\00_message\ng_word\same_letter_260.gmd,\ui\gui_cmn.arc,gui_cmn.arc,2,
0,SAME_LETTER_261_624,ﾑ,mu,ui\00_message\ng_word\same_letter_261.gmd,\ui\gui_cmn.arc,gui_cmn.arc,0,
1,SAME_LETTER_261_625,む,mu,ui\00_message\ng_word\same_letter_261.gmd,\ui\gui_cmn.arc,gui_cmn.arc,1,
2,SAME_LETTER_261_626,ム,mu,ui\00_message\ng_word\same_letter_261.gmd,\ui\gui_cmn.arc,gui_cmn.arc,2,
0,SAME_LETTER_262_627,ﾓ,ﾓ,ui\00_message\ng_word\same_letter_262.gmd,\ui\gui_cmn.arc,gui_cmn.arc,0,
1,SAME_LETTER_262_628,も,,ui\00_message\ng_word\same_letter_262.gmd,\ui\gui_cmn.arc,gui_cmn.arc,1,
2,SAME_LETTER_262_629,モ,,ui\00_message\ng_word\same_letter_262.gmd,\ui\gui_cmn.arc,gui_cmn.arc,2,
0,SAME_LETTER_263_630,ﾗ,ra,ui\00_message\ng_word\same_letter_263.gmd,\ui\gui_cmn.arc,gui_cmn.arc,0,
1,SAME_LETTER_263_631,ら,ra,ui\00_message\ng_word\same_letter_263.gmd,\ui\gui_cmn.arc,gui_cmn.arc,1,
2,SAME_LETTER_263_632,ラ,ra,ui\00_message\ng_word\same_letter_263.gmd,\ui\gui_cmn.arc,gui_cmn.arc,2,
0,SAME_LETTER_264_633,リ,,ui\00_message\ng_word\same_letter_264.gmd,\ui\gui_cmn.arc,gui_cmn.arc,0,
1,SAME_LETTER_264_634,り,,ui\00_message\ng_word\same_letter_264.gmd,\ui\gui_cmn.arc,gui_cmn.arc,1,
2,SAME_LETTER_264_635,ﾘ,ﾘ,ui\00_message\ng_word\same_letter_264.gmd,\ui\gui_cmn.arc,gui_cmn.arc,2,
0,SAME_LETTER_265_636,ﾙ,ﾙ,ui\00_message\ng_word\same_letter_265.gmd,\ui\gui_cmn.arc,gui_cmn.arc,0,
1,SAME_LETTER_265_637,る,,ui\00_message\ng_word\same_letter_265.gmd,\ui\gui_cmn.arc,gui_cmn.arc,1,
2,SAME_LETTER_265_638,ル,,ui\00_message\ng_word\same_letter_265.gmd,\ui\gui_cmn.arc,gui_cmn.arc,2,
0,SAME_LETTER_266_639,レ,,ui\00_message\ng_word\same_letter_266.gmd,\ui\gui_cmn.arc,gui_cmn.arc,0,
1,SAME_LETTER_266_640,れ,,ui\00_message\ng_word\same_letter_266.gmd,\ui\gui_cmn.arc,gui_cmn.arc,1,
2,SAME_LETTER_266_641,ﾚ,ﾚ,ui\00_message\ng_word\same_letter_266.gmd,\ui\gui_cmn.arc,gui_cmn.arc,2,
0,SAME_LETTER_267_646,ﾛ,ﾛ,ui\00_message\ng_word\same_letter_267.gmd,\ui\gui_cmn.arc,gui_cmn.arc,0,
1,SAME_LETTER_267_647,□,□,ui\00_message\ng_word\same_letter_267.gmd,\ui\gui_cmn.arc,gui_cmn.arc,1,
2,SAME_LETTER_267_648,ろ,,ui\00_message\ng_word\same_letter_267.gmd,\ui\gui_cmn.arc,gui_cmn.arc,2,
3,SAME_LETTER_267_649,ロ,,ui\00_message\ng_word\same_letter_267.gmd,\ui\gui_cmn.arc,gui_cmn.arc,3,
4,SAME_LETTER_267_650,口,,ui\00_message\ng_word\same_letter_267.gmd,\ui\gui_cmn.arc,gui_cmn.arc,4,
0,SAME_LETTER_268_642,ﾜ,wa,ui\00_message\ng_word\same_letter_268.gmd,\ui\gui_cmn.arc,gui_cmn.arc,0,
1,SAME_LETTER_268_643,わ,wa,ui\00_message\ng_word\same_letter_268.gmd,\ui\gui_cmn.arc,gui_cmn.arc,1,
2,SAME_LETTER_268_644,ヮ,wa,ui\00_message\ng_word\same_letter_268.gmd,\ui\gui_cmn.arc,gui_cmn.arc,2,
3,SAME_LETTER_268_645,ワ,wa,ui\00_message\ng_word\same_letter_268.gmd,\ui\gui_cmn.arc,gui_cmn.arc,3,
0,SAME_LETTER_269_655,,,ui\00_message\ng_word\same_letter_269.gmd,\ui\gui_cmn.arc,gui_cmn.arc,0,
1,SAME_LETTER_269_656,,,ui\00_message\ng_word\same_letter_269.gmd,\ui\gui_cmn.arc,gui_cmn.arc,1,
2,SAME_LETTER_269_657,,,ui\00_message\ng_word\same_letter_269.gmd,\ui\gui_cmn.arc,gui_cmn.arc,2,
3,SAME_LETTER_269_658,_,_,ui\00_message\ng_word\same_letter_269.gmd,\ui\gui_cmn.arc,gui_cmn.arc,3,
4,SAME_LETTER_269_663,＿,＿,ui\00_message\ng_word\same_letter_269.gmd,\ui\gui_cmn.arc,gui_cmn.arc,4,
0,,――いましばし――休息を許せ――,...For a moment more... allow me respite...,ui\00_message\npc\base\n0001.gmd,\npc\n0001.arc,n0001.arc,13,The White Dragon
0,,"――いや、眠っていたわけではない
ただ、時折――意識が失せるのだ","Nay, 'twas not slumber that held me...
But at times... my awareness doth wane.",ui\00_message\npc\base\n0001.gmd,\npc\n0001.arc,n0001.arc,24,The White Dragon
0,,"――ううむ、覚者よ
そなたはまだ新たな契約を交わす段階にあらず
すでに己が器に応じた数の戦徒を統べているようだ","...Mmm, Arisen.
Thou hast not yet reached the time
to bind a new accord.
It appeareth thou already governest
the full measure of pawns thy vessel can hold.",ui\00_message\npc\base\n0001.gmd,\npc\n0001.arc,n0001.arc,1,The White Dragon
0,,――どうした,...What aileth thee?,ui\00_message\npc\base\n0001.gmd,\npc\n0001.arc,n0001.arc,23,The White Dragon
0,,"――よかろう
力を授かるべき者よ、我が前に――","...Very well.
Thou who art worthy of power,
stand before me...",ui\00_message\npc\base\n0001.gmd,\npc\n0001.arc,n0001.arc,4,The White Dragon
0,,"――覚者よ
どうやらまだ、戦徒との新たな契約に
必要な数の<COL b92828><SPAI NAME></COL>を
持ってはおらぬようだな","...Arisen,
by mine eyes, thou hast not yet acquired
the needed amount of <COL b92828><SPAI NAME></COL>
to form a new covenant with a pawn.",ui\00_message\npc\base\n0001.gmd,\npc\n0001.arc,n0001.arc,2,The White Dragon
0,,"""悪しき竜""からの接触はないのか？",Hath the fell Dragon not reached out to thee?,ui\00_message\npc\base\n0001.gmd,\npc\n0001.arc,n0001.arc,69,The White Dragon
0,,"""悪しき竜""が持つ竜力の行方が
アッカーシェランの未来を決めることに
なるだろう","The dragon's might possessed by the evil Dragon
shall decide what future awaits Acre Selund.",ui\00_message\npc\base\n0001.gmd,\npc\n0001.arc,n0001.arc,76,The White Dragon
0,,"""悪しき竜""が竜力を手放すとは思えん
となれば力尽くで奪うことになるのだろうか
果たして可能だろうか――","The fell Dragon wouldst 
ne'er surrender its strength...
Thus, must it be taken by might alone?
Could such a task be wrought...?",ui\00_message\npc\base\n0001.gmd,\npc\n0001.arc,n0001.arc,75,The White Dragon
0,,"""悪しき竜""にはおごりがあるようだ
まるで人間のようだな
それがあやつの弱点かもしれない","The fell Dragon showeth arrogance—
much like unto a human.
Mayhap this be its frailty.",ui\00_message\npc\base\n0001.gmd,\npc\n0001.arc,n0001.arc,78,The White Dragon
0,,"""悪しき竜""にはおごりがあるようだ
まるで人間のようだな
それがあやつの弱点かもしれない","The fell Dragon showeth arrogance—
much like unto a human.
Mayhap this be its frailty.",ui\00_message\npc\base\n0001.gmd,\npc\n0001.arc,n0001.arc,79,The White Dragon
0,,"""悪しき竜""の思惑がどうであれ
その竜力はネド王子が継承可能となれば
目指す道はひとつだな","Whate'er the accursed Dragon's intent,
if Prince Nedo be fit to bear its strength,
one path alone shall be before him.",ui\00_message\npc\base\n0001.gmd,\npc\n0001.arc,n0001.arc,77,The White Dragon
0,,"""悪しき竜""の気配はないか――
気の乱れを見逃すなよ","Doth no trace of the accursed Dragon linger...?
Mark well the subtle shifts of the aether.",ui\00_message\npc\base\n0001.gmd,\npc\n0001.arc,n0001.arc,67,The White Dragon
0,,"""悪しき竜""の目的が見えぬ",The purpose of the fell Dragon remaineth unseen.,ui\00_message\npc\base\n0001.gmd,\npc\n0001.arc,n0001.arc,73,The White Dragon
0,,"""悪しき竜""はまだ動かぬか――",Doth the fell Dragon yet stir not...?,ui\00_message\npc\base\n0001.gmd,\npc\n0001.arc,n0001.arc,95,The White Dragon
0,,"""悪しき竜""をよく見ておいてくれ
同じことがこの地に起こらないとは
言えないからな","Fix thy watchful gaze upon the malevolent Dragon,
for naught may guarantee this 
land shall be spared its woe.",ui\00_message\npc\base\n0001.gmd,\npc\n0001.arc,n0001.arc,99,The White Dragon
0,,《原始の雫》――はて、知らぬわ,"The Primeval Drop...—alas, 'tis unknown to me.",ui\00_message\npc\base\n0001.gmd,\npc\n0001.arc,n0001.arc,55,The White Dragon
0,,"あと少し――生かしてくれ――
やり残した――ことが――","But a moment more...
Let me abide...
There be deeds...
left unfinished...",ui\00_message\npc\base\n0001.gmd,\npc\n0001.arc,n0001.arc,89,The White Dragon
0,,あれから３００年以上の時が過ぎている――,"O'er three centuries have 
fled since that hour...",ui\00_message\npc\base\n0001.gmd,\npc\n0001.arc,n0001.arc,19,The White Dragon
0,,"いよいよ""悪しき竜""の本拠を目指すと聞く
気の変化を見逃すなよ","Thou art bound for the fell 
Dragon's stronghold at last—
Overlook not the tremors in the very air.",ui\00_message\npc\base\n0001.gmd,\npc\n0001.arc,n0001.arc,83,The White Dragon
0,,"おまえが""悪しき竜""ならどうする
野放しにしておくだろうか――","If thou wert the accursed Dragon, 
how wouldst thou act?
Wouldst thou leave them unbridled...?",ui\00_message\npc\base\n0001.gmd,\npc\n0001.arc,n0001.arc,71,The White Dragon
0,,"おまえたちの勝利は""悪しき竜""の思惑に
どう影響するのか――","How doth thy conquest influence 
the plots of the fell Dragon...?",ui\00_message\npc\base\n0001.gmd,\npc\n0001.arc,n0001.arc,81,The White Dragon
0,,"このレスタニアを竜なき世界にすることだけは
避けねばならぬ――","This realm of Lestania, thou must with 
steadfast heart prevent its fall to 
Dragonless ruin...",ui\00_message\npc\base\n0001.gmd,\npc\n0001.arc,n0001.arc,22,The White Dragon
0,,"さあ、行くがよい
ここは――わたしはもう大丈夫だ","Go hence, now—
Here I stay... I fare well enough.",ui\00_message\npc\base\n0001.gmd,\npc\n0001.arc,n0001.arc,93,The White Dragon
0,,"しかし、覚者よ――学ぶがよい
人の思いは、時に、竜をも狂わせるのだ","But mark thee well, Arisen—
Know that the hearts of men
at times hath madness to unmake dragons.",ui\00_message\npc\base\n0001.gmd,\npc\n0001.arc,n0001.arc,58,The White Dragon
0,,"しばし眠るが――
まどろみの中でも、気の変化はわかる
――案ずることはない","E'en midst thy dreams, the winds' change
is known unto me—
Worry not...",ui\00_message\npc\base\n0001.gmd,\npc\n0001.arc,n0001.arc,36,The White Dragon
0,,"そうか――黒い鎧の騎士は
姿を見せぬか","Is it so... the knight clad in black armor
showeth not his visage?",ui\00_message\npc\base\n0001.gmd,\npc\n0001.arc,n0001.arc,85,The White Dragon
0,,"その掌握は我が手に余る
目を離すなよ","The mastery thereof is beyond me—
Turn not thine gaze away.",ui\00_message\npc\base\n0001.gmd,\npc\n0001.arc,n0001.arc,34,The White Dragon
0,,そろそろ姿を現すかもしれないぞ,"'Tis like the moment approacheth 
when the hidden form shall show itself.",ui\00_message\npc\base\n0001.gmd,\npc\n0001.arc,n0001.arc,82,The White Dragon
0,,"ふむ――
我が力、自覚以上に失われているようだ","Hmmm...
It seemeth my power hath waned 
more than I had reckoned.",ui\00_message\npc\base\n0001.gmd,\npc\n0001.arc,n0001.arc,35,The White Dragon
0,,ふむ――いいだろう――,Hmmm... so be it...,ui\00_message\npc\base\n0001.gmd,\npc\n0001.arc,n0001.arc,47,The White Dragon
0,,"ふむ――匂いが変わったな
彼の地の竜力は焼けた匂いがする","Hmmm... the air's scent doth alter,
the power of dragons there reeketh of fire.",ui\00_message\npc\base\n0001.gmd,\npc\n0001.arc,n0001.arc,66,The White Dragon
0,,ふむ――異郷の匂いがするぞ,Hmmm... a scent most foreign doth reach me.,ui\00_message\npc\base\n0001.gmd,\npc\n0001.arc,n0001.arc,52,The White Dragon
0,,"ふん――
レオめ――",Hmm... Leo...,ui\00_message\npc\base\n0001.gmd,\npc\n0001.arc,n0001.arc,46,The White Dragon
0,,"よもやとは思うが――
ネド王子の言動に気をつけるがよい","Perchance 'tis folly to think, yet—
Beware thou well the words 
and deeds of Prince Nedo.",ui\00_message\npc\base\n0001.gmd,\npc\n0001.arc,n0001.arc,74,The White Dragon
0,,わたしには休息が必要だ,I am in need of reprieve.,ui\00_message\npc\base\n0001.gmd,\npc\n0001.arc,n0001.arc,27,The White Dragon
0,,"アッカーシェランの幼き覚者を守り
覚者の道を教えられるのは
おまえたちの他にはいない","To guard the young Arisen of Acre Selund,
and to guide them upon the path of the Arisen,
none but thee are fit.",ui\00_message\npc\base\n0001.gmd,\npc\n0001.arc,n0001.arc,72,The White Dragon
0,,"アッカーシェランの習わしでは
王子が竜を継ぐはずだ","'Tis the law of Acre Selund,
that the prince shall take up the dragon's legacy.",ui\00_message\npc\base\n0001.gmd,\npc\n0001.arc,n0001.arc,70,The White Dragon
0,,"セシリーは覚者ではあるが
未だ途上の覚者――
我が覚者よ――その原因を探すのだ","Though Cecily be an Arisen,
she remaineth yet untried in her journey—
My Arisen, thou must uncover the reason.",ui\00_message\npc\base\n0001.gmd,\npc\n0001.arc,n0001.arc,48,The White Dragon
0,,"フィンダムの竜への敬意――
けして忘れてはならぬ","The reverence due unto Phyndim's Dragon... 
Let it ne'er wane.",ui\00_message\npc\base\n0001.gmd,\npc\n0001.arc,n0001.arc,50,The White Dragon
0,,"フィンダムの竜を見よ
意識が途切れ――乱れているようだ","Look to Phyndim's mighty Dragon...
Thy thoughts break—adrift they are.",ui\00_message\npc\base\n0001.gmd,\npc\n0001.arc,n0001.arc,60,The White Dragon
0,,ミシアル――,Mysial—,ui\00_message\npc\base\n0001.gmd,\npc\n0001.arc,n0001.arc,88,The White Dragon
0,,人は竜と大地の下僕のように思えるかもしれない,Men may seem but thralls to Dragon and land...,ui\00_message\npc\base\n0001.gmd,\npc\n0001.arc,n0001.arc,57,The White Dragon
0,,全てを見通すことはまだ――できぬか――,"To see through all things...
Thou art not yet able...",ui\00_message\npc\base\n0001.gmd,\npc\n0001.arc,n0001.arc,14,The White Dragon
0,,"去った者のことは忘れることだ
頼りたいと思った時――
おまえの負けが決まるだろう","Cast aside thoughts of the departed...
If thou wouldst lean upon them—
thy downfall is certain.",ui\00_message\npc\base\n0001.gmd,\npc\n0001.arc,n0001.arc,37,The White Dragon
0,,声が――聞こえる――,A voice... I hear...,ui\00_message\npc\base\n0001.gmd,\npc\n0001.arc,n0001.arc,87,The White Dragon
0,,"大きな戦いの時は""悪しき竜""の動向に
気を配るのだ","In the hour of strife, 
watch well the fell Dragon's course...",ui\00_message\npc\base\n0001.gmd,\npc\n0001.arc,n0001.arc,80,The White Dragon
0,,"大切な話がある
心身ともに健やかな時に――頼む","I bear tidings of grave import...  
Let it be when thou art hale in mind and form.",ui\00_message\npc\base\n0001.gmd,\npc\n0001.arc,n0001.arc,100,The White Dragon
0,,"契約に必要な数、<COL b92828><SPAI NUM> 個</COL>を手に入れてのち
再び我にその証を示すがよい――","Gather the tally demanded by the covenant, 
<COL b92828><SPAI NUM> in count</COL>, 
then return and lay bare thy token before mine eyes.",ui\00_message\npc\base\n0001.gmd,\npc\n0001.arc,n0001.arc,3,The White Dragon
0,,"常ならぬ気配は弱まるどころかさらに強くなる
あの娘が強い気を発してるが
それだけではない――","The unnatural presence doth not wane—
nay, it groweth ever stronger...
The maiden exudes a mighty force, yet...
That alone accounteth not for all—
There is more at play, unseen.",ui\00_message\npc\base\n0001.gmd,\npc\n0001.arc,n0001.arc,29,The White Dragon
0,,幸い竜力はすべて戻ったようだ,"By fortune, all Dragon's might hath returned.",ui\00_message\npc\base\n0001.gmd,\npc\n0001.arc,n0001.arc,91,The White Dragon
0,,"広く伝えよ――
覚者にならんと思う者――我は拒まぬ","Let all hear this truth...
Who wouldst become Arisen...
I shall deny them not...",ui\00_message\npc\base\n0001.gmd,\npc\n0001.arc,n0001.arc,15,The White Dragon
0,,"後悔の渦に足を取られるな
前を見た者だけが川を渡ることができるのだ","Succumb not to the vortex of lament—  
The river yieldeth passage only 
to those who see beyond.",ui\00_message\npc\base\n0001.gmd,\npc\n0001.arc,n0001.arc,45,The White Dragon
0,,"悪意は消えぬ――
そこかしこの闇に潜む黒き悪意――","Malevolence doth not fade...  
Dark intent lurketh in every shadow.  ",ui\00_message\npc\base\n0001.gmd,\npc\n0001.arc,n0001.arc,40,The White Dragon
0,,惑いし者よ、畏れずに眼（まなこ）を開け,"O thou who art lost, fear not—
open thine eyes.",ui\00_message\npc\base\n0001.gmd,\npc\n0001.arc,n0001.arc,10,The White Dragon
0,,"我が加護を、おまえたちの言葉に乗せて
民たちに運ぶのだ","Carry my blessing upon thy words...  
Bear it forth unto the people.",ui\00_message\npc\base\n0001.gmd,\npc\n0001.arc,n0001.arc,26,The White Dragon
0,,我が奪われし竜力はまだか――,Mine lost power yet lie beyond reach...,ui\00_message\npc\base\n0001.gmd,\npc\n0001.arc,n0001.arc,90,The White Dragon
0,,"我が肉体が潤えばじきに大地も
元に戻るだろう","As my body reneweth,  
so too shall the realm thrive...",ui\00_message\npc\base\n0001.gmd,\npc\n0001.arc,n0001.arc,92,The White Dragon
0,,"我にとっても短くはない時間だ
いわんや、人間にとっては――","Not a brief span hath it been for me,
and much less so for mortal men...",ui\00_message\npc\base\n0001.gmd,\npc\n0001.arc,n0001.arc,20,The White Dragon
0,,"敵の狙いが見えぬ――
理に傷を付け何を求めるのか――","The foe's design is shrouded...  
What desire moveth them  
to sunder sacred law...",ui\00_message\npc\base\n0001.gmd,\npc\n0001.arc,n0001.arc,98,The White Dragon
0,,"敵意――悪意――我ら竜が最も鋭敏に
感じる意識だ",Enmity... Malevolence... The force most vividly felt by we of Dragon's blood...,ui\00_message\npc\base\n0001.gmd,\npc\n0001.arc,n0001.arc,51,The White Dragon
0,,沈黙こそ我が意力の糧――,"In silence doth my power find 
its strength...",ui\00_message\npc\base\n0001.gmd,\npc\n0001.arc,n0001.arc,5,The White Dragon
0,,"波を感じる――
はるか遠く、地平の彼方――","The waves do stir...
Far yonder, beyond where thine eyes reach...",ui\00_message\npc\base\n0001.gmd,\npc\n0001.arc,n0001.arc,7,The White Dragon
0,,"漂う穢れた気は――
魔物どもが発するもののようだ","Drifting defilement...  
The noisome breath
of the fell spawn of fiends...",ui\00_message\npc\base\n0001.gmd,\npc\n0001.arc,n0001.arc,30,The White Dragon
0,,"王子の持つ笛とはいかなる理が
はたらくものなのだろうか――","What principle doth govern  
the flute the Prince doth hold...",ui\00_message\npc\base\n0001.gmd,\npc\n0001.arc,n0001.arc,96,The White Dragon
0,,"王子の行動は自信と確信に満ちている
そうは思わないか？","The Prince's deeds art brimming  
with surety and steadfast resolve.  

Dost thou not perceive  
his unwavering conviction?  ",ui\00_message\npc\base\n0001.gmd,\npc\n0001.arc,n0001.arc,94,The White Dragon
0,,"王子は、黒い竜に倒されたとする火竜と
如何ほどの時を過ごしたのだろうか――","How long a span hath the Prince  
passed with the fallen Fire Dragon... ",ui\00_message\npc\base\n0001.gmd,\npc\n0001.arc,n0001.arc,68,The White Dragon
0,,"理の揺らぎを感じる――
何が起こるというのか――","The laws of order waver...  

What unseen force  
hath set the world askew...",ui\00_message\npc\base\n0001.gmd,\npc\n0001.arc,n0001.arc,65,The White Dragon
0,,"異国の娘から目を離すな――
罪はなくとも、災いを呼び寄せるのはあの娘だ","Watch with vigilance  
the daughter of distant lands...  

Though no sin stains her,  
misfortune heedeth her call...",ui\00_message\npc\base\n0001.gmd,\npc\n0001.arc,n0001.arc,31,The White Dragon
0,,"異変の原因は大地の病か――
ふむ――
覚者たちよ――これは根深いぞ――","Doth the ailment of the land  
give rise to this great turmoil...  
Hmm...  
Arisen, beware...  
The roots of this plague run deep..",ui\00_message\npc\base\n0001.gmd,\npc\n0001.arc,n0001.arc,54,The White Dragon
0,,"目下の敵の向こうに真の敵がいるはずだ
その姿を見逃すでないぞ","Beyond the foe before thee  
lurks the true adversary...  
Let not thine eyes waver,  
lest his form elude thy sight...  ",ui\00_message\npc\base\n0001.gmd,\npc\n0001.arc,n0001.arc,38,The White Dragon
0,,真に強き魂あらば、闇は消え去る――,"If thou possesseth a soul of true 
strength, the darkness shall be 
banished...",ui\00_message\npc\base\n0001.gmd,\npc\n0001.arc,n0001.arc,8,The White Dragon
0,,"竜と大地と民――
崩れた均衡を調和の中に戻すのは
難しい――心して、事に当たれ","Dragon, land, and kin—  
To mend the shattered balance  
within harmony is no simple task...  
Steel thy spirit,  
and face thy duty with resolve...  ",ui\00_message\npc\base\n0001.gmd,\npc\n0001.arc,n0001.arc,56,The White Dragon
0,,竜なき世界――,A world bereft of Dragons...,ui\00_message\npc\base\n0001.gmd,\npc\n0001.arc,n0001.arc,21,The White Dragon
0,,"竜に意識を向けろ
一時たりとも忘れるな","Fix thy gaze upon the Dragon,  
never let remembrance wane... ",ui\00_message\npc\base\n0001.gmd,\npc\n0001.arc,n0001.arc,61,The White Dragon
0,,"竜を救え――
竜だけが我々に真実を語ることができるだろう","Deliver the Dragon from peril...  
For none but the Dragon  
may unveil the hidden truth...",ui\00_message\npc\base\n0001.gmd,\npc\n0001.arc,n0001.arc,53,The White Dragon
0,,竜力を――取り返さねば――,"That which empowereth the Dragon...  
It must be wrested back ere ruin cometh...",ui\00_message\npc\base\n0001.gmd,\npc\n0001.arc,n0001.arc,86,The White Dragon
0,,"笛があれば竜に勝てると
王子は信じているようだが――","The Prince trusteth  
in the flute's power,  
convinced it shall lay the Dragon low...",ui\00_message\npc\base\n0001.gmd,\npc\n0001.arc,n0001.arc,97,The White Dragon
0,,"精霊竜は己を知っている
それ故、セシリーをここへ送り込んだのだ
――判断の正しさを見せてやれ","The Spirit Dragon knoweth itself well...  
Thus did it send Cecily unto this place.  
Show that its judgment standeth true.  ",ui\00_message\npc\base\n0001.gmd,\npc\n0001.arc,n0001.arc,62,The White Dragon
0,,義なき怒りは、身を滅ぼす――,"Anger without righteousness 
consumeth the soul...",ui\00_message\npc\base\n0001.gmd,\npc\n0001.arc,n0001.arc,11,The White Dragon
0,,覚者の使命、ゆめゆめ忘れるな,"Mind well thy mission as Arisen, 
and forget it not.",ui\00_message\npc\base\n0001.gmd,\npc\n0001.arc,n0001.arc,9,The White Dragon
0,,"覚者よ
我が目となり、耳となり――頼むぞ","Arisen, bear witness for me...  
I charge thee with seeing and hearing true...  ",ui\00_message\npc\base\n0001.gmd,\npc\n0001.arc,n0001.arc,28,The White Dragon
0,,"覚者よ
若い人間の不安定な心――","Arisen, heed my words...  
The wavering heart of youth  
calleth forth both hope and ruin...  ",ui\00_message\npc\base\n0001.gmd,\npc\n0001.arc,n0001.arc,33,The White Dragon
0,,"覚者よ――
レスタニアを巡り、民の力となれ
我が加護を、あまねく伝えるのだ","Arisen...  
Traverse Lestania's breadth,  
stand as shield and succor to its people.
Make known mine boon,  
that none be deprived of its light.",ui\00_message\npc\base\n0001.gmd,\npc\n0001.arc,n0001.arc,39,The White Dragon
0,,"覚者よ――
事を急げ――
邪気は日ごと強くなる――","Arisen...  
Make haste in thy task,  
ere the creeping malevolence consume all...",ui\00_message\npc\base\n0001.gmd,\npc\n0001.arc,n0001.arc,42,The White Dragon
0,,"覚者よ――
我が力、レスタニアの外へは届かぬ
大地と人を味方にして力とするがいい","Arisen...  
Mine own power reacheth not  
beyond the bounds of Lestania.  
Let land and kin  
be thy allies, thy strength. ",ui\00_message\npc\base\n0001.gmd,\npc\n0001.arc,n0001.arc,49,The White Dragon
0,,"覚者よ――
新たなるポーンとの《戦徒の契り》を望むか
ならばその資格たる証――
<COL b92828><SPAI NAME> <SPAI NUM> 個</COL>を我に示せ","Arisen...  
Desirest thou another sworn ally  
in the guise of a Pawn?  
Then show the emblem  
that confirmeth thine entitlement—  
<COL b92828><SPAI NAME>, <SPAI NUM> in number</COL>  
and lay it before me.",ui\00_message\npc\base\n0001.gmd,\npc\n0001.arc,n0001.arc,0,The White Dragon
0,,"覚者よ――
自らの出自を忘れるな","O Arisen―
Lose not the memory of whence thou cam'st...",ui\00_message\npc\base\n0001.gmd,\npc\n0001.arc,n0001.arc,18,The White Dragon
0,,"覚者よ――
自らの闇を凝視せよ――","Arisen...  
Fix thine eyes upon the abyss within— 
face it, lest it consume thee whole.",ui\00_message\npc\base\n0001.gmd,\npc\n0001.arc,n0001.arc,41,The White Dragon
0,,覚者よ――人の時代を記憶し――愛でるがいい,"Arisen...
Hold fast the memory of mortal days,
and cherish it within thine breast...",ui\00_message\npc\base\n0001.gmd,\npc\n0001.arc,n0001.arc,16,The White Dragon
0,,覚者よ――何用だ,"Arisen...  
State thy purpose.",ui\00_message\npc\base\n0001.gmd,\npc\n0001.arc,n0001.arc,25,The White Dragon
0,,覚者よ、風となり大地を駆けよ――我が魂を運べ,"Arisen...  
Be the tempest's stride,  
unfettered upon the soil—  
and deliver my essence unto its haven.",ui\00_message\npc\base\n0001.gmd,\npc\n0001.arc,n0001.arc,17,The White Dragon
0,,語るべき言葉――今はない,"Words worthy of speech... 
there are none now.",ui\00_message\npc\base\n0001.gmd,\npc\n0001.arc,n0001.arc,6,The White Dragon
0,,"過去に類無き空の火球――
理の盤石が揺らいでいるというのか――","A celestial inferno, unknown to history—  
can it be that the foundation 
of order doth falter?",ui\00_message\npc\base\n0001.gmd,\npc\n0001.arc,n0001.arc,64,The White Dragon
0,,"道理を外れた世界も、これで理の中に
戻るだろう","A realm untethered from order 
shall, by this act, be restored unto balance...",ui\00_message\npc\base\n0001.gmd,\npc\n0001.arc,n0001.arc,63,The White Dragon
0,,"邪悪な気の流れ――
おまえたちも感ずることが
できればいいのだが――","A dark flow of sinister force—  
If only thou couldst grasp its presence,  
ere calamity unfoldeth...",ui\00_message\npc\base\n0001.gmd,\npc\n0001.arc,n0001.arc,44,The White Dragon
0,,"邪気が少しばかり薄らいだようだ
おかしい――
いや、息を潜めているつもりだろうか――","The foul presence recedeth,  
yet something seemeth amiss...  
No, 'tis not gone—  
merely holding its breath in stillness,  
watching, waiting...",ui\00_message\npc\base\n0001.gmd,\npc\n0001.arc,n0001.arc,43,The White Dragon
0,,"鍛錬せよ
おまえたちは抜き身の刃――研がねば、朽ちる","Temper thy strength.
Thou art as bare steel—without honing,
thou shalt rust and crumble.",ui\00_message\npc\base\n0001.gmd,\npc\n0001.arc,n0001.arc,12,The White Dragon
0,,"黒い鎧の騎士――
正体の見極めを急いでくれ","The knight enshrouded in sable plate—  
Haste thee to unravel the mystery of its form.",ui\00_message\npc\base\n0001.gmd,\npc\n0001.arc,n0001.arc,84,The White Dragon
0,,黒き鎧の災いは――厄介だぞ,"The woe enshrined in dusk-wrought plate—  
a plight of dire consequence.",ui\00_message\npc\base\n0001.gmd,\npc\n0001.arc,n0001.arc,32,The White Dragon
0,,（目を閉じ、何かを考えているようだ）,"(With their eyes closed, they seem to be deep in
thought).",ui\00_message\npc\base\n0001.gmd,\npc\n0001.arc,n0001.arc,59,The White Dragon
0,,――感謝しなくてはなりませんね,I have to say—thank you for that.,ui\00_message\npc\base\n0002.gmd,\npc\n0002.arc,n0002.arc,37,Mysial
0,,《ブラッドオーブ》がもっと手に入れば――,If only I could get more Blood Orbs.,ui\00_message\npc\base\n0002.gmd,\npc\n0002.arc,n0002.arc,25,Mysial
0,,"あなたは覚者です
苦難の道は――避けられません","You are an Arisen. 
The path of hardship cannot be
avoided.",ui\00_message\npc\base\n0002.gmd,\npc\n0002.arc,n0002.arc,5,Mysial
0,,"いがみ合いが元気の源だという人もいるようですが
わたしにはまったく理解できません――","Some people seem to think that bickering is the
source of energy. I don't understand it at
all—I've never understood it.",ui\00_message\npc\base\n0002.gmd,\npc\n0002.arc,n0002.arc,15,Mysial
0,,"いまは少し――心持ちが乱れています
お待ちを――","At this moment... my mind is uneasy.
Bear with me...",ui\00_message\npc\base\n0002.gmd,\npc\n0002.arc,n0002.arc,4,Mysial
0,,"おかえりなさい
時に、皆さんとのご挨拶がまだでは？","Welcome back. By the way, have I greeted everyone
yet?",ui\00_message\npc\base\n0002.gmd,\npc\n0002.arc,n0002.arc,11,Mysial
0,,"お手伝いできてうれしく思っています
これで押しも押されもせぬ立派な覚者ですね",I'm happy to help. Now you're a well-known Arisen!,ui\00_message\npc\base\n0002.gmd,\npc\n0002.arc,n0002.arc,18,Mysial
0,,こんにちは、覚者さん,"Hello, Arisen.",ui\00_message\npc\base\n0002.gmd,\npc\n0002.arc,n0002.arc,10,Mysial
0,,"でも、白竜様に捧げられた命は
けして無駄にはなりません","But the lives dedicated to the White Dragon will
not be in vain.",ui\00_message\npc\base\n0002.gmd,\npc\n0002.arc,n0002.arc,29,Mysial
0,,"もう、昔のようには戻れないのですか？
あなたはどんな印象を受けましたか？","Can we go back to the way things used to be? What
impression did you get?",ui\00_message\npc\base\n0002.gmd,\npc\n0002.arc,n0002.arc,42,Mysial
0,,"わたしは契約のお手伝いをすることに
なっていますので、その時を楽しみにして
待っていますね","I'm supposed to help with the contract, so I'm
looking forward to that time.",ui\00_message\npc\base\n0002.gmd,\npc\n0002.arc,n0002.arc,17,Mysial
0,,"アルヴァーには会えましたか？
早く契約までいけると良いですね","Did you get to meet Alvar? I hope you can get to
the contract soon.",ui\00_message\npc\base\n0002.gmd,\npc\n0002.arc,n0002.arc,16,Mysial
0,,イリスのことを聞きましたが――,I heard about Iris—,ui\00_message\npc\base\n0002.gmd,\npc\n0002.arc,n0002.arc,41,Mysial
0,,"イリスの様子はやはり変ですね
わたしが話したがっていると伝えてくれますか？","Iris is still acting weird. Can you tell her I
want to talk to her?",ui\00_message\npc\base\n0002.gmd,\npc\n0002.arc,n0002.arc,26,Mysial
0,,イリスは――心配ですね,Iris—I'm worried.,ui\00_message\npc\base\n0002.gmd,\npc\n0002.arc,n0002.arc,32,Mysial
0,,"エルフの仲間が面倒を見るということであれば
その方がメイリーフにとっては良いことなのかも
しれませんね――","If it means that the elf's friends will be taken
care of, it might be better for Mayleaf. Maybe—",ui\00_message\npc\base\n0002.gmd,\npc\n0002.arc,n0002.arc,31,Mysial
0,,"オークの時のようにうまく想像できませんが
でも、白竜様が強い憎しみの気を放っている――
それだけはわかるのです","I can't envision it as well as I did with the
orcs. But The White Dragon is radiating a strong
aura of hatred—that much I know!",ui\00_message\npc\base\n0002.gmd,\npc\n0002.arc,n0002.arc,44,Mysial
0,,"オークの臭いがするなどと騒いだりして
ごめんなさい
あの臭いが恐ろしくてならないのです","I'm sorry I made such a fuss about the smell of
orcs. I'm sorry... I'm afraid of that smell.",ui\00_message\npc\base\n0002.gmd,\npc\n0002.arc,n0002.arc,21,Mysial
0,,"メイリーフの素性を知ったのですか？
あの一族は、今や、このレスタニアの宝石です","Have you learned of Mayleaf's true identity? That
family is now the jewel of this Lestania.",ui\00_message\npc\base\n0002.gmd,\npc\n0002.arc,n0002.arc,22,Mysial
0,,"レオが白竜様を見つめていました
思い詰めているようでしたが――","Leo was staring at The White Dragon. He seemed to
be pondering—",ui\00_message\npc\base\n0002.gmd,\npc\n0002.arc,n0002.arc,27,Mysial
0,,"下の街の皆さんが安心して暮らせるように
どうかよろしくお願いしますね","I hope everyone in the city below can live in
peace. Please do help us to do so.",ui\00_message\npc\base\n0002.gmd,\npc\n0002.arc,n0002.arc,34,Mysial
0,,"争いのない世を望みながらも、我らの手は
戦の血で汚れていく――虚しきことです","We hope for a world without strife, 
but our hands are stained with the 
blood of war - a vain thing!",ui\00_message\npc\base\n0002.gmd,\npc\n0002.arc,n0002.arc,8,Mysial
0,,"人は弱きもの――それゆえ
その力を紡ぎ、束ねんとするのです","Humans are weak—that is why we weave 
together and gather our strength.",ui\00_message\npc\base\n0002.gmd,\npc\n0002.arc,n0002.arc,6,Mysial
0,,今後もこのようなことが起こるのでしょうか――,Will this continue to happen in the future—?,ui\00_message\npc\base\n0002.gmd,\npc\n0002.arc,n0002.arc,33,Mysial
0,,"信じましょう
白竜様の大いなる加護を","Let us believe in the great blessings 
of the White Dragon.",ui\00_message\npc\base\n0002.gmd,\npc\n0002.arc,n0002.arc,7,Mysial
0,,"大変な戦いだったと聞いています
断ち切られた人生も多かったと――","I hear it was a tough fight, and a lot of lives
were cut short—",ui\00_message\npc\base\n0002.gmd,\npc\n0002.arc,n0002.arc,28,Mysial
0,,"少し、甘えてしまったかもしれません
これからは気をつけますね","I may have spoiled it a little. I'll be careful
from now on.",ui\00_message\npc\base\n0002.gmd,\npc\n0002.arc,n0002.arc,40,Mysial
0,,"強く、澄み切った命でした
彼の命のあり方は素晴らしい","It was a strong, clear life. The way he lived his
life was amazing.",ui\00_message\npc\base\n0002.gmd,\npc\n0002.arc,n0002.arc,36,Mysial
0,,"心の水面が平らかならば
本来、誰にでも竜の心は伝わるのです","With a tranquil mind's reflection,
anyone can hear the dragon's voice.",ui\00_message\npc\base\n0002.gmd,\npc\n0002.arc,n0002.arc,3,Mysial
0,,"持ち去ったエルフの命――
敵はいったいどうするつもりでしょう","The life of an elf taken away... What will the
enemy do?",ui\00_message\npc\base\n0002.gmd,\npc\n0002.arc,n0002.arc,35,Mysial
0,,敵はディアマンテス――,The enemy is Diamantes—,ui\00_message\npc\base\n0002.gmd,\npc\n0002.arc,n0002.arc,43,Mysial
0,,無理をきいてくれてありがとうございました,Thank you for taking on the impossible.,ui\00_message\npc\base\n0002.gmd,\npc\n0002.arc,n0002.arc,39,Mysial
0,,"白竜様がこっそりご加護をくださったのかも
しれませんね","Maybe the White Dragon has secretly given us a
blessing.",ui\00_message\npc\base\n0002.gmd,\npc\n0002.arc,n0002.arc,20,Mysial
0,,白竜様が回復される日までともに頑張りましょう,"Until the day The White Dragon is restored, let's
do our best together.",ui\00_message\npc\base\n0002.gmd,\npc\n0002.arc,n0002.arc,12,Mysial
0,,"白竜様が空を飛ぶお姿――
いつか見たいものですね","I hope to see the White Dragon flying in the
sky—one day!",ui\00_message\npc\base\n0002.gmd,\npc\n0002.arc,n0002.arc,30,Mysial
0,,"白竜様の回復にはまだ時間がかかるようです
これからもわたしたちでお守りしなくては――","It will take some time for The White Dragon to
recover. We must continue to protect him—",ui\00_message\npc\base\n0002.gmd,\npc\n0002.arc,n0002.arc,38,Mysial
0,,"白竜様の回復は一進一退――
特に石化の症状は油断がなりません","The White Dragon's recovery has been a step in
the right direction—The petrification symptoms can
be especially tricky!",ui\00_message\npc\base\n0002.gmd,\npc\n0002.arc,n0002.arc,24,Mysial
0,,白竜様の言葉こそ、導（しるべ）の光――,"The words of the White Dragon are indeed 
the guiding light.",ui\00_message\npc\base\n0002.gmd,\npc\n0002.arc,n0002.arc,1,Mysial
0,,"自由に振る舞う覚者が増えていますが
白竜様あっての覚者であることだけは
心に留めておいてください","There are more Arisen behaving freely, but please
always keep in mind that it is thanks to The White
Dragon that they exist.",ui\00_message\npc\base\n0002.gmd,\npc\n0002.arc,n0002.arc,13,Mysial
0,,"覚者になってまだ日が浅いのに
《ブラッドオーブ》を持ち帰るなんて――","Even though it has only been a short time since
becoming an Arisen, I can't believe you brought
back a ""Blood Orb.""",ui\00_message\npc\base\n0002.gmd,\npc\n0002.arc,n0002.arc,19,Mysial
0,,"語るべき何か――伝えるべき何か――
大切な言葉はいつも白竜様が教えてくれます
そう――わたし自身の言葉ではないのです","What to say... what to express...
The White Dragon guides me to proper words.
Indeed... they come from beyond me.",ui\00_message\npc\base\n0002.gmd,\npc\n0002.arc,n0002.arc,9,Mysial
0,,"迷った時は、耳をすませてください
白竜様の教えがあなたを導くでしょう","When in doubt, listen, and let the teachings 
of The White Dragon guide you!",ui\00_message\npc\base\n0002.gmd,\npc\n0002.arc,n0002.arc,2,Mysial
0,,"顔色が、すぐれぬようですね
どうかご自愛を","You don't look well. 
Please take care of yourself.",ui\00_message\npc\base\n0002.gmd,\npc\n0002.arc,n0002.arc,0,Mysial
0,,"騎士団と覚者の揉め事に
巻き込まれてしまったと聞きました
大丈夫でしたか？","I heard that you got involved in a dispute
between the Knights order and the Arisen. Are you
okay?",ui\00_message\npc\base\n0002.gmd,\npc\n0002.arc,n0002.arc,14,Mysial
0,,"魔物たちの標的になっても不思議では
ありません
どうか、気にしてあげてくださいね","No wonder they were the target of demons. Please,
please, please take care of them!",ui\00_message\npc\base\n0002.gmd,\npc\n0002.arc,n0002.arc,23,Mysial
0,,"――と前向きに考えることにするよ
これも処世術と言えないこともないね","--I'm going to try to think positively and this
is another way to get by, I guess.",ui\00_message\npc\base\n0003.gmd,\npc\n0003.arc,n0003.arc,14,Klaus
0,,"――！？　ああ、ごめんごめん
ちょっと考え事をね","—!? Ah, sorry, sorry. I was just thinking about
something.",ui\00_message\npc\base\n0003.gmd,\npc\n0003.arc,n0003.arc,15,Klaus
0,,"""悪しき竜""は力だけを与えられた子供――
そんなふうに考えられないかな？","Can't we consider the ""Evil Dragon"" as a child
who has been bestowed with power alone?",ui\00_message\npc\base\n0003.gmd,\npc\n0003.arc,n0003.arc,145,Klaus
0,,"《ブラッドオーブ》のことは
常に気にしておくといいよ
見つけると確実に一目置かれるからね","Remain watchful for those
Blood Orbs. Locating one
earns instant recognition.",ui\00_message\npc\base\n0003.gmd,\npc\n0003.arc,n0003.arc,12,Klaus
0,,"ああ、ごめん
今は特に話すことはないよ","Oh, sorry. I don't really have anything 
to tell you right now.",ui\00_message\npc\base\n0003.gmd,\npc\n0003.arc,n0003.arc,0,Klaus
0,,"あのゲートはフィンダムの竜の力が
生み出したものだ
僕らの心意気だけじゃどうにもならないよ","That gate is the result of the power of Phindym's
dragon. It can't be done with just our
determination alone.",ui\00_message\npc\base\n0003.gmd,\npc\n0003.arc,n0003.arc,80,Klaus
0,,"あははは――
こんなに神殿の近くが戦場になるなんて――
ああ、怖かった","Ahahaha— Who would have thought that the area
near the temple would turn into a battlefield— Oh,
how scary.",ui\00_message\npc\base\n0003.gmd,\npc\n0003.arc,n0003.arc,32,Klaus
0,,"あやふやとはいえ、ロイグの方が色々と
覚えているからね
その情報だけでも、ありがたいと思わなくちゃ","Even if uncertain, Loeg remembers various things,
so I must be grateful for that information alone.",ui\00_message\npc\base\n0003.gmd,\npc\n0003.arc,n0003.arc,75,Klaus
0,,"あれこれ書物に当たっているけど
こんな危機はかつてなくて
白竜様と僕たちが初めてのようだ","I'm hitting various books and such, but this
crisis is unprecedented. It feels like The White
Dragon and we are experiencing something for the
first time.",ui\00_message\npc\base\n0003.gmd,\npc\n0003.arc,n0003.arc,129,Klaus
0,,"いささか――怖いね
でも、ほら、白竜様がお待ちだよ","It's a little scary— but look, The White Dragon
is waiting for you.",ui\00_message\npc\base\n0003.gmd,\npc\n0003.arc,n0003.arc,26,Klaus
0,,"いつ襲撃されてもおかしくないから
四方八方、気を抜かないようにね","Since we could be attacked at any time, let's
stay on high alert in all directions.",ui\00_message\npc\base\n0003.gmd,\npc\n0003.arc,n0003.arc,141,Klaus
0,,"いや、君にも心配かけたよね
迎えに来てくれてありがとう
本当に感謝しているよ","No, I caused you to worry too, didn't I? Thank
you for coming to pick me up. I really appreciate
it.",ui\00_message\npc\base\n0003.gmd,\npc\n0003.arc,n0003.arc,20,Klaus
0,,"おかしいよ――
第一のアークの調査は僕が担当したんだ","That's strange—I was in charge of investigating
the first Ark.",ui\00_message\npc\base\n0003.gmd,\npc\n0003.arc,n0003.arc,40,Klaus
0,,"おや、疲れたのかい？
覚者も無敵ってわけじゃないんだな","Oh, you're tired, aren't you? 
I guess even the Arisen aren't 
invincible.",ui\00_message\npc\base\n0003.gmd,\npc\n0003.arc,n0003.arc,3,Klaus
0,,"くれぐれも気をつけてくれよ
無事にここへ戻って来ると約束してほしい
君たちは歴史の証言者なんだからね","Please be careful and make sure to return here
safely. I want you to promise me that. You are
witnesses to history, after all.",ui\00_message\npc\base\n0003.gmd,\npc\n0003.arc,n0003.arc,97,Klaus
0,,"ここでジッとしてはいられない
僕もメルゴダへ行く！　絶対行く！","I can't stay still here. I'm going to Mergoda!
I'm definitely going!",ui\00_message\npc\base\n0003.gmd,\npc\n0003.arc,n0003.arc,48,Klaus
0,,"この世界は好きかい？
僕は好きだよ
知れば知るほど――もっと知りたくなる","Do you like this world? I do. 
The more you know—
the more you want to know.",ui\00_message\npc\base\n0003.gmd,\npc\n0003.arc,n0003.arc,8,Klaus
0,,"これからフィンダムへの渡航者が増えるだろうね
もちろん僕も準備を進めているんだ","The number of travelers to Phindym is likely to
increase from now on, and of course, I am also
preparing for it.",ui\00_message\npc\base\n0003.gmd,\npc\n0003.arc,n0003.arc,98,Klaus
0,,これは悪くない事だと思うよ,I think this is not a bad thing.,ui\00_message\npc\base\n0003.gmd,\npc\n0003.arc,n0003.arc,116,Klaus
0,,"これは王子なりによく考えた末の
行動だと思うよ
そうじゃないと、君たちから聞いていた
王子の印象と合わないからね","I think this is an action that the prince has
carefully considered. Otherwise, it wouldn't match
the impression of the prince that I have heard
from you.",ui\00_message\npc\base\n0003.gmd,\npc\n0003.arc,n0003.arc,137,Klaus
0,,"ごめん！
アークの調査報告が最優先でね
あちこち気が回らないんだよ","Sorry! The Ark's investigation report is the top
priority. I can't focus on other things.",ui\00_message\npc\base\n0003.gmd,\npc\n0003.arc,n0003.arc,21,Klaus
0,,"さあ、みんなが待ってるよ？
君がなんとかしてくれる――
そう思っている連中も多いはずさ","Come on, the guys are waiting for you, okay?
You'll handle it—I'm sure a lot of them think so.",ui\00_message\npc\base\n0003.gmd,\npc\n0003.arc,n0003.arc,91,Klaus
0,,さあ、急いで,"Come on, hurry up.",ui\00_message\npc\base\n0003.gmd,\npc\n0003.arc,n0003.arc,131,Klaus
0,,"さびしいね――
仲良くなれそうな気がしたんだけど――
いや、仲良かったよね――","It's lonely, isn't it... I felt like we could
become close... No, we were close, right...",ui\00_message\npc\base\n0003.gmd,\npc\n0003.arc,n0003.arc,33,Klaus
0,,"すまないけど、少し考えたいことがあるんだ
後で話そうよ","Sorry, I just have a few things to 
think about. We can talk later.",ui\00_message\npc\base\n0003.gmd,\npc\n0003.arc,n0003.arc,2,Klaus
0,,"ずっと考えているんだけど――
ディアマンテスは僕が跡を継ぎたがるって
本気で考えたのかな――","I keep thinking—that Diamantes wants me to follow
in his footsteps. Did he really think—?",ui\00_message\npc\base\n0003.gmd,\npc\n0003.arc,n0003.arc,53,Klaus
0,,"そして、白竜様の回復を促す新しい方法も
見つかったみたいだ
これからも、もっと色々なことが
起こりそうな気がするよ","And it seems that a new method to encourage the
recovery of The White Dragon has been found. I
feel like more things are going to happen from now
on.",ui\00_message\npc\base\n0003.gmd,\npc\n0003.arc,n0003.arc,29,Klaus
0,,"そして、良さそうなのがあれば
君たちにも伝えるからね","And if there is something good, I will also let
you guys know.",ui\00_message\npc\base\n0003.gmd,\npc\n0003.arc,n0003.arc,128,Klaus
0,,"その心の暗い部分に黒騎士が
入り込んだ――か","Did the Black Knight enter the dark depths of
your heart?",ui\00_message\npc\base\n0003.gmd,\npc\n0003.arc,n0003.arc,93,Klaus
0,,"その目的を果たしたあとは
どんな顔をして仲間のところへ戻る気で
いるんだろうね
あまり考えていないのかな","After achieving that goal, I wonder what
expression they will have when they return to
their comrades. I wonder if they haven't thought
about it much.",ui\00_message\npc\base\n0003.gmd,\npc\n0003.arc,n0003.arc,139,Klaus
0,,"それなのに僕は――
悔やんでも悔やみきれないよ","And yet, I can't help but regret and regret.",ui\00_message\npc\base\n0003.gmd,\npc\n0003.arc,n0003.arc,45,Klaus
0,,"それにしてもあのロイグがね――
心根のいい奴に思えたけどなあ
僕の人を見る目もまだまだだね","That Loeg, though... He seemed like a
good-hearted guy. I still have a long way to go in
judging people.",ui\00_message\npc\base\n0003.gmd,\npc\n0003.arc,n0003.arc,94,Klaus
0,,"そんなことしている場合じゃないと思うけど
時間をもらえるのはありがたいことだから
僕は僕で独自に調べようと思っている","I don't think this is the time for that, but it's
nice to have some time. I am thinking of
researching on my own.",ui\00_message\npc\base\n0003.gmd,\npc\n0003.arc,n0003.arc,37,Klaus
0,,"だから僕は、こっち側の人たちと神殿の
架け橋になろうと思うんだ","That's why I want to become a bridge between the
people on this side and the temple.",ui\00_message\npc\base\n0003.gmd,\npc\n0003.arc,n0003.arc,50,Klaus
0,,"だとしたら、哀れだね
出会ったばかりの僕しか後継者候補は
いないのか――ってさ","If that's the case, it's pitiful, isn't it? Are
there really no other candidates for the successor
besides me, someone you just met?",ui\00_message\npc\base\n0003.gmd,\npc\n0003.arc,n0003.arc,54,Klaus
0,,"ちょうど君が覚者になった頃からこれまでとは
少し違う事件が起こるようになってきた
オークの活動が活発になったり――
ほら、アークの出現もそうだね","Since you became an Arisen, there have been
different incidents occurring from before until
now. The Orcs have become more active, and, well,
the appearance of the Ark, too.",ui\00_message\npc\base\n0003.gmd,\npc\n0003.arc,n0003.arc,28,Klaus
0,,"でも、君が持ち帰った古文書は面白そうで――
まずいな――ジョゼフ様に叱られるよ","But, the old document you took home seems
interesting... Uh-oh... I'm going to get scolded
by Joseph, aren't I?",ui\00_message\npc\base\n0003.gmd,\npc\n0003.arc,n0003.arc,23,Klaus
0,,"となると、レスタニアの混乱がこの程度で
済んでいるのは、とてつもなく運が
いいのかもしれないね","If that's the case, it might be incredibly lucky
that the chaos in Lestania has been settled to
this extent.",ui\00_message\npc\base\n0003.gmd,\npc\n0003.arc,n0003.arc,86,Klaus
0,,とにもかくにも今はネド王子だね,"In any case, you are Prince Nedo now.",ui\00_message\npc\base\n0003.gmd,\npc\n0003.arc,n0003.arc,105,Klaus
0,,"どうだい？
覚者の生活には慣れたかな？","How about it? Are you used to the life of an
Arisen?",ui\00_message\npc\base\n0003.gmd,\npc\n0003.arc,n0003.arc,27,Klaus
0,,"ひとつだけわかったのは――
""悪しき竜""はすぐに君たちを亡き者に
するつもりはないということ","The only thing I understood is that the ""Evil
Dragon"" has no intention of taking you out
immediately.",ui\00_message\npc\base\n0003.gmd,\npc\n0003.arc,n0003.arc,115,Klaus
0,,まあ、今は生きのびてくれることを祈ろう,"Well, let's pray that they'll survive.",ui\00_message\npc\base\n0003.gmd,\npc\n0003.arc,n0003.arc,77,Klaus
0,,また何か起こりそうな気配だね,It feels like something is about to happen again.,ui\00_message\npc\base\n0003.gmd,\npc\n0003.arc,n0003.arc,101,Klaus
0,,"まだ正体はわからないんだけど
どこかに落ちたらしいんだ
うわさか何か聞いてないかい？","I still do not know what it truly is, but it
seems to have fallen somewhere. Have you heard any
rumors or something?",ui\00_message\npc\base\n0003.gmd,\npc\n0003.arc,n0003.arc,18,Klaus
0,,"まだ読み切れていない古文書もあるし
ここまで実際に体験したことを
評価し直す必要があるかもしれない","There are some ancient documents that have not
yet been fully read, and I may need to reevaluate
what I've actually done so far.",ui\00_message\npc\base\n0003.gmd,\npc\n0003.arc,n0003.arc,38,Klaus
0,,"まだ読んでいない書物、まだ試していない実験――
心残りがあるうちは、死ねないよ","Books unopened, tests unconducted -
death must wait while these
unfinished matters remain.",ui\00_message\npc\base\n0003.gmd,\npc\n0003.arc,n0003.arc,7,Klaus
0,,"もう友達をなくすのは絶対に嫌だから
思ったことは口にするつもりだよ","I absolutely don't want to lose any more friends,
so I intend to speak my mind.",ui\00_message\npc\base\n0003.gmd,\npc\n0003.arc,n0003.arc,47,Klaus
0,,"もしかしたら、僕が覚者の力に
なれるのかもしれないな――","Perhaps, I may be able to become a powerful
Arisen...",ui\00_message\npc\base\n0003.gmd,\npc\n0003.arc,n0003.arc,25,Klaus
0,,"やあ、新人さん
最初は誰彼かまわず顔を売っておくといいよ","Hello, newcomer.
Early on, it's best to introduce
yourself to everyone.",ui\00_message\npc\base\n0003.gmd,\npc\n0003.arc,n0003.arc,11,Klaus
0,,"やっぱり僕は生きているキースヒルトと
もっと話したかったよ――","I knew I wanted to talk more with Kieshildt. I
just wish I could have told you more—",ui\00_message\npc\base\n0003.gmd,\npc\n0003.arc,n0003.arc,35,Klaus
0,,"よく考えると、このレスタニアでも
竜の不調は続いているわけだよね","When I think about it, even in this Lestania, the
dragon's condition continues to worsen, doesn't
it?",ui\00_message\npc\base\n0003.gmd,\npc\n0003.arc,n0003.arc,85,Klaus
0,,ん？　どうしたんだい？,Hmm? What's wrong?,ui\00_message\npc\base\n0003.gmd,\npc\n0003.arc,n0003.arc,10,Klaus
0,,"アッカーシェランか
自然環境はこっちとほぼ同じなんだね
つまり、理と竜の世界ということか","Is this Acre Selund? The natural environment here
is almost the same, right? In other words, it's a
world of order and dragons.",ui\00_message\npc\base\n0003.gmd,\npc\n0003.arc,n0003.arc,102,Klaus
0,,"アッカーシェランで""悪しき竜""との
全面戦争が始まるのかな","Is a full-scale war against the ""Evil Dragon""
about to begin in Acre Selund?",ui\00_message\npc\base\n0003.gmd,\npc\n0003.arc,n0003.arc,111,Klaus
0,,"アッカーシェランとも、フィンダムのような
友好的な関係になれるといいね","I hope we can establish a friendly relationship
with Acre Selund, just like with Phindym.",ui\00_message\npc\base\n0003.gmd,\npc\n0003.arc,n0003.arc,112,Klaus
0,,"アッカーシェランに灯った希望の火を
消してはいけないよ","Do not extinguish the flame of hope that has been
lit in Acre Selund!",ui\00_message\npc\base\n0003.gmd,\npc\n0003.arc,n0003.arc,113,Klaus
0,,"アッカーシェランの状況は良くないみたいだけど
それでも君たちはレスタニアの代表なんだ","The situation in Acre Selund doesn't seem to be
good, but even so, you are representatives of
Lestania.",ui\00_message\npc\base\n0003.gmd,\npc\n0003.arc,n0003.arc,103,Klaus
0,,"アーク調査の報告書がまだだというのに
古文書の解読まで――","Despite the fact that the report on the Ark
investigation is not yet complete, up until the
deciphering of the ancient documents—",ui\00_message\npc\base\n0003.gmd,\npc\n0003.arc,n0003.arc,22,Klaus
0,,"イリスとは話したかい？
なんだか避けられているような気が
しないでもないんだけど――","Did you talk to Iris? I can't help but feel like
she's avoiding me.",ui\00_message\npc\base\n0003.gmd,\npc\n0003.arc,n0003.arc,24,Klaus
0,,ガルドリンには特に強く言っておかないと,I need to make sure to tell Gurdolin firmly.,ui\00_message\npc\base\n0003.gmd,\npc\n0003.arc,n0003.arc,108,Klaus
0,,"ゲートの継続性について
もう少し確信が得られないと
僕は向こうへは行けないな","Regarding the sustainability of the gate, I
cannot go over there without a little more
certainty.",ui\00_message\npc\base\n0003.gmd,\npc\n0003.arc,n0003.arc,81,Klaus
0,,"ジョゼフ様がまたなんか言ってるだろ？
人を疑うのが性分なんだね","Joseph is saying something again, right? It's in
his nature to suspect others.",ui\00_message\npc\base\n0003.gmd,\npc\n0003.arc,n0003.arc,136,Klaus
0,,"ジョゼフ様の助手になって以来初めての
大仕事を仰せつかって、その計画をね――
ふふふ――","Since becoming Joseph's assistant, this is the
first big job I've been entrusted with, and I am
now tasked with the planning... hehehe...",ui\00_message\npc\base\n0003.gmd,\npc\n0003.arc,n0003.arc,16,Klaus
0,,"ジョゼフ様の話を聞いていると
まるで僕たちがフィンダムへの侵略者のように
思えてくるよ","When listening to Joseph's story, it feels as if
we are invaders to Phindym.",ui\00_message\npc\base\n0003.gmd,\npc\n0003.arc,n0003.arc,83,Klaus
0,,"セシリーは深手を負っている
致命傷がなければ命は助かるだろうけど
回復には長い時間がかかるよ","Cecily has suffered a serious injury. If there is
no fatal wound, she should survive, but recovery
will take a long time.",ui\00_message\npc\base\n0003.gmd,\npc\n0003.arc,n0003.arc,76,Klaus
0,,"ディアマンテス――
イリスは確かにそう言ってたよね？","Diamantes - Iris did say that, right?",ui\00_message\npc\base\n0003.gmd,\npc\n0003.arc,n0003.arc,31,Klaus
0,,"ディアマンテスに対抗する錬金術師が
ちゃんといたことがうれしくてね","I am happy that there was an alchemist who could
oppose Diamantes.",ui\00_message\npc\base\n0003.gmd,\npc\n0003.arc,n0003.arc,49,Klaus
0,,"ネド王子と解放軍が合流したんだ
敵の警戒も厳しくなるだろうね","Prince Nedo and the liberation army have joined
forces. Enemy vigilance will also intensify, I
suppose.",ui\00_message\npc\base\n0003.gmd,\npc\n0003.arc,n0003.arc,110,Klaus
0,,"ネド王子はたしかにまだ子供だけど
聞く限り、無茶はしない印象だよ","Prince Nedo is certainly still a child, but from
what I hear, he gives the impression of not doing
anything reckless.",ui\00_message\npc\base\n0003.gmd,\npc\n0003.arc,n0003.arc,134,Klaus
0,,"フィンダムで起こったことを記録して
後世に残そうと思っているんだけど――","I want to record what happened in Phindym and
leave it for future generations to see—",ui\00_message\npc\base\n0003.gmd,\npc\n0003.arc,n0003.arc,100,Klaus
0,,"フィンダムを竜力が巡る仕組みは
こっちとは少し違うようだね","The mechanism of Dragon Force circulating around
Phindym seems to be a little different from here.",ui\00_message\npc\base\n0003.gmd,\npc\n0003.arc,n0003.arc,87,Klaus
0,,"メイリーフを連れ出したフードの女って
やっぱり彼女だよな――","The woman in the hood who took Mayleaf out... I
knew it was her.",ui\00_message\npc\base\n0003.gmd,\npc\n0003.arc,n0003.arc,30,Klaus
0,,"レオが匿っているという人と話せれば
もっと色々と分かるのだろうけど
今はそれよりも侵食魔退治だね
まったく、次から次へと――","If I could talk to the person Leo is hiding with,
I would probably understand more. But right now,
it's more about defeating the Corruption.
Seriously, it's one thing after another—",ui\00_message\npc\base\n0003.gmd,\npc\n0003.arc,n0003.arc,69,Klaus
0,,"レスタニアの命運は尽きる寸前だった――
あはは――今になって脚が震えるよ","Lestania's fate was on the brink of
exhaustion—Ahaha—My legs are trembling now.",ui\00_message\npc\base\n0003.gmd,\npc\n0003.arc,n0003.arc,133,Klaus
0,,"レスタニアは平和なものさ
気分転換に散歩でもどうだい？","Lestania is a peaceful place. How about taking a
walk for a change of mood?",ui\00_message\npc\base\n0003.gmd,\npc\n0003.arc,n0003.arc,120,Klaus
0,,"レスタニア中の海図がこの神殿に
集まることになっているんだ
船乗りたちと一緒に、その海図とにらめっこさ","The charts of all of Lestania are to be gathered
here in this temple. I'll be poring over them with
the sailors.",ui\00_message\npc\base\n0003.gmd,\npc\n0003.arc,n0003.arc,60,Klaus
0,,"ロイグが早くよくなることを祈るよ
まあ、ロイグのためというよりは
かなり利己的な理由だけどね","I hope Loeg gets better soon. Well, it's not so
much for Loeg's sake but rather for quite selfish
reasons.",ui\00_message\npc\base\n0003.gmd,\npc\n0003.arc,n0003.arc,74,Klaus
0,,"ロイグはガラダ族長たちのことを
快く思っていなかった
いや、逆恨みしていたという感じかな？","Loeg did not have a favorable opinion of the
Gearóid tribal leaders. No, it's more like he held
a grudge against them, I guess?",ui\00_message\npc\base\n0003.gmd,\npc\n0003.arc,n0003.arc,92,Klaus
0,,"不安と期待が入り交じるこの気持ち――
説明が難しいね","This feeling of anxiety, mixed with
anticipation—It's hard to explain.",ui\00_message\npc\base\n0003.gmd,\npc\n0003.arc,n0003.arc,6,Klaus
0,,"今のジョゼフ様は猜疑心の塊だよ
何を言い出しても驚かないことだね","Joseph is currently a bundle of suspicion. It's
not surprising no matter what he says.",ui\00_message\npc\base\n0003.gmd,\npc\n0003.arc,n0003.arc,117,Klaus
0,,"今のジョゼフ様は猜疑心の塊だよ
何を言い出しても驚かないことだね","Joseph is currently a bundle of suspicion. It's
not surprising no matter what he says.",ui\00_message\npc\base\n0003.gmd,\npc\n0003.arc,n0003.arc,118,Klaus
0,,"今は解放軍と一緒に王都奪回の戦いに
専念するのがいいと思うよ","I think it's best to focus on the battle to
recapture the Royal Capital with the Liberation
Army.",ui\00_message\npc\base\n0003.gmd,\npc\n0003.arc,n0003.arc,126,Klaus
0,,"今度の調査だって僕が行けば前回との
比較ができたのに――
意見も全然聞いてもらえないし――はぁ","If I were to go on this investigation, I would
have been able to compare it to the last time—but
I don't get listened to at all—sigh.",ui\00_message\npc\base\n0003.gmd,\npc\n0003.arc,n0003.arc,41,Klaus
0,,"今朝、ぶつけて爪が欠けてしまってね
嫌な予感がするんだ","I bumped it this morning and chipped a nail. I
have a bad feeling about this.",ui\00_message\npc\base\n0003.gmd,\npc\n0003.arc,n0003.arc,123,Klaus
0,,"他の人も思いは同じだと思うよ
つまり――
僕が言いたいのは、レオの後任は大変だけど
頑張ってくれってことさ","I think other people feel the same way. In other
words— What I want to say is, it's tough to be
Leo's successor, but I hope you will do your best.",ui\00_message\npc\base\n0003.gmd,\npc\n0003.arc,n0003.arc,58,Klaus
0,,"会議だなんて――
これは時間がかかるよ","A meeting? Oh, this is going to take some time.",ui\00_message\npc\base\n0003.gmd,\npc\n0003.arc,n0003.arc,36,Klaus
0,,"例の島をね、もっとよく調べようと思うんだ
戦いは一段落ついたのかもしれないけど
調査は何も終わってないからね","I think I'll continue to investigate that island
more thoroughly. Although the fighting may have
come to a halt, the investigation is far from
over.",ui\00_message\npc\base\n0003.gmd,\npc\n0003.arc,n0003.arc,70,Klaus
0,,"僕のことはジョゼフ様が一番よく知っている
はずなのに――","You know me better than anyone, Joseph. I should
have known...",ui\00_message\npc\base\n0003.gmd,\npc\n0003.arc,n0003.arc,43,Klaus
0,,"僕はね――もう後悔はしたくない
予兆には気づいていたのに――
遠慮する必要は何もなかったのに――","I don't—I don't want any more regrets. I knew the
signs were there. There was no need to hesitate...",ui\00_message\npc\base\n0003.gmd,\npc\n0003.arc,n0003.arc,46,Klaus
0,,"僕は君たちの一歩先のことを考えるとしよう
それが僕の仕事だよね？","Let's say I'm one step ahead of you guys That's
my job, right?",ui\00_message\npc\base\n0003.gmd,\npc\n0003.arc,n0003.arc,79,Klaus
0,,"僕は混乱の中で解決を模索するのが好きなんだ
つまり、この慌ただしさも僕の味方さ","I enjoy seeking solutions in the midst of
confusion. In other words, this busyness is also
on my side.",ui\00_message\npc\base\n0003.gmd,\npc\n0003.arc,n0003.arc,66,Klaus
0,,"僕は確かに錬金術師の末裔さ
でも、だからなんだと言うんだろうね","I am indeed a descendant of an alchemist, but so
what?",ui\00_message\npc\base\n0003.gmd,\npc\n0003.arc,n0003.arc,42,Klaus
0,,"僕も島に乗り込みたいと思っていたけど
まだ時期尚早のようだね
もう少し状況が落ち着くのを待つよ","I also wanted to join you on the island, but it
seems it's still too early. I'll wait a little
longer for the situation to settle down.",ui\00_message\npc\base\n0003.gmd,\npc\n0003.arc,n0003.arc,71,Klaus
0,,"僕も調査に行きたいんだよね――
でもここで騒ぐと余計に面倒な立場に
なってしまいそうだから我慢しているんだ","I want to go investigate too—but I'm holding back
because making a fuss here might put me in an even
more troublesome position.",ui\00_message\npc\base\n0003.gmd,\npc\n0003.arc,n0003.arc,39,Klaus
0,,"力だけで知識も経験も与えられなかったから
釣り合いが取れなくて――
いやいや、問題はそこじゃないか！","They gave no knowledge, no experience, just
power. There was no balance... No, no, no, that's
not the point!",ui\00_message\npc\base\n0003.gmd,\npc\n0003.arc,n0003.arc,146,Klaus
0,,"反省しています――はい
ああ、君か――また叱られるのかと思ったよ","I'm reflecting on it—yes. Oh, it's you—I thought
I was going to be scolded again.",ui\00_message\npc\base\n0003.gmd,\npc\n0003.arc,n0003.arc,19,Klaus
0,,可能な限り、いい顔でたのむよ,"Please do it with a smile, if possible.",ui\00_message\npc\base\n0003.gmd,\npc\n0003.arc,n0003.arc,104,Klaus
0,,"向こうとこっち――
立場は五分と五分――この考え方が
平和共存への道に繋がると思うんだ","Over there and here, The positions are evenly
split—I believe that this way of thinking Leads to
peaceful coexistence.",ui\00_message\npc\base\n0003.gmd,\npc\n0003.arc,n0003.arc,84,Klaus
0,,"君たちを助けるセシリーの竜力は
あくまでも仮初めの力
そう長くは続かないと思うよ","Cecily's Dragon Force, which helps you, is merely
a temporary power. I don't think it will last
long.",ui\00_message\npc\base\n0003.gmd,\npc\n0003.arc,n0003.arc,132,Klaus
0,,"君たち自身も希望なんだ
それを忘れないでくれ","You yourselves also have hope, Please do not
forget that.",ui\00_message\npc\base\n0003.gmd,\npc\n0003.arc,n0003.arc,114,Klaus
0,,"君だって、不安だろう？
早いところ、行った方がいいよ","You're worried, too, aren't you? You'd better get
there as soon as possible.",ui\00_message\npc\base\n0003.gmd,\npc\n0003.arc,n0003.arc,90,Klaus
0,,"君と雑談？
いいね！　よし、共通の話題を探そうよ","Having a little chat with you? 
Great! Okay, let's find something 
we have in common.",ui\00_message\npc\base\n0003.gmd,\npc\n0003.arc,n0003.arc,1,Klaus
0,,"君も協力してくれるよね？
もう結構長い付き合いだもの――
僕に野心がないことなんてわかってるだろ？","You'll also help me, right? We've been together
for quite a long time, after all... You know that
I don't have any ambitions, don't you?",ui\00_message\npc\base\n0003.gmd,\npc\n0003.arc,n0003.arc,51,Klaus
0,,"命は白竜様の役に立ったとしても
キースヒルトが知っていた知識、知恵――
全部消えてしまった","Even if the life was useful to Master White
Dragon, the knowledge, the wisdom that Kieshildt
knew—it's all gone.",ui\00_message\npc\base\n0003.gmd,\npc\n0003.arc,n0003.arc,34,Klaus
0,,"問題は、君とガルドリンが行ったという
島の場所だね","The problem is the location of the island you and
Gurdolin say you went to.",ui\00_message\npc\base\n0003.gmd,\npc\n0003.arc,n0003.arc,59,Klaus
0,,"回り道はあったけど、いよいよだね
良い報告を待っているよ","There was a detour, but now it's time. I'll be
waiting for good news!",ui\00_message\npc\base\n0003.gmd,\npc\n0003.arc,n0003.arc,95,Klaus
0,,"大海原に浮かぶ島を見つけるなんて
そう簡単じゃない","It's not easy to find an island floating in the
open sea.",ui\00_message\npc\base\n0003.gmd,\npc\n0003.arc,n0003.arc,61,Klaus
0,,"奪回した城を拠点に力を蓄えて
""悪しき竜""の討伐を目指すのだよね？","To gather strength at the recaptured castle and
aim to defeat the ""Evil Dragon,"" right?",ui\00_message\npc\base\n0003.gmd,\npc\n0003.arc,n0003.arc,121,Klaus
0,,"姿を消したとなると、何か深い事情が
あるんだろうね
解決可能なことだといいけど――","If he disappeared, there must have been some deep
reason behind it. I hope it's something that can
be resolved.",ui\00_message\npc\base\n0003.gmd,\npc\n0003.arc,n0003.arc,135,Klaus
0,,"将来の神官にふさわしいかどうか――
ノドから手が出るほど欲しい地位だったけど
今はどうかな――","Whether I am suitable to be a future priest—
Although I desired the position so much that I
would give my right arm for it, I wonder now, how
about it—",ui\00_message\npc\base\n0003.gmd,\npc\n0003.arc,n0003.arc,64,Klaus
0,,"島が見つかってホッとしているよ
肩の荷が下りたというかね
ここだけの話――
ジョゼフ様は僕を試しているね","I feel relieved that the island has been found.
It's like a burden has been lifted off my
shoulders. Just between you and me— Master Joseph
is testing me.",ui\00_message\npc\base\n0003.gmd,\npc\n0003.arc,n0003.arc,63,Klaus
0,,"島に現れた魔物はこれまでの侵食魔とは
かなり様子が違うとか？","I hear the monsters that appeared on the island
are considerably different from the previous
Corruption?",ui\00_message\npc\base\n0003.gmd,\npc\n0003.arc,n0003.arc,72,Klaus
0,,"島の調査は引き続きやっているよ
いい報告ができればいいんだけど
少々魔物が多くてね","We are still conducting investigations on the
island. I hope we can make a good report, but
there are quite a few monsters.",ui\00_message\npc\base\n0003.gmd,\npc\n0003.arc,n0003.arc,67,Klaus
0,,"嵐の中を出かけていった騎士たちには
頭が下がるよ","To the knights who went out into the storm, I
salute you.",ui\00_message\npc\base\n0003.gmd,\npc\n0003.arc,n0003.arc,55,Klaus
0,,"常識にとらわれないこと
それが、平凡を非凡に変えるんだ","Thinking outside the box. 
That's what transforms
ordinary into extraordinary.",ui\00_message\npc\base\n0003.gmd,\npc\n0003.arc,n0003.arc,5,Klaus
0,,"思い立ったら、すぐに行動！
待っていても発見は無いからね","When you have an idea, act on it 
immediately! 
You won't find anything if you wait.",ui\00_message\npc\base\n0003.gmd,\npc\n0003.arc,n0003.arc,9,Klaus
0,,"悔しいなあ
僕には知らないことがいっぱいある
それを思い知らされて――
ああ、悔しいよ","It's frustrating. There are so many things I
don't know. Being reminded of that... Ah, it's
frustrating.",ui\00_message\npc\base\n0003.gmd,\npc\n0003.arc,n0003.arc,78,Klaus
0,,"悪いね
ついついレオのことを考えてしまうんだ
こんな時にどうして留守なんだってね","It's bad, isn't it? I can't help but think about
Leo. Why is he absent at a time like this?",ui\00_message\npc\base\n0003.gmd,\npc\n0003.arc,n0003.arc,57,Klaus
0,,"早くアッカーシェランへ向かった方がいいよ
状況は王子の動き次第で変わるんだから","It would be better to quickly head towards Acre
Selund; the situation can change depending on the
prince's movements.",ui\00_message\npc\base\n0003.gmd,\npc\n0003.arc,n0003.arc,144,Klaus
0,,時は来た――だね,The time has come—right?,ui\00_message\npc\base\n0003.gmd,\npc\n0003.arc,n0003.arc,52,Klaus
0,,本格的な城攻めを前にしての休暇かな？,Is it a vacation before a serious castle attack?,ui\00_message\npc\base\n0003.gmd,\npc\n0003.arc,n0003.arc,119,Klaus
0,,"次は覚者の番だね
くれぐれも、気をつけて","Next is the turn of the Arisen, Please be careful.",ui\00_message\npc\base\n0003.gmd,\npc\n0003.arc,n0003.arc,56,Klaus
0,,"気づいていたのに――
イリスは少し変わったなって
気づいていたんだ",I had noticed—that Iris had changed a little.,ui\00_message\npc\base\n0003.gmd,\npc\n0003.arc,n0003.arc,44,Klaus
0,,"浄化は始まっているんだろう？
進捗状況が気になるところだね","I assume the purification has begun? I'm curious
to see the progress.",ui\00_message\npc\base\n0003.gmd,\npc\n0003.arc,n0003.arc,96,Klaus
0,,"火垂れ山は""悪しき竜""の住み処だよね","Firefall Mountain is the dwelling place of the
""Evil Dragon,"" right?",ui\00_message\npc\base\n0003.gmd,\npc\n0003.arc,n0003.arc,140,Klaus
0,,王子には何か目的があるのだろうけど――,"I'm sure the prince has a purpose, but—",ui\00_message\npc\base\n0003.gmd,\npc\n0003.arc,n0003.arc,138,Klaus
0,,"王都の戦いが終わらないと
落ち着かないよね","I can't calm down until the battle in the Royal
Capital is over.",ui\00_message\npc\base\n0003.gmd,\npc\n0003.arc,n0003.arc,125,Klaus
0,,"盗賊と言えば荒くれ者と相場が決まっている
本拠地に乗り込むんだから
言動には気をつけて","When it comes to thieves, they are often
considered rough individuals. Since we are
infiltrating their headquarters, be careful with
your words and actions.",ui\00_message\npc\base\n0003.gmd,\npc\n0003.arc,n0003.arc,107,Klaus
0,,"盗賊の次はオークの本拠地だって？
君たちはそっちの方が慣れているかな","Next is the orc's stronghold, huh? I wonder if
you guys are more familiar with that.",ui\00_message\npc\base\n0003.gmd,\npc\n0003.arc,n0003.arc,109,Klaus
0,,空から降ってきた巨大な石碑――,A gigantic stone monument fell from the sky...,ui\00_message\npc\base\n0003.gmd,\npc\n0003.arc,n0003.arc,17,Klaus
0,,"竜と樹が循環と浄化を分け合っているというか――
竜への異存が少ないということなのかなあ","I wonder if it means that the dragon and the tree
are sharing circulation and purification—or maybe
it means that there is little objection towards
the dragon.",ui\00_message\npc\base\n0003.gmd,\npc\n0003.arc,n0003.arc,88,Klaus
0,,"考え得る対策を書きだして
とにかく吟味する","Write down all possible measures and thoroughly
scrutinize them.",ui\00_message\npc\base\n0003.gmd,\npc\n0003.arc,n0003.arc,127,Klaus
0,,"聞くところによると、セシリーのお父さんは
戦士でもなんでもない、普通の人らしいね","According to what I've heard, Cecily's father is
not a warrior or anything, he seems to be an
ordinary person.",ui\00_message\npc\base\n0003.gmd,\npc\n0003.arc,n0003.arc,89,Klaus
0,,行ったり来たり、ご苦労だね,"Going back and forth, you've had it tough.",ui\00_message\npc\base\n0003.gmd,\npc\n0003.arc,n0003.arc,142,Klaus
0,,"覚悟はしていたけどね――
いやいや、挫けてなるものか！","I was prepared, you know— No, no, I will not be
deterred!",ui\00_message\npc\base\n0003.gmd,\npc\n0003.arc,n0003.arc,62,Klaus
0,,"覚者が一緒じゃないと戻ってこられないから
君たち、その時はよろしくたのむよ","I cannot return without the Arisen being present,
so I ask you all to take care of me at that time.",ui\00_message\npc\base\n0003.gmd,\npc\n0003.arc,n0003.arc,99,Klaus
0,,覚者じゃないこの身が恨めしいよ,"This body that is not an Arisen is filled with
resentment.",ui\00_message\npc\base\n0003.gmd,\npc\n0003.arc,n0003.arc,82,Klaus
0,,"覚者と騎士団の反目に巻き込まれて
僕は処世術を学んだんだ","I learned the art of worldly wisdom being caught
up in the conflict between the Arisen and the
knights.",ui\00_message\npc\base\n0003.gmd,\npc\n0003.arc,n0003.arc,13,Klaus
0,,"解放軍はここに来てずいぶん敵を
刺激したからね
反撃は覚悟しないと","The Liberation Army has certainly stimulated the
enemy since they have arrived here. We must be
prepared for counterattacks.",ui\00_message\npc\base\n0003.gmd,\npc\n0003.arc,n0003.arc,106,Klaus
0,,"誰が与えたか――与えなかったのか――
考えるべきなのは背後にいたのは
誰かって話だよね","Who gave -- or didn't give -- What we should be
thinking about is who was behind it",ui\00_message\npc\base\n0003.gmd,\npc\n0003.arc,n0003.arc,147,Klaus
0,,"謎の騎士の話題で持ちきりだね
正体はどうあれ、強敵に違いないから
万事準備怠りなく、だよ？","The topic of the mysterious knight is all the
buzz, right? Regardless of their identity, they
are definitely a formidable opponent. So, let's
prepare ourselves for anything, okay?",ui\00_message\npc\base\n0003.gmd,\npc\n0003.arc,n0003.arc,124,Klaus
0,,"逐次攻略というか各個撃破というか
物事はひとつずつ解決するのが良策だと
主張する人もいるけどね――","Rather than calling it a step-by-step strategy,
it's more like defeating each individual. Some
people argue that it's best to solve things one by
one, but I'm not sure that it's a good idea.",ui\00_message\npc\base\n0003.gmd,\npc\n0003.arc,n0003.arc,65,Klaus
0,,"道のりはまだまだありそうだから
じっくり行かないとね","The journey seems to still have a long way to go,
so we must proceed carefully.",ui\00_message\npc\base\n0003.gmd,\npc\n0003.arc,n0003.arc,122,Klaus
0,,"適材適所って言うだろ？
そう、僕は武ではなく、知で攻めるのさ","You know what they say about the 
right person for the right job? 
Yes, I attack with wisdom, not
military prowess.",ui\00_message\npc\base\n0003.gmd,\npc\n0003.arc,n0003.arc,4,Klaus
0,,"頼むよ――
黒騎士の剣を取り戻して","Please, I beg you—Retrieve the sword of The Black
Knight.",ui\00_message\npc\base\n0003.gmd,\npc\n0003.arc,n0003.arc,130,Klaus
0,,"騎士団が時々掃討作戦を展開しているから
まあ、気長にね――
ああ気長！　僕たちの苦手なやつだよね
くう――","Because the Knights sometimes conduct sweeps
Well, be patient— Oh, patience! We're not very
good at that. (sigh)",ui\00_message\npc\base\n0003.gmd,\npc\n0003.arc,n0003.arc,68,Klaus
0,,"黒騎士と魔物の関係という観点から見ると
新手の方が、より黒騎士に近い存在という
ことかなあ","From the perspective of the relationship between
the Black Knight and monsters, it could be said
that the newcomer is a presence closer to the
Black Knight.",ui\00_message\npc\base\n0003.gmd,\npc\n0003.arc,n0003.arc,73,Klaus
0,,"――うむ
これで各地のエリアとおまえの結び付きは
より強固なものとなるだろう","This will strengthen the connection between each
area and yourself",ui\00_message\npc\base\n0004.gmd,\npc\n0004.arc,n0004.arc,225,Joseph
0,,"――これで
アビリティは無事、解放されたようだぞ","――It seems that the abilities have been
successfully unlocked.",ui\00_message\npc\base\n0004.gmd,\npc\n0004.arc,n0004.arc,210,Joseph
0,,"――これで
転移の礎は無事、解放されたようだ","――With this, it seems that the Portcrystals have
been successfully unlocked.",ui\00_message\npc\base\n0004.gmd,\npc\n0004.arc,n0004.arc,226,Joseph
0,,"――これはすまぬ
そのジョブには《「LV.80」成長の宝珠》は
効果が無いのだ
別のジョブで考え直してみてくれ","--Sorry about this
The 《「LV.80」Orb of Growth》 has no
effect on that job.
Think again with a different job.",ui\00_message\npc\base\n0004.gmd,\npc\n0004.arc,n0004.arc,155,Joseph
0,,――さて、この宝珠の力を解放するか？,"Now then, should we unleash the power of this orb?",ui\00_message\npc\base\n0004.gmd,\npc\n0004.arc,n0004.arc,183,Joseph
0,,"――よろしい
無事、スキルが解放されたようだぞ","――Alright.
It appears that the skill has been unlocked
successfully.",ui\00_message\npc\base\n0004.gmd,\npc\n0004.arc,n0004.arc,209,Joseph
0,,"――よろしい
無事、レベルがあがったようだぞ","-- Good.
Looks like you're safe and leveled up.",ui\00_message\npc\base\n0004.gmd,\npc\n0004.arc,n0004.arc,208,Joseph
0,,"――気付いているだろうが
このジョブはすでにLV.80に達しているな
レベルアップの効果が無駄になってしまうが
それでも宝珠を使うのか？","I guess you've noticed,
but this job has already reached level 80.
The effects of leveling up would be wasted,
but are you still going to use the treasure?",ui\00_message\npc\base\n0004.gmd,\npc\n0004.arc,n0004.arc,162,Joseph
0,,"""悪しき竜""が絶望の大陸と呼んだ
アッカーシェランの状況は大いに変わった","The ""Evil Dragon"" referred to as the Land of
Despair.
The situation of Acre Selund has greatly changed.",ui\00_message\npc\base\n0004.gmd,\npc\n0004.arc,n0004.arc,125,Joseph
0,,"""悪しき竜""といい黒い騎士といい
姿を見せずに我々を翻弄するとは――
なんと卑劣な者たちだ","""Evil Dragon"" and the black knight, for that
matter,
To manipulate us without showing their true forms—
How despicable these individuals are.",ui\00_message\npc\base\n0004.gmd,\npc\n0004.arc,n0004.arc,128,Joseph
0,,"""悪しき竜""の言葉を文字通りに信じても
良いのだろうか","Can we take the words of the ""Evil Dragon""
literally?
I don't know if I believe it.",ui\00_message\npc\base\n0004.gmd,\npc\n0004.arc,n0004.arc,117,Joseph
0,,"""悪しき竜""の言葉を文字通りに信じても
良いのだろうか","Can we take the words of the ""Evil Dragon""
literally?
I don't know if I believe it.",ui\00_message\npc\base\n0004.gmd,\npc\n0004.arc,n0004.arc,119,Joseph
0,,"""悪しき竜""の討伐が解放軍の目的とすれば
次はいかなる道を進むのか――","If the goal of the Liberation Army is to defeat
the ""evil dragon,""
what path will it take next?",ui\00_message\npc\base\n0004.gmd,\npc\n0004.arc,n0004.arc,109,Joseph
0,,"""悪しき竜""め！
アッカーシェランの次はこのレスタニア――","""Evil Dragon,"" beware!
After Acre Selund, is Lestania--",ui\00_message\npc\base\n0004.gmd,\npc\n0004.arc,n0004.arc,115,Joseph
0,,"《<VAL>》
この宝珠の力を解放するか？","《<VAL>》
Will you release the power of this treasure?",ui\00_message\npc\base\n0004.gmd,\npc\n0004.arc,n0004.arc,194,Joseph
0,,"《<VAL>》
この宝珠の力を解放するか？","《<VAL>》
Will you release the power of this treasure?",ui\00_message\npc\base\n0004.gmd,\npc\n0004.arc,n0004.arc,216,Joseph
0,,"《原始の雫》の到着を座して待つのも
手持ちぶさただろう
さあ、フィンダムへ行って、手伝ってやりなさい","However, the decision is still up to you. As much
as I can hope, I can only hope.",ui\00_message\npc\base\n0004.gmd,\npc\n0004.arc,n0004.arc,87,Joseph
0,,"《竜力の継承》には何の影響もないが
前途を祝して、宝珠の力を解放しておくか
力は大地を巡り、またいつの日か
おまえの元へ戻ろう","While there is no effect on 《Dragon Force
Augmentation》,
In celebration of the future, should we release
the power of the jewel?
The power will revolve around the land and one
day,
it will return to you.",ui\00_message\npc\base\n0004.gmd,\npc\n0004.arc,n0004.arc,179,Joseph
0,,あぁ――疑念の沼は底なしだな,Ah--the swamp of doubt is bottomless.,ui\00_message\npc\base\n0004.gmd,\npc\n0004.arc,n0004.arc,118,Joseph
0,,あぁ――疑念の沼は底なしだな,Ah--the swamp of doubt is bottomless.,ui\00_message\npc\base\n0004.gmd,\npc\n0004.arc,n0004.arc,120,Joseph
0,,"ああ、すまない
考えごとをしていてな","Ah, sorry. I was lost in thought.",ui\00_message\npc\base\n0004.gmd,\npc\n0004.arc,n0004.arc,14,Joseph
0,,いいえ,No,ui\00_message\npc\base\n0004.gmd,\npc\n0004.arc,n0004.arc,153,Joseph
0,,いいえ,No,ui\00_message\npc\base\n0004.gmd,\npc\n0004.arc,n0004.arc,164,Joseph
0,,いいえ,No,ui\00_message\npc\base\n0004.gmd,\npc\n0004.arc,n0004.arc,167,Joseph
0,,いいえ,No,ui\00_message\npc\base\n0004.gmd,\npc\n0004.arc,n0004.arc,170,Joseph
0,,いいえ,No,ui\00_message\npc\base\n0004.gmd,\npc\n0004.arc,n0004.arc,176,Joseph
0,,いいえ,No,ui\00_message\npc\base\n0004.gmd,\npc\n0004.arc,n0004.arc,185,Joseph
0,,いいえ,No,ui\00_message\npc\base\n0004.gmd,\npc\n0004.arc,n0004.arc,189,Joseph
0,,いいえ,No,ui\00_message\npc\base\n0004.gmd,\npc\n0004.arc,n0004.arc,196,Joseph
0,,いいえ,No,ui\00_message\npc\base\n0004.gmd,\npc\n0004.arc,n0004.arc,200,Joseph
0,,いいえ,No,ui\00_message\npc\base\n0004.gmd,\npc\n0004.arc,n0004.arc,203,Joseph
0,,いいえ,No,ui\00_message\npc\base\n0004.gmd,\npc\n0004.arc,n0004.arc,206,Joseph
0,,いいえ,No,ui\00_message\npc\base\n0004.gmd,\npc\n0004.arc,n0004.arc,218,Joseph
0,,いいえ,No,ui\00_message\npc\base\n0004.gmd,\npc\n0004.arc,n0004.arc,222,Joseph
0,,"いったい何故セシリーが狙われねば
ならんのだ",Why on earth is Cecily being targeted?,ui\00_message\npc\base\n0004.gmd,\npc\n0004.arc,n0004.arc,63,Joseph
0,,"いや、もちろん、歌い、食べ、大いに語るのもよい
好きにしなさい
多少のことは多めに見よう","No, of course, it's good to sing, eat, and talk a
lot.
Do as you like.
Let's consider even the small things a little
more.",ui\00_message\npc\base\n0004.gmd,\npc\n0004.arc,n0004.arc,135,Joseph
0,,"いや、わたしだって、驚いているし
胸も痛む――","No, even I am surprised and my heart hurts --",ui\00_message\npc\base\n0004.gmd,\npc\n0004.arc,n0004.arc,36,Joseph
0,,"いやはや――
この事件を記録に残さねばならないが","Well, well...
I must record this incident.",ui\00_message\npc\base\n0004.gmd,\npc\n0004.arc,n0004.arc,147,Joseph
0,,"いやはや――
まったく――","I understand the nature of the conversation--
What you want is not just information but the
truth itself, isn't it?",ui\00_message\npc\base\n0004.gmd,\npc\n0004.arc,n0004.arc,76,Joseph
0,,"おかしなものだ――
エルフはメイリーフだけではないと知ってから
心の隅で安心していた部分がある――","It's strange-- Ever since I discovered that there
are other elves besides Mayleaf, there has been a
sense of relief in the back of my mind.",ui\00_message\npc\base\n0004.gmd,\npc\n0004.arc,n0004.arc,39,Joseph
0,,"おまえが持ってきたこの宝珠
篭められた力を解放することで
より冒険がしやすくなるというものだ","The Orb that you brought with you is said to make
it easier to embark on adventures by unleashing
its hidden power.",ui\00_message\npc\base\n0004.gmd,\npc\n0004.arc,n0004.arc,181,Joseph
0,,"おまえたちも同じだろうが、わたしの頭の中は
黒い鎧の騎士でいっぱいだ","You guys are the same, right? But inside my head,
it's filled with black-clad knights.",ui\00_message\npc\base\n0004.gmd,\npc\n0004.arc,n0004.arc,127,Joseph
0,,"おまえたちも忙しいだろうが
気にしてみてくれ","The rest is the role of the one who awakens The
White Dragon and the responsibility of the Arisen.",ui\00_message\npc\base\n0004.gmd,\npc\n0004.arc,n0004.arc,92,Joseph
0,,"おまえたち覚者の力こそ
我々に残された希望だ","The power of you Arisen is our last
remaining hope in this world.",ui\00_message\npc\base\n0004.gmd,\npc\n0004.arc,n0004.arc,2,Joseph
0,,"おまえはけして間違えない
ああ、信じているとも","You will never make a mistake Ah, I believe in you",ui\00_message\npc\base\n0004.gmd,\npc\n0004.arc,n0004.arc,53,Joseph
0,,"おまえはすでに多くのエリアに貢献している
この宝珠の力を解放したところで
さしたる効果は得られないかもしれぬ
それでも、この宝珠の力を解放してもよいか？","You have already contributed to many areas.
Even if the power of this Orb is released,
there may not be any significant effect obtained.
Nevertheless, may I release the power of this Orb?",ui\00_message\npc\base\n0004.gmd,\npc\n0004.arc,n0004.arc,220,Joseph
0,,"おまえも忙しくなるだろうから休める時には
休んでおくことだ","You'll be busy too, so when you can take a break,
take it.",ui\00_message\npc\base\n0004.gmd,\npc\n0004.arc,n0004.arc,24,Joseph
0,,こうなると奴の沈黙が不気味だな,"When it comes to this, his silence is eerie.",ui\00_message\npc\base\n0004.gmd,\npc\n0004.arc,n0004.arc,126,Joseph
0,,"ここに持ってきたということは
今、この宝珠の竜力を解放してもよいのか？","Does bringing it here mean that I am now allowed
to unleash the Dragon Force contained within this
jewel?",ui\00_message\npc\base\n0004.gmd,\npc\n0004.arc,n0004.arc,174,Joseph
0,,"こちらのことは何も心配するな
それから――
フィンダムの住民と接触する時は
威厳を忘れずにな","Don't forget to consider the lives of the
citizens.",ui\00_message\npc\base\n0004.gmd,\npc\n0004.arc,n0004.arc,83,Joseph
0,,"この宝珠の力を解放したところで
さしたる効果は得られないかもしれぬ
それでも、この宝珠の力を解放してもよいか？","Even if the power of this Orb is released,
there may not be any significant effect obtained.
Nevertheless, may I release the power of this Orb?",ui\00_message\npc\base\n0004.gmd,\npc\n0004.arc,n0004.arc,187,Joseph
0,,"この宝珠の力を解放したところで
転移の礎に何の影響もないが
それでも、この宝珠の力を解放してもよいか？","Even if the power of this Orb is released,
it will have no effect on the Portcrystals.
Nevertheless, may I release the power of this Orb?",ui\00_message\npc\base\n0004.gmd,\npc\n0004.arc,n0004.arc,223,Joseph
0,,"この宝珠は自らの力で腕を磨いたおまえには
不要なものだったようだ
まさに覚者の鑑よ","It seems that this orb was unnecessary for you,
who has polished your skills on your own. Truly,
you are an Arisen.",ui\00_message\npc\base\n0004.gmd,\npc\n0004.arc,n0004.arc,178,Joseph
0,,この期に及んでいったい何事だろうな,What on earth is going on at this point?,ui\00_message\npc\base\n0004.gmd,\npc\n0004.arc,n0004.arc,137,Joseph
0,,"この状況――
これまでの経緯を思えば王子に悪意が
あるとは思えない","Given the situation ―― considering the previous
circumstances, it is hard to believe that the
prince has any ill intentions.",ui\00_message\npc\base\n0004.gmd,\npc\n0004.arc,n0004.arc,140,Joseph
0,,"これでこのジョブのアビリティも
特殊なもの以外は全ておまえのものとなったぞ","Now all the abilities of this job
are yours, except for the special ones!",ui\00_message\npc\base\n0004.gmd,\npc\n0004.arc,n0004.arc,159,Joseph
0,,"これは――このまま
《<VAL>》
を使っても、開放するアビリティは無いようだぞ
それでも、今のジョブで宝珠を使うのか？","This... even if you use the《<VAL>》as is, it seems
there are no usable abilities. Are you going to
use the orb with your current job?",ui\00_message\npc\base\n0004.gmd,\npc\n0004.arc,n0004.arc,204,Joseph
0,,"これは――このまま《「LV.80」成長の宝珠》を
使っても、効果のあるアビリティは無いようだぞ
今のジョブで宝珠を使うのか？","This... even if you use the 《「LV.80」Orb of
Growth》 at this level, it seems there are no
abilities to be raised.
Are you going to use the orb with your current
job?",ui\00_message\npc\base\n0004.gmd,\npc\n0004.arc,n0004.arc,168,Joseph
0,,これは吉兆だ――良きことが始まる――,This is a good omen - good things are beginning.,ui\00_message\npc\base\n0004.gmd,\npc\n0004.arc,n0004.arc,98,Joseph
0,,"これは強い竜力が篭められた宝珠だな
この宝珠の力を解放して白竜に捧げれば
おまえの《竜力の継承》は完全なものとなるだろう","This is a jewel imbued with strong Dragon Force.
If you offer it to the White Dragon, your 《Dragon
Force Augmentation》 will become complete.",ui\00_message\npc\base\n0004.gmd,\npc\n0004.arc,n0004.arc,173,Joseph
0,,"これほどの嵐――
史書の編纂が始まって以来なかったことだ
後世のために、詳細な記録を
残しておかねば","Such a storm―― It has never happened since the
beginning of the compilation of historical
records. For future generations, detailed records
must be kept.",ui\00_message\npc\base\n0004.gmd,\npc\n0004.arc,n0004.arc,58,Joseph
0,,"これを使えば、今のジョブの
スキルやアビリティを
解放することができる","By using this, you will be able to unlock the
skills and abilities of your current job.",ui\00_message\npc\base\n0004.gmd,\npc\n0004.arc,n0004.arc,215,Joseph
0,,"これを使えば、今のジョブをLV.80に上げ
スキルやアビリティに関しても、特殊なもの以外
上限まで引き上げることができる
――もちろん、ジョブポイントも上限まで貯まる","With this, you can raise your current job to
level 80.
You can also raise the limit for skills and
abilities, except for special ones.
And of course, job points can be accumulated up
to the new limit.",ui\00_message\npc\base\n0004.gmd,\npc\n0004.arc,n0004.arc,150,Joseph
0,,"これを使えば、今のジョブを上げ
スキルやアビリティに関しても、特殊なもの以外
上限まで引き上げることができる","With this, you can raise your current job
and your skills and abilities to the
maximum, except for special ones.",ui\00_message\npc\base\n0004.gmd,\npc\n0004.arc,n0004.arc,193,Joseph
0,,"これを持ってきたということは、今のジョブで
《「LV.80」成長の宝珠》を使うのか？","If you brought this, does that mean you will use
《「LV.80」Orb of Growth》 with your current job?",ui\00_message\npc\base\n0004.gmd,\npc\n0004.arc,n0004.arc,151,Joseph
0,,"こんなことを言うとまた嫌われるのだろうが
アッカーシェラン側が口裏を合わせて
我々を騙そうとしている可能性も
皆無ではない","I may be disliked again for saying this, but
there is a possibility that Acre Selund is
conspiring and trying to deceive us.",ui\00_message\npc\base\n0004.gmd,\npc\n0004.arc,n0004.arc,138,Joseph
0,,"ごくろうだったな
ゆっくりと休んでくれ","You've worked hard.
Please take a rest.",ui\00_message\npc\base\n0004.gmd,\npc\n0004.arc,n0004.arc,134,Joseph
0,,"さあ、メルゴダへ行くんだ
向こうで誰と話――誰と戦うか
それは自分で決めればいい","Now, you're going to Mergoda. Who to talk to over
there - who to fight. You should decide that for
yourself.",ui\00_message\npc\base\n0004.gmd,\npc\n0004.arc,n0004.arc,52,Joseph
0,,"さあ、今のうちに休んだり装備を見直したり――
いよいよ決戦だぞ","Now, while you're at it, get some rest and review
your equipment-- It's time for the showdown!",ui\00_message\npc\base\n0004.gmd,\npc\n0004.arc,n0004.arc,55,Joseph
0,,"さあ、早くフィンダムに行ってやれ
無事を信じているとはいえ、ガルドリンの安否も
気になるところだ","I have no words, nothing I can do, but pray for
your safety.",ui\00_message\npc\base\n0004.gmd,\npc\n0004.arc,n0004.arc,84,Joseph
0,,"さあ、行け覚者よ
白竜様の加護があらんことを――","Now, go forth, Arisen
May you be blessed by the White Dragon's grace.",ui\00_message\npc\base\n0004.gmd,\npc\n0004.arc,n0004.arc,211,Joseph
0,,"しかし――
もう少し仕える者たちを大切にせねば
国を治めるのは難しいだろうな","However...
If we do not value and appreciate those who serve
us a little more,
it will be difficult to govern the country.",ui\00_message\npc\base\n0004.gmd,\npc\n0004.arc,n0004.arc,141,Joseph
0,,"しかし、敵に心奪われた者をこれまでどおり
信頼するわけにもいくまい","However, I cannot continue to trust someone who
has been swayed by the enemy as before.",ui\00_message\npc\base\n0004.gmd,\npc\n0004.arc,n0004.arc,37,Joseph
0,,"しかしそろそろおまえたちだけでも
気持ちを竜退治に切り替えた方が
良いのかもしれんぞ","However, perhaps it would be better for just you
guys to start shifting your feelings towards
defeating the dragon.",ui\00_message\npc\base\n0004.gmd,\npc\n0004.arc,n0004.arc,143,Joseph
0,,"しばらくは、おまえたちの判断で
臨機応変に対応してくれ","For a while, please handle things flexibly and
adapt as you see fit.",ui\00_message\npc\base\n0004.gmd,\npc\n0004.arc,n0004.arc,102,Joseph
0,,"すべての《竜力の継承》が終わったぞ
どのような力を得たのか、確認してみなさい","All the 《Dragon Force Augmentation》 have been
completed. Confirm what kind of power you have
obtained!",ui\00_message\npc\base\n0004.gmd,\npc\n0004.arc,n0004.arc,180,Joseph
0,,"すべての《竜力の継承》が終わったぞ
どのような力を得たのか、確認してみなさい","All the 《Dragon Force Augmentation》 have been
completed. Confirm what kind of power you have
obtained!",ui\00_message\npc\base\n0004.gmd,\npc\n0004.arc,n0004.arc,224,Joseph
0,,"そういえば、おまえはすでに
かなりの礎に触れ、エリアに貢献して
きたのではないか？","Come to think of it, you've already touched
quite a few Portcrystals and contributed
to the area, haven't you?",ui\00_message\npc\base\n0004.gmd,\npc\n0004.arc,n0004.arc,186,Joseph
0,,"そうか
おまえが納得しているのなら
わたしからこれ以上言うことはない","I see. If you're satisfied, I have nothing more
to say.",ui\00_message\npc\base\n0004.gmd,\npc\n0004.arc,n0004.arc,171,Joseph
0,,"そうか
おまえが納得しているのなら
わたしからこれ以上言うことはない","I see. If you're satisfied, I have nothing more
to say.",ui\00_message\npc\base\n0004.gmd,\npc\n0004.arc,n0004.arc,207,Joseph
0,,"そうか
貴重な物だからな
じっくり考えて使うといい","I see.
It's valuable, so be sure to think carefully and
use it.",ui\00_message\npc\base\n0004.gmd,\npc\n0004.arc,n0004.arc,154,Joseph
0,,"そうか
貴重な物だからな
じっくり考えて使うといい","I see.
It's valuable, so be sure to think carefully and
use it.",ui\00_message\npc\base\n0004.gmd,\npc\n0004.arc,n0004.arc,213,Joseph
0,,"そう信じているのだが、戦ってばかりでは
事態の把握は不可能
やはり戦力の分割は避けられぬわ","I believe that if we keep fighting all the time,
it will be impossible to grasp the situation. I
still cannot avoid the division of forces.",ui\00_message\npc\base\n0004.gmd,\npc\n0004.arc,n0004.arc,65,Joseph
0,,"それが狙いだというのなら
思い上がりも甚だしいわい","If that's your intention,
it's extremely presumptuous.",ui\00_message\npc\base\n0004.gmd,\npc\n0004.arc,n0004.arc,116,Joseph
0,,"それでは、宝珠の力を解放しよう
――心を静かに、目を閉じるがよい","Now, let us release the power of the Orb. Quiet
your mind and close your eyes.",ui\00_message\npc\base\n0004.gmd,\npc\n0004.arc,n0004.arc,172,Joseph
0,,"それでは宝珠の力を解放しよう
――心を静かに、目を閉じるがよい","Now let us release the power of the Orb
--Quiet your mind and close your eyes.",ui\00_message\npc\base\n0004.gmd,\npc\n0004.arc,n0004.arc,156,Joseph